record_id,species,ifbluurhok,year,exclusion_reason
185,Amanita citrina,d7-41-12,NA,year_missing_or_unparseable
203,Amanita citrina,d6-46-23,NA,year_missing_or_unparseable
376,Amanita citrina,d5-45-31,NA,year_missing_or_unparseable
377,Amanita citrina,e5-13-34,NA,year_missing_or_unparseable
466,Amanita citrina,e3-12-0,NA,year_missing_or_unparseable
467,Amanita citrina,d3-24-0,NA,year_missing_or_unparseable
468,Amanita citrina,d2-38-0,NA,year_missing_or_unparseable
470,Amanita citrina,d6-41-0,NA,year_missing_or_unparseable
550,Amanita citrina,e2-28-0,NA,year_missing_or_unparseable
593,Amanita citrina,j6-22-20,NA,year_missing_or_unparseable
594,Amanita citrina,j5-58-31,NA,year_missing_or_unparseable
595,Amanita citrina,j6-54-31,NA,year_missing_or_unparseable
596,Amanita citrina,j6-54-10,NA,year_missing_or_unparseable
597,Amanita citrina,j6-35-10,NA,year_missing_or_unparseable
715,Amanita citrina,j5-57-42,NA,year_missing_or_unparseable
716,Amanita citrina,j6-41-30,NA,year_missing_or_unparseable
717,Amanita citrina,j6-52-10,NA,year_missing_or_unparseable
718,Amanita citrina,j5-58-11,NA,year_missing_or_unparseable
719,Amanita citrina,j5-58-14,NA,year_missing_or_unparseable
720,Amanita citrina,j6-47-43,NA,year_missing_or_unparseable
721,Amanita citrina,j6-34-0,NA,year_missing_or_unparseable
1144,Amanita citrina f. alba,d5-45-31,NA,year_missing_or_unparseable
1292,Amanita citrina f. alba,j6-52-10,NA,year_missing_or_unparseable
1293,Amanita citrina f. alba,j6-22-20,NA,year_missing_or_unparseable
1294,Amanita citrina f. alba,j6-54-31,NA,year_missing_or_unparseable
1365,Amanita citrina f. alba,j5-57-0,NA,year_missing_or_unparseable
1592,Amanita crocea,j6-47-43,NA,year_missing_or_unparseable
1593,Amanita crocea,g7-13-0,NA,year_missing_or_unparseable
1617,Amanita echinocephala,j6-34-40,NA,year_missing_or_unparseable
1618,Amanita echinocephala,j6-15-10,NA,year_missing_or_unparseable
1623,Amanita echinocephala,e4-38-0,NA,year_missing_or_unparseable
1624,Amanita echinocephala,d5-51-0,NA,year_missing_or_unparseable
1637,Amanita eliae,j5-58-31,NA,year_missing_or_unparseable
1641,Amanita eliae,a0-00-0,NA,year_missing_or_unparseable
1895,Amanita excelsa,j6-25-30,NA,year_missing_or_unparseable
1896,Amanita excelsa,j6-54-31,NA,year_missing_or_unparseable
1998,Amanita excelsa,j6-52-10,NA,year_missing_or_unparseable
1999,Amanita excelsa,j5-58-14,NA,year_missing_or_unparseable
2000,Amanita excelsa,j6-47-43,NA,year_missing_or_unparseable
2155,Amanita franchetii,e5-33-31,NA,year_missing_or_unparseable
2160,Amanita franchetii,d3-42-0,NA,year_missing_or_unparseable
2162,Amanita franchetii,j5-58-14,NA,year_missing_or_unparseable
2237,Amanita fulva,a5-45-43,NA,year_missing_or_unparseable
2368,Amanita fulva,d5-45-31,NA,year_missing_or_unparseable
2420,Amanita fulva,d6-36-44,NA,year_missing_or_unparseable
2580,Amanita fulva,j6-54-31,NA,year_missing_or_unparseable
2581,Amanita fulva,j6-25-30,NA,year_missing_or_unparseable
2697,Amanita fulva,j6-52-10,NA,year_missing_or_unparseable
2698,Amanita fulva,j5-58-14,NA,year_missing_or_unparseable
2699,Amanita fulva,j6-47-43,NA,year_missing_or_unparseable
3270,Amanita lividopallescens,j6-25-30,NA,year_missing_or_unparseable
3271,Amanita lividopallescens,j6-33-21,NA,year_missing_or_unparseable
3274,Amanita lividopallescens,g7-13-0,NA,year_missing_or_unparseable
3370,Amanita muscaria,a5-45-43,NA,year_missing_or_unparseable
3526,Amanita muscaria,d5-45-31,NA,year_missing_or_unparseable
3632,Amanita muscaria,c6-15-43,NA,year_missing_or_unparseable
3655,Amanita muscaria,e5-43-12,NA,year_missing_or_unparseable
3663,Amanita muscaria,c3-52-13,NA,year_missing_or_unparseable
3685,Amanita muscaria,c3-52-0,NA,year_missing_or_unparseable
3686,Amanita muscaria,d2-16-14,NA,year_missing_or_unparseable
3734,Amanita muscaria,e4-46-0,NA,year_missing_or_unparseable
3748,Amanita muscaria,e2-28-0,NA,year_missing_or_unparseable
3749,Amanita muscaria,c3-53-0,NA,year_missing_or_unparseable
3750,Amanita muscaria,d2-26-10,NA,year_missing_or_unparseable
3751,Amanita muscaria,d2-27-0,NA,year_missing_or_unparseable
3752,Amanita muscaria,d3-42-0,NA,year_missing_or_unparseable
3811,Amanita muscaria,j5-57-14,NA,year_missing_or_unparseable
3812,Amanita muscaria,j6-54-31,NA,year_missing_or_unparseable
3813,Amanita muscaria,j6-54-10,NA,year_missing_or_unparseable
3918,Amanita muscaria,j6-41-30,NA,year_missing_or_unparseable
3919,Amanita muscaria,j5-57-42,NA,year_missing_or_unparseable
3920,Amanita muscaria,j5-58-14,NA,year_missing_or_unparseable
3921,Amanita muscaria,j5-57-0,NA,year_missing_or_unparseable
3922,Amanita muscaria,j6-47-43,NA,year_missing_or_unparseable
4534,Amanita pantherina,e2-47-0,NA,year_missing_or_unparseable
4535,Amanita pantherina,e3-54-30,NA,year_missing_or_unparseable
4536,Amanita pantherina,e3-12-0,NA,year_missing_or_unparseable
4537,Amanita pantherina,d3-33-43,NA,year_missing_or_unparseable
4538,Amanita pantherina,d2-16-14,NA,year_missing_or_unparseable
4539,Amanita pantherina,d2-38-0,NA,year_missing_or_unparseable
4540,Amanita pantherina,d6-31-0,NA,year_missing_or_unparseable
4585,Amanita pantherina,e4-46-0,NA,year_missing_or_unparseable
4593,Amanita pantherina,d3-43-0,NA,year_missing_or_unparseable
4606,Amanita pantherina,j6-33-21,NA,year_missing_or_unparseable
4849,Amanita phalloides,e5-34-0,NA,year_missing_or_unparseable
4850,Amanita phalloides,d5-56-0,NA,year_missing_or_unparseable
4851,Amanita phalloides,e5-12-0,NA,year_missing_or_unparseable
4926,Amanita phalloides,d6-41-0,NA,year_missing_or_unparseable
4976,Amanita phalloides,d3-33-0,NA,year_missing_or_unparseable
4977,Amanita phalloides,d3-34-0,NA,year_missing_or_unparseable
5008,Amanita phalloides,j5-58-31,NA,year_missing_or_unparseable
5009,Amanita phalloides,j6-54-10,NA,year_missing_or_unparseable
5010,Amanita phalloides,j6-34-12,NA,year_missing_or_unparseable
5011,Amanita phalloides,j6-15-32,NA,year_missing_or_unparseable
5012,Amanita phalloides,j6-34-32,NA,year_missing_or_unparseable
5013,Amanita phalloides,j6-25-30,NA,year_missing_or_unparseable
5014,Amanita phalloides,j6-33-21,NA,year_missing_or_unparseable
5015,Amanita phalloides,j6-15-10,NA,year_missing_or_unparseable
5085,Amanita phalloides,j6-34-0,NA,year_missing_or_unparseable
5201,Amanita phalloides,j5-58-14,NA,year_missing_or_unparseable
5221,Amanita porphyria,e5-43-0,NA,year_missing_or_unparseable
5236,Amanita porphyria,c5-13-24,NA,year_missing_or_unparseable
5249,Amanita porphyria,e4-38-0,NA,year_missing_or_unparseable
5254,Amanita porphyria,c2-45-0,NA,year_missing_or_unparseable
5255,Amanita porphyria,c2-46-0,NA,year_missing_or_unparseable
5280,Amanita porphyria,j6-52-10,NA,year_missing_or_unparseable
5281,Amanita porphyria,j5-58-14,NA,year_missing_or_unparseable
5285,Amanita porphyria,e5-23-0,NA,year_missing_or_unparseable
5559,Amanita rubescens,e5-13-34,NA,year_missing_or_unparseable
5560,Amanita rubescens,e5-13-42,NA,year_missing_or_unparseable
5561,Amanita rubescens,e5-13-21,NA,year_missing_or_unparseable
5563,Amanita rubescens,e5-13-12,NA,year_missing_or_unparseable
5564,Amanita rubescens,d5-45-31,NA,year_missing_or_unparseable
5756,Amanita rubescens,d3-24-0,NA,year_missing_or_unparseable
5760,Amanita rubescens,b5-36-31,NA,year_missing_or_unparseable
5780,Amanita rubescens,c2-43-40,NA,year_missing_or_unparseable
5835,Amanita rubescens,j6-41-30,NA,year_missing_or_unparseable
5836,Amanita rubescens,j5-58-31,NA,year_missing_or_unparseable
5839,Amanita rubescens,j6-54-31,NA,year_missing_or_unparseable
5840,Amanita rubescens,j6-54-10,NA,year_missing_or_unparseable
5841,Amanita rubescens,h6-53-40,NA,year_missing_or_unparseable
5842,Amanita rubescens,j6-44-30,NA,year_missing_or_unparseable
5843,Amanita rubescens,j6-33-21,NA,year_missing_or_unparseable
6058,Amanita rubescens,e2-32-13,NA,year_missing_or_unparseable
6070,Amanita rubescens,j6-52-10,NA,year_missing_or_unparseable
6071,Amanita rubescens,j5-58-11,NA,year_missing_or_unparseable
6072,Amanita rubescens,j5-58-14,NA,year_missing_or_unparseable
6073,Amanita rubescens,j6-53-43,NA,year_missing_or_unparseable
6074,Amanita rubescens,j5-57-0,NA,year_missing_or_unparseable
6075,Amanita rubescens,j6-47-43,NA,year_missing_or_unparseable
6219,Amanita rubescens,b4-57-43,NA,year_missing_or_unparseable
6564,Amanita rubescens,d6-38-33,NA,year_missing_or_unparseable
6565,Amanita rubescens,d6-36-44,NA,year_missing_or_unparseable
6885,Amanita strangulata,g7-13-0,NA,year_missing_or_unparseable
6895,Amanita strobiliformis,e5-24-11,NA,year_missing_or_unparseable
6909,Amanita strobiliformis,e3-12-0,NA,year_missing_or_unparseable
6947,Amanita submembranacea,e5-33-0,NA,year_missing_or_unparseable
7038,Amanita vaginata,e4-38-0,NA,year_missing_or_unparseable
7039,Amanita vaginata,d5-17-0,NA,year_missing_or_unparseable
7046,Amanita vaginata,c3-18-0,NA,year_missing_or_unparseable
7075,Amanita vaginata,j6-54-31,NA,year_missing_or_unparseable
7076,Amanita vaginata,j6-34-12,NA,year_missing_or_unparseable
7077,Amanita vaginata,h6-53-40,NA,year_missing_or_unparseable
7078,Amanita vaginata,j6-15-32,NA,year_missing_or_unparseable
7079,Amanita vaginata,j6-34-32,NA,year_missing_or_unparseable
7080,Amanita vaginata,j6-25-30,NA,year_missing_or_unparseable
7081,Amanita vaginata,j6-33-21,NA,year_missing_or_unparseable
7082,Amanita vaginata,j6-15-10,NA,year_missing_or_unparseable
7140,Amanita vaginata,j6-41-30,NA,year_missing_or_unparseable
7162,Amanita vaginata,c6-14-34,NA,year_missing_or_unparseable
7263,Amanita virosa,b4-57-23,NA,year_missing_or_unparseable
7264,Amanita virosa,d2-16-14,NA,year_missing_or_unparseable
7266,Amanita virosa,e5-43-0,NA,year_missing_or_unparseable
7282,Amanita virosa,a0-00-0,NA,year_missing_or_unparseable
7314,Aureoboletus gentilis,j6-33-21,NA,year_missing_or_unparseable
7323,Aureoboletus sp.,d0-16-23,2000,unresolved_taxon
7324,Aureoboletus sp.,c0-57-21,2000,unresolved_taxon
7325,Aureoboletus sp.,c0-56-42,2001,unresolved_taxon
7452,Auriscalpium vulgare,e5-15-0,NA,year_missing_or_unparseable
7453,Auriscalpium vulgare,d5-46-0,NA,year_missing_or_unparseable
7454,Auriscalpium vulgare,e5-23-0,NA,year_missing_or_unparseable
7462,Auriscalpium vulgare,d5-45-33,NA,year_missing_or_unparseable
7518,Auriscalpium vulgare,e4-57-10,NA,year_missing_or_unparseable
7523,Auriscalpium vulgare,e1-25-0,NA,year_missing_or_unparseable
7536,Auriscalpium vulgare,j6-22-20,NA,year_missing_or_unparseable
7537,Auriscalpium vulgare,j6-54-31,NA,year_missing_or_unparseable
7538,Auriscalpium vulgare,j6-15-32,NA,year_missing_or_unparseable
7539,Auriscalpium vulgare,j6-34-32,NA,year_missing_or_unparseable
7540,Auriscalpium vulgare,j6-25-30,NA,year_missing_or_unparseable
7571,Auriscalpium vulgare,j6-34-40,NA,year_missing_or_unparseable
7572,Auriscalpium vulgare,j6-53-43,NA,year_missing_or_unparseable
7573,Auriscalpium vulgare,j5-57-0,NA,year_missing_or_unparseable
7574,Auriscalpium vulgare,j6-33-21,NA,year_missing_or_unparseable
7642,Bankera fuligineoalba,d6-42-20,NA,year_missing_or_unparseable
7643,Bankera fuligineoalba,d6-12-0,NA,year_missing_or_unparseable
7651,Bankera fuligineoalba,c5-28-10,NA,year_missing_or_unparseable
7674,Boletus aereus,b4-58-33,NA,year_missing_or_unparseable
7675,Boletus aereus,c4-53-0,NA,year_missing_or_unparseable
7676,Boletus aereus,c4-56-0,NA,year_missing_or_unparseable
7946,Boletus edulis,e2-47-0,NA,year_missing_or_unparseable
7947,Boletus edulis,d3-15-0,NA,year_missing_or_unparseable
7948,Boletus edulis,d3-31-0,NA,year_missing_or_unparseable
8005,Boletus edulis,e4-37-42,NA,year_missing_or_unparseable
8013,Boletus edulis,d3-35-0,NA,year_missing_or_unparseable
8014,Boletus edulis,d3-54-0,NA,year_missing_or_unparseable
8052,Boletus edulis,j6-54-31,NA,year_missing_or_unparseable
8053,Boletus edulis,h6-53-40,NA,year_missing_or_unparseable
8054,Boletus edulis,j6-15-10,NA,year_missing_or_unparseable
8055,Boletus edulis,j6-33-21,NA,year_missing_or_unparseable
8139,Boletus edulis,j5-58-14,NA,year_missing_or_unparseable
8140,Boletus edulis,j6-53-43,NA,year_missing_or_unparseable
8141,Boletus edulis,j6-34-12,NA,year_missing_or_unparseable
8430,Boletus pinophilus,b4-47-0,NA,year_missing_or_unparseable
8488,Boletus reticulatus,e5-13-12,NA,year_missing_or_unparseable
8549,Boletus reticulatus,j6-54-31,NA,year_missing_or_unparseable
8550,Boletus reticulatus,j6-54-10,NA,year_missing_or_unparseable
8551,Boletus reticulatus,h6-53-40,NA,year_missing_or_unparseable
8552,Boletus reticulatus,j6-33-21,NA,year_missing_or_unparseable
8553,Boletus reticulatus,j6-15-10,NA,year_missing_or_unparseable
8593,Boletus sp.,d0-16-23,2000,unresolved_taxon
8594,Boletus sp.,d1-33-43,2002,unresolved_taxon
8595,Boletus sp.,c0-57-21,2001,unresolved_taxon
8660,Bovista graveolens,c4-58-0,NA,year_missing_or_unparseable
8722,Bovista nigrescens,d3-43-0,NA,year_missing_or_unparseable
8734,Bovista nigrescens,d2-38-20,NA,year_missing_or_unparseable
8748,Bovista nigrescens,j5-58-11,NA,year_missing_or_unparseable
8749,Bovista nigrescens,j5-58-14,NA,year_missing_or_unparseable
8821,Bovista plumbea,a5-45-43,NA,year_missing_or_unparseable
8860,Bovista plumbea,d5-45-33,NA,year_missing_or_unparseable
8890,Bovista plumbea,d3-33-43,NA,year_missing_or_unparseable
8958,Bovista plumbea,d3-33-0,NA,year_missing_or_unparseable
8959,Bovista plumbea,d3-44-10,NA,year_missing_or_unparseable
8960,Bovista plumbea,c0-57-22,NA,year_missing_or_unparseable
8961,Bovista plumbea,d3-21-40,NA,year_missing_or_unparseable
8962,Bovista plumbea,e1-38-33,NA,year_missing_or_unparseable
9013,Bovista plumbea,e2-32-13,NA,year_missing_or_unparseable
9163,Bovista pusilla,b1-56-0,NA,year_missing_or_unparseable
9170,Bovista pusilla,l7-48-0,NA,year_missing_or_unparseable
9176,Bovista sp.,c0-57-24,2002,unresolved_taxon
9230,Bovistella utriformis,c4-18-0,NA,year_missing_or_unparseable
9248,Bovistella utriformis,d3-21-40,NA,year_missing_or_unparseable
9256,Bovistella utriformis,e2-28-0,NA,year_missing_or_unparseable
9257,Bovistella utriformis,d3-22-0,NA,year_missing_or_unparseable
9348,Butyriboletus appendiculatus,j6-25-30,NA,year_missing_or_unparseable
9349,Butyriboletus appendiculatus,j6-15-10,NA,year_missing_or_unparseable
9362,Butyriboletus appendiculatus,e5-33-31,NA,year_missing_or_unparseable
9371,Butyriboletus fechtneri,j6-15-32,NA,year_missing_or_unparseable
9372,Butyriboletus fechtneri,j6-25-30,NA,year_missing_or_unparseable
9373,Butyriboletus fechtneri,j6-33-21,NA,year_missing_or_unparseable
9374,Butyriboletus fechtneri,j6-15-10,NA,year_missing_or_unparseable
9406,Caloboletus calopus,d3-54-0,NA,year_missing_or_unparseable
9407,Caloboletus calopus,d3-21-40,NA,year_missing_or_unparseable
9408,Caloboletus calopus,d3-14-0,NA,year_missing_or_unparseable
9410,Caloboletus calopus,e4-38-0,NA,year_missing_or_unparseable
9412,Caloboletus calopus,j5-58-31,NA,year_missing_or_unparseable
9413,Caloboletus calopus,j6-54-10,NA,year_missing_or_unparseable
9420,Caloboletus calopus,d6-44-21,NA,year_missing_or_unparseable
9422,Caloboletus calopus,d6-48-23,NA,year_missing_or_unparseable
9454,Caloboletus radicans,e4-15-0,NA,year_missing_or_unparseable
9472,Caloboletus radicans,d3-14-0,NA,year_missing_or_unparseable
9473,Caloboletus radicans,e3-21-0,NA,year_missing_or_unparseable
9481,Caloboletus radicans,j6-35-10,NA,year_missing_or_unparseable
9482,Caloboletus radicans,j6-34-32,NA,year_missing_or_unparseable
9483,Caloboletus radicans,j6-25-30,NA,year_missing_or_unparseable
9484,Caloboletus radicans,j6-33-21,NA,year_missing_or_unparseable
9604,Calvatia excipuliformis,a5-45-43,NA,year_missing_or_unparseable
9777,Calvatia excipuliformis,d5-45-31,NA,year_missing_or_unparseable
9778,Calvatia excipuliformis,d5-45-33,NA,year_missing_or_unparseable
9786,Calvatia excipuliformis,d3-11-40,NA,year_missing_or_unparseable
9860,Calvatia excipuliformis,e6-25-12,NA,year_missing_or_unparseable
9926,Calvatia excipuliformis,e4-56-0,NA,year_missing_or_unparseable
9933,Calvatia excipuliformis,d3-43-0,NA,year_missing_or_unparseable
9934,Calvatia excipuliformis,d3-22-0,NA,year_missing_or_unparseable
9935,Calvatia excipuliformis,c1-41-0,NA,year_missing_or_unparseable
9968,Calvatia excipuliformis,j6-31-13,NA,year_missing_or_unparseable
9969,Calvatia excipuliformis,j6-32-43,NA,year_missing_or_unparseable
9970,Calvatia excipuliformis,j5-58-31,NA,year_missing_or_unparseable
9971,Calvatia excipuliformis,j6-15-10,NA,year_missing_or_unparseable
10077,Calvatia excipuliformis,j6-34-40,NA,year_missing_or_unparseable
10178,Calvatia excipuliformis,c7-11-42,NA,year_missing_or_unparseable
10385,Camarophyllopsis sp.,c4-52-23,2018,unresolved_taxon
10495,Cantharellus cibarius,d5-45-33,NA,year_missing_or_unparseable
10561,Cantharellus cibarius,d7-54-0,NA,year_missing_or_unparseable
10563,Cantharellus cibarius,d3-34-32,NA,year_missing_or_unparseable
10564,Cantharellus cibarius,c3-28-0,NA,year_missing_or_unparseable
10565,Cantharellus cibarius,d2-16-14,NA,year_missing_or_unparseable
10628,Cantharellus cibarius,d3-21-40,NA,year_missing_or_unparseable
10651,Cantharellus cibarius,j6-41-30,NA,year_missing_or_unparseable
10652,Cantharellus cibarius,j6-22-20,NA,year_missing_or_unparseable
10653,Cantharellus cibarius,j5-58-31,NA,year_missing_or_unparseable
10654,Cantharellus cibarius,j6-34-12,NA,year_missing_or_unparseable
10656,Cantharellus cibarius,j6-54-10,NA,year_missing_or_unparseable
10657,Cantharellus cibarius,h6-53-40,NA,year_missing_or_unparseable
10702,Cantharellus cibarius,e2-32-13,NA,year_missing_or_unparseable
10704,Cantharellus cibarius,j5-58-11,NA,year_missing_or_unparseable
10705,Cantharellus cibarius,j5-58-14,NA,year_missing_or_unparseable
10706,Cantharellus cibarius,j5-57-0,NA,year_missing_or_unparseable
10707,Cantharellus cibarius,j6-34-0,NA,year_missing_or_unparseable
10838,Cantharellus cibarius,d7-41-12,NA,year_missing_or_unparseable
10879,Cantharellus ferruginascens,e4-38-23,NA,year_missing_or_unparseable
10991,Chalciporus piperatus,e5-15-0,NA,year_missing_or_unparseable
10992,Chalciporus piperatus,e5-12-0,NA,year_missing_or_unparseable
10998,Chalciporus piperatus,d5-45-33,NA,year_missing_or_unparseable
11033,Chalciporus piperatus,c6-15-43,NA,year_missing_or_unparseable
11049,Chalciporus piperatus,d2-48-20,NA,year_missing_or_unparseable
11094,Chalciporus piperatus,e4-38-0,NA,year_missing_or_unparseable
11106,Chalciporus piperatus,d3-44-10,NA,year_missing_or_unparseable
11107,Chalciporus piperatus,c3-53-0,NA,year_missing_or_unparseable
11108,Chalciporus piperatus,c0-57-22,NA,year_missing_or_unparseable
11111,Chalciporus piperatus,b5-38-34,NA,year_missing_or_unparseable
11132,Chalciporus piperatus,j6-41-30,NA,year_missing_or_unparseable
11133,Chalciporus piperatus,j6-54-31,NA,year_missing_or_unparseable
11134,Chalciporus piperatus,j6-54-10,NA,year_missing_or_unparseable
11179,Chalciporus piperatus,j5-57-42,NA,year_missing_or_unparseable
11180,Chalciporus piperatus,j5-56-42,NA,year_missing_or_unparseable
11181,Chalciporus piperatus,j5-58-14,NA,year_missing_or_unparseable
11182,Chalciporus piperatus,j6-47-43,NA,year_missing_or_unparseable
11184,Chalciporus piperatus,b4-27-0,NA,year_missing_or_unparseable
11353,Chroogomphus rutilus,d1-45-10,NA,year_missing_or_unparseable
11354,Chroogomphus rutilus,d3-43-0,NA,year_missing_or_unparseable
11369,Chroogomphus rutilus,j6-32-43,NA,year_missing_or_unparseable
11370,Chroogomphus rutilus,j6-15-32,NA,year_missing_or_unparseable
11371,Chroogomphus rutilus,j6-34-32,NA,year_missing_or_unparseable
11372,Chroogomphus rutilus,j6-25-30,NA,year_missing_or_unparseable
11394,Chroogomphus rutilus,j6-34-40,NA,year_missing_or_unparseable
11395,Chroogomphus rutilus,j6-33-21,NA,year_missing_or_unparseable
11396,Chroogomphus rutilus,j6-34-0,NA,year_missing_or_unparseable
11397,Chroogomphus rutilus,j6-24-42,NA,year_missing_or_unparseable
11433,Clathrus archeri,d5-55-13,NA,year_missing_or_unparseable
11434,Clathrus archeri,e6-23-34,NA,year_missing_or_unparseable
11436,Clathrus archeri,e5-12-0,NA,year_missing_or_unparseable
11438,Clathrus archeri,d3-41-22,NA,year_missing_or_unparseable
11441,Clathrus archeri,d5-38-41,NA,year_missing_or_unparseable
11443,Clathrus archeri,e4-46-0,NA,year_missing_or_unparseable
11457,Clathrus ruber,d3-32-12,NA,year_missing_or_unparseable
11459,Clathrus ruber,e4-46-0,NA,year_missing_or_unparseable
11460,Clathrus ruber,e4-37-0,NA,year_missing_or_unparseable
11490,Collybia cirrhata,c5-13-34,NA,year_missing_or_unparseable
11505,Collybia cirrhata,a5-45-43,NA,year_missing_or_unparseable
11609,Collybia cirrhata,j6-41-30,NA,year_missing_or_unparseable
11610,Collybia cirrhata,j6-33-21,NA,year_missing_or_unparseable
11611,Collybia cirrhata,j5-58-31,NA,year_missing_or_unparseable
11612,Collybia cirrhata,j6-15-32,NA,year_missing_or_unparseable
11651,Collybia cirrhata,j5-57-42,NA,year_missing_or_unparseable
11652,Collybia cirrhata,j5-58-11,NA,year_missing_or_unparseable
11653,Collybia cirrhata,j5-58-14,NA,year_missing_or_unparseable
11967,Collybia cookei,j6-33-21,NA,year_missing_or_unparseable
12014,Collybia cookei,j5-58-11,NA,year_missing_or_unparseable
12015,Collybia cookei,j5-58-14,NA,year_missing_or_unparseable
12016,Collybia cookei,j5-57-0,NA,year_missing_or_unparseable
12017,Collybia cookei,j6-34-0,NA,year_missing_or_unparseable
12018,Collybia cookei,j6-34-12,NA,year_missing_or_unparseable
12158,Collybia tuberosa,e4-46-0,NA,year_missing_or_unparseable
12174,Collybia tuberosa,j6-33-21,NA,year_missing_or_unparseable
12175,Collybia tuberosa,j5-58-31,NA,year_missing_or_unparseable
12176,Collybia tuberosa,j6-34-12,NA,year_missing_or_unparseable
12190,Collybia tuberosa,j6-41-30,NA,year_missing_or_unparseable
12191,Collybia tuberosa,j5-58-14,NA,year_missing_or_unparseable
12192,Collybia tuberosa,j5-57-42,NA,year_missing_or_unparseable
12196,Collybia tuberosa,b4-27-0,NA,year_missing_or_unparseable
12658,Collybiopsis confluens,j5-58-31,NA,year_missing_or_unparseable
12659,Collybiopsis confluens,j6-15-32,NA,year_missing_or_unparseable
12660,Collybiopsis confluens,j6-33-21,NA,year_missing_or_unparseable
12661,Collybiopsis confluens,h6-53-40,NA,year_missing_or_unparseable
12662,Collybiopsis confluens,j6-34-32,NA,year_missing_or_unparseable
12663,Collybiopsis confluens,j6-25-30,NA,year_missing_or_unparseable
12670,Collybiopsis confluens,d3-58-30,NA,year_missing_or_unparseable
12778,Collybiopsis confluens,j5-57-42,NA,year_missing_or_unparseable
12779,Collybiopsis confluens,j5-58-14,NA,year_missing_or_unparseable
12780,Collybiopsis confluens,j6-24-40,NA,year_missing_or_unparseable
12781,Collybiopsis confluens,j6-33-41,NA,year_missing_or_unparseable
12782,Collybiopsis confluens,j6-34-0,NA,year_missing_or_unparseable
12955,Collybiopsis luxurians,c3-28-43,NA,year_missing_or_unparseable
13209,Collybiopsis peronata,d5-45-33,NA,year_missing_or_unparseable
13330,Collybiopsis peronata,d3-34-32,NA,year_missing_or_unparseable
13331,Collybiopsis peronata,d3-33-43,NA,year_missing_or_unparseable
13355,Collybiopsis peronata,e4-37-42,NA,year_missing_or_unparseable
13380,Collybiopsis peronata,d3-53-0,NA,year_missing_or_unparseable
13441,Collybiopsis peronata,j6-31-13,NA,year_missing_or_unparseable
13442,Collybiopsis peronata,j5-58-31,NA,year_missing_or_unparseable
13444,Collybiopsis peronata,j6-54-31,NA,year_missing_or_unparseable
13445,Collybiopsis peronata,j6-54-10,NA,year_missing_or_unparseable
13446,Collybiopsis peronata,h6-53-40,NA,year_missing_or_unparseable
13447,Collybiopsis peronata,j6-35-10,NA,year_missing_or_unparseable
13448,Collybiopsis peronata,j6-15-32,NA,year_missing_or_unparseable
13449,Collybiopsis peronata,j6-33-41,NA,year_missing_or_unparseable
13450,Collybiopsis peronata,j6-25-30,NA,year_missing_or_unparseable
13460,Collybiopsis peronata,d3-58-30,NA,year_missing_or_unparseable
13607,Collybiopsis peronata,j5-57-42,NA,year_missing_or_unparseable
13608,Collybiopsis peronata,j6-52-10,NA,year_missing_or_unparseable
13609,Collybiopsis peronata,j6-24-40,NA,year_missing_or_unparseable
13610,Collybiopsis peronata,j6-53-43,NA,year_missing_or_unparseable
13611,Collybiopsis peronata,j6-47-43,NA,year_missing_or_unparseable
13612,Collybiopsis peronata,j6-34-0,NA,year_missing_or_unparseable
13694,Collybiopsis peronata,c7-11-42,NA,year_missing_or_unparseable
13921,Craterellus cornucopioides,d3-35-0,NA,year_missing_or_unparseable
13922,Craterellus cornucopioides,e3-55-0,NA,year_missing_or_unparseable
13923,Craterellus cornucopioides,d3-58-0,NA,year_missing_or_unparseable
13931,Craterellus cornucopioides,j5-58-31,NA,year_missing_or_unparseable
13932,Craterellus cornucopioides,j6-34-12,NA,year_missing_or_unparseable
13933,Craterellus cornucopioides,j6-33-21,NA,year_missing_or_unparseable
13974,Craterellus cornucopioides,d3-35-0,NA,year_missing_or_unparseable
13975,Craterellus cornucopioides,e3-55-0,NA,year_missing_or_unparseable
13976,Craterellus cornucopioides,d3-58-0,NA,year_missing_or_unparseable
13984,Craterellus cornucopioides,j5-58-31,NA,year_missing_or_unparseable
13985,Craterellus cornucopioides,j6-34-12,NA,year_missing_or_unparseable
13986,Craterellus cornucopioides,j6-33-21,NA,year_missing_or_unparseable
14092,Crinipellis scabella,c0-57-0,NA,year_missing_or_unparseable
14101,Crinipellis scabella,d3-35-0,NA,year_missing_or_unparseable
14113,Crinipellis scabella,j6-32-43,NA,year_missing_or_unparseable
14114,Crinipellis scabella,j5-58-31,NA,year_missing_or_unparseable
14115,Crinipellis scabella,j6-15-32,NA,year_missing_or_unparseable
14116,Crinipellis scabella,j6-34-32,NA,year_missing_or_unparseable
14117,Crinipellis scabella,j6-33-21,NA,year_missing_or_unparseable
14139,Crinipellis scabella,j6-34-0,NA,year_missing_or_unparseable
14140,Crinipellis scabella,j6-24-42,NA,year_missing_or_unparseable
14155,Crinipellis scabella,d3-22-0,NA,year_missing_or_unparseable
14156,Crinipellis scabella,l7-47-0,NA,year_missing_or_unparseable
14157,Crinipellis scabella,b2-33-0,NA,year_missing_or_unparseable
14158,Crinipellis scabella,a0-00-0,NA,year_missing_or_unparseable
14269,Crucibulum crucibuliforme,d5-45-33,NA,year_missing_or_unparseable
14306,Crucibulum crucibuliforme,d3-34-20,NA,year_missing_or_unparseable
14337,Crucibulum crucibuliforme,c4-32-33,NA,year_missing_or_unparseable
14338,Crucibulum crucibuliforme,d2-32-0,NA,year_missing_or_unparseable
14353,Crucibulum crucibuliforme,j6-41-30,NA,year_missing_or_unparseable
14354,Crucibulum crucibuliforme,j6-25-30,NA,year_missing_or_unparseable
14410,Crucibulum crucibuliforme,e2-32-13,NA,year_missing_or_unparseable
14417,Crucibulum crucibuliforme,j5-58-11,NA,year_missing_or_unparseable
14418,Crucibulum crucibuliforme,j6-34-12,NA,year_missing_or_unparseable
14550,Cyanoboletus pulverulentus,d5-45-33,NA,year_missing_or_unparseable
14591,Cyanoboletus pulverulentus,e5-13-0,NA,year_missing_or_unparseable
14592,Cyanoboletus pulverulentus,e5-43-0,NA,year_missing_or_unparseable
14593,Cyanoboletus pulverulentus,g7-13-0,NA,year_missing_or_unparseable
14597,Cyanoboletus pulverulentus,j6-33-21,NA,year_missing_or_unparseable
14622,Cyanoboletus pulverulentus,e4-57-10,NA,year_missing_or_unparseable
14644,Cyanoboletus pulverulentus,c4-56-0,NA,year_missing_or_unparseable
14645,Cyanoboletus pulverulentus,b4-58-33,NA,year_missing_or_unparseable
14646,Cyanoboletus pulverulentus,c4-18-13,NA,year_missing_or_unparseable
14767,Cyathus olla,e6-25-12,NA,year_missing_or_unparseable
14785,Cyathus olla,c4-28-20,NA,year_missing_or_unparseable
14798,Cyathus olla,d5-28-0,NA,year_missing_or_unparseable
14802,Cyathus olla,e4-46-0,NA,year_missing_or_unparseable
14806,Cyathus olla,d3-22-0,NA,year_missing_or_unparseable
14807,Cyathus olla,e2-32-0,NA,year_missing_or_unparseable
14817,Cyathus olla,j6-33-21,NA,year_missing_or_unparseable
14818,Cyathus olla,j6-34-12,NA,year_missing_or_unparseable
14819,Cyathus olla,j6-15-10,NA,year_missing_or_unparseable
14858,Cyathus olla,j6-41-30,NA,year_missing_or_unparseable
14859,Cyathus olla,c4-53-0,NA,year_missing_or_unparseable
14938,Cyathus olla,c4-18-33,NA,year_missing_or_unparseable
15096,Cyathus striatus,d3-44-10,NA,year_missing_or_unparseable
15129,Cyathus striatus,e2-32-0,NA,year_missing_or_unparseable
15130,Cyathus striatus,d3-22-0,NA,year_missing_or_unparseable
15147,Cyathus striatus,j6-31-13,NA,year_missing_or_unparseable
15148,Cyathus striatus,j5-58-31,NA,year_missing_or_unparseable
15149,Cyathus striatus,j6-54-10,NA,year_missing_or_unparseable
15150,Cyathus striatus,j6-34-12,NA,year_missing_or_unparseable
15151,Cyathus striatus,j6-15-32,NA,year_missing_or_unparseable
15152,Cyathus striatus,j6-33-41,NA,year_missing_or_unparseable
15153,Cyathus striatus,j6-34-32,NA,year_missing_or_unparseable
15154,Cyathus striatus,j6-25-30,NA,year_missing_or_unparseable
15155,Cyathus striatus,j6-33-21,NA,year_missing_or_unparseable
15157,Cyathus striatus,d3-58-30,NA,year_missing_or_unparseable
15217,Cyathus striatus,j6-24-40,NA,year_missing_or_unparseable
15296,Dendrocollybia racemosa,d3-53-0,NA,year_missing_or_unparseable
15327,Disciotis venosa,d6-41-0,NA,year_missing_or_unparseable
15391,Faerberia carbonarium,j6-33-21,NA,year_missing_or_unparseable
15518,Geastrum fimbriatum,c0-57-0,NA,year_missing_or_unparseable
15529,Geastrum fimbriatum,e4-38-0,NA,year_missing_or_unparseable
15531,Geastrum fimbriatum,d3-44-10,NA,year_missing_or_unparseable
15543,Geastrum fimbriatum,j6-15-32,NA,year_missing_or_unparseable
15544,Geastrum fimbriatum,j6-44-30,NA,year_missing_or_unparseable
15571,Geastrum fimbriatum,j6-34-40,NA,year_missing_or_unparseable
15572,Geastrum fimbriatum,j6-33-21,NA,year_missing_or_unparseable
15578,Geastrum fimbriatum,c5-21-0,NA,year_missing_or_unparseable
15601,Geastrum floriforme,c6-33-0,NA,year_missing_or_unparseable
15627,Geastrum minimum,h6-53-40,NA,year_missing_or_unparseable
15667,Geastrum quadrifidum,e2-55-0,NA,year_missing_or_unparseable
15680,Geastrum quadrifidum,j6-33-21,NA,year_missing_or_unparseable
15681,Geastrum quadrifidum,j6-34-40,NA,year_missing_or_unparseable
15684,Geastrum quadrifidum,c6-47-33,NA,year_missing_or_unparseable
15709,Geastrum sp.,c4-48-14,2022,unresolved_taxon
15737,Geastrum striatum,c3-57-40,NA,year_missing_or_unparseable
15925,Geastrum triplex,e5-14-0,NA,year_missing_or_unparseable
15941,Geastrum triplex,d3-11-40,NA,year_missing_or_unparseable
15976,Geastrum triplex,e5-25-40,NA,year_missing_or_unparseable
15977,Geastrum triplex,e5-36-0,NA,year_missing_or_unparseable
15978,Geastrum triplex,e5-33-20,NA,year_missing_or_unparseable
15979,Geastrum triplex,e5-25-0,NA,year_missing_or_unparseable
15980,Geastrum triplex,e5-33-31,NA,year_missing_or_unparseable
15982,Geastrum triplex,e4-46-34,NA,year_missing_or_unparseable
15990,Geastrum triplex,c5-21-0,NA,year_missing_or_unparseable
15991,Geastrum triplex,e4-56-10,NA,year_missing_or_unparseable
15997,Geastrum triplex,e4-54-41,NA,year_missing_or_unparseable
16027,Geastrum triplex,e2-32-13,NA,year_missing_or_unparseable
16108,Geoglossum barlae,e5-52-12,NA,year_missing_or_unparseable
16122,Geoglossum barlae,e5-14-34,NA,year_missing_or_unparseable
16124,Geoglossum barlae,c1-14-40,NA,year_missing_or_unparseable
16161,Geoglossum cookeanum,c1-14-40,NA,year_missing_or_unparseable
16212,Geoglossum fallax,e5-14-34,NA,year_missing_or_unparseable
16216,Geoglossum fallax,c6-37-31,NA,year_missing_or_unparseable
16222,Geoglossum glabrum,d6-42-20,NA,year_missing_or_unparseable
16223,Geoglossum glabrum,d6-52-0,NA,year_missing_or_unparseable
16224,Geoglossum glabrum,d5-57-0,NA,year_missing_or_unparseable
16225,Geoglossum glabrum,d5-18-0,NA,year_missing_or_unparseable
16226,Geoglossum glabrum,d6-12-0,NA,year_missing_or_unparseable
16227,Geoglossum glabrum,d6-24-0,NA,year_missing_or_unparseable
16228,Geoglossum glabrum,d6-33-0,NA,year_missing_or_unparseable
16229,Geoglossum glabrum,d6-44-0,NA,year_missing_or_unparseable
16230,Geoglossum glabrum,d6-43-0,NA,year_missing_or_unparseable
16231,Geoglossum glabrum,d5-38-0,NA,year_missing_or_unparseable
16232,Geoglossum glabrum,d5-47-0,NA,year_missing_or_unparseable
16233,Geoglossum glabrum,d5-58-0,NA,year_missing_or_unparseable
16234,Geoglossum glabrum,d5-48-0,NA,year_missing_or_unparseable
16235,Geoglossum glabrum,d6-31-0,NA,year_missing_or_unparseable
16236,Geoglossum glabrum,c4-27-0,NA,year_missing_or_unparseable
16237,Geoglossum glabrum,d5-28-0,NA,year_missing_or_unparseable
16238,Geoglossum glabrum,d6-42-10,NA,year_missing_or_unparseable
16239,Geoglossum glabrum,d6-32-0,NA,year_missing_or_unparseable
16240,Geoglossum glabrum,d6-41-0,NA,year_missing_or_unparseable
16241,Geoglossum glabrum,d5-58-20,NA,year_missing_or_unparseable
16244,Geoglossum sp.,c4-55-14,2011,unresolved_taxon
16264,Glutinoglossum glutinosum,c3-41-0,NA,year_missing_or_unparseable
16285,Gomphidius glutinosus,h6-53-40,NA,year_missing_or_unparseable
16313,Gomphidius maculatus,c2-46-0,NA,year_missing_or_unparseable
16317,Gomphidius maculatus,h6-53-40,NA,year_missing_or_unparseable
16318,Gomphidius maculatus,j6-25-30,NA,year_missing_or_unparseable
16380,Gomphidius roseus,e4-38-40,NA,year_missing_or_unparseable
16381,Gomphidius roseus,b5-27-40,NA,year_missing_or_unparseable
16388,Gomphidius roseus,j6-34-0,NA,year_missing_or_unparseable
16444,Gymnopus aquosus,d5-45-33,NA,year_missing_or_unparseable
16470,Gymnopus brassicolens,j6-34-40,NA,year_missing_or_unparseable
16715,Gymnopus dryophilus,j6-31-0,NA,year_missing_or_unparseable
16716,Gymnopus dryophilus,j5-58-31,NA,year_missing_or_unparseable
16717,Gymnopus dryophilus,j6-54-31,NA,year_missing_or_unparseable
16718,Gymnopus dryophilus,j6-54-10,NA,year_missing_or_unparseable
16719,Gymnopus dryophilus,j6-15-32,NA,year_missing_or_unparseable
16720,Gymnopus dryophilus,j6-34-32,NA,year_missing_or_unparseable
16721,Gymnopus dryophilus,j6-44-30,NA,year_missing_or_unparseable
16722,Gymnopus dryophilus,j6-25-30,NA,year_missing_or_unparseable
16927,Gymnopus dryophilus,e2-32-13,NA,year_missing_or_unparseable
16941,Gymnopus dryophilus,j5-57-42,NA,year_missing_or_unparseable
16942,Gymnopus dryophilus,j6-41-30,NA,year_missing_or_unparseable
16943,Gymnopus dryophilus,j6-52-10,NA,year_missing_or_unparseable
16944,Gymnopus dryophilus,j5-58-11,NA,year_missing_or_unparseable
16945,Gymnopus dryophilus,j5-58-14,NA,year_missing_or_unparseable
16946,Gymnopus dryophilus,j6-47-43,NA,year_missing_or_unparseable
16947,Gymnopus dryophilus,j6-33-21,NA,year_missing_or_unparseable
16948,Gymnopus dryophilus,j6-34-0,NA,year_missing_or_unparseable
16949,Gymnopus dryophilus,j6-24-42,NA,year_missing_or_unparseable
17107,Gymnopus dryophilus,c7-11-42,NA,year_missing_or_unparseable
17424,Gymnopus dryophilus,d6-46-23,NA,year_missing_or_unparseable
17887,Gymnopus dryophilus s.s.,e5-13-21,NA,year_missing_or_unparseable
17890,Gymnopus dryophilus s.s.,d5-45-31,NA,year_missing_or_unparseable
17891,Gymnopus dryophilus s.s.,d5-45-33,NA,year_missing_or_unparseable
18152,Gymnopus dryophilus s.s.,b5-32-0,NA,year_missing_or_unparseable
18180,Gymnopus dryophilus s.s.,d3-34-0,NA,year_missing_or_unparseable
18181,Gymnopus dryophilus s.s.,d3-23-0,NA,year_missing_or_unparseable
18555,Gymnopus erythropus,d3-14-0,NA,year_missing_or_unparseable
18579,Gymnopus erythropus,j6-31-13,NA,year_missing_or_unparseable
18580,Gymnopus erythropus,j6-33-21,NA,year_missing_or_unparseable
18581,Gymnopus erythropus,j5-58-14,NA,year_missing_or_unparseable
18582,Gymnopus erythropus,j6-22-20,NA,year_missing_or_unparseable
18583,Gymnopus erythropus,j5-58-31,NA,year_missing_or_unparseable
18584,Gymnopus erythropus,j6-34-12,NA,year_missing_or_unparseable
18625,Gymnopus erythropus,e2-32-13,NA,year_missing_or_unparseable
18744,Gymnopus fagiphilus,b5-54-0,NA,year_missing_or_unparseable
18767,Gymnopus fuscopurpureus,j6-31-13,NA,year_missing_or_unparseable
18768,Gymnopus fuscopurpureus,j6-52-10,NA,year_missing_or_unparseable
18769,Gymnopus fuscopurpureus,j6-33-21,NA,year_missing_or_unparseable
18770,Gymnopus fuscopurpureus,j6-34-12,NA,year_missing_or_unparseable
18771,Gymnopus fuscopurpureus,j6-33-41,NA,year_missing_or_unparseable
18918,Gymnopus fusipes,d3-23-0,NA,year_missing_or_unparseable
18919,Gymnopus fusipes,d3-21-40,NA,year_missing_or_unparseable
18940,Gymnopus fusipes,j6-22-20,NA,year_missing_or_unparseable
18941,Gymnopus fusipes,j6-34-12,NA,year_missing_or_unparseable
18943,Gymnopus fusipes,j6-54-31,NA,year_missing_or_unparseable
18944,Gymnopus fusipes,h6-53-40,NA,year_missing_or_unparseable
18945,Gymnopus fusipes,j6-34-32,NA,year_missing_or_unparseable
18946,Gymnopus fusipes,j6-33-21,NA,year_missing_or_unparseable
18947,Gymnopus fusipes,j6-15-10,NA,year_missing_or_unparseable
19205,Gymnopus ocior,d5-45-31,NA,year_missing_or_unparseable
19269,Gymnopus ocior,e4-46-0,NA,year_missing_or_unparseable
19350,Gymnopus sp.,c5-21-14,2019,unresolved_taxon
19372,Gyrodon lividus,j6-15-32,NA,year_missing_or_unparseable
19426,Gyromitra esculenta,b4-47-0,NA,year_missing_or_unparseable
19519,Gyroporus castaneus,c3-53-0,NA,year_missing_or_unparseable
19520,Gyroporus castaneus,d3-54-0,NA,year_missing_or_unparseable
19521,Gyroporus castaneus,d3-44-10,NA,year_missing_or_unparseable
19522,Gyroporus castaneus,d3-34-0,NA,year_missing_or_unparseable
19557,Gyroporus cyanescens,c4-27-0,NA,year_missing_or_unparseable
19582,Gyroporus cyanescens,b4-57-44,NA,year_missing_or_unparseable
19587,Gyroporus cyanescens,e4-46-0,NA,year_missing_or_unparseable
19588,Gyroporus cyanescens,e2-28-0,NA,year_missing_or_unparseable
19589,Gyroporus cyanescens,d3-33-0,NA,year_missing_or_unparseable
19596,Gyroporus cyanescens,e4-35-0,NA,year_missing_or_unparseable
19597,Gyroporus cyanescens,e5-23-0,NA,year_missing_or_unparseable
19927,Helvella atra,e1-34-0,NA,year_missing_or_unparseable
20039,Helvella costifera,c4-26-11,NA,year_missing_or_unparseable
20162,Helvella crispa,e4-57-10,NA,year_missing_or_unparseable
20227,Helvella crispa,e4-46-0,NA,year_missing_or_unparseable
20313,Helvella crispa,e1-34-0,NA,year_missing_or_unparseable
20482,Helvella crispa,d5-45-33,NA,year_missing_or_unparseable
20548,Helvella crispa,d3-58-30,NA,year_missing_or_unparseable
20557,Helvella crispa,d3-43-0,NA,year_missing_or_unparseable
20561,Helvella crispa,d3-34-0,NA,year_missing_or_unparseable
20563,Helvella crispa,d3-22-12,NA,year_missing_or_unparseable
20604,Helvella crispa,d1-17-0,NA,year_missing_or_unparseable
20801,Helvella crispa,c3-46-0,NA,year_missing_or_unparseable
21171,Helvella elastica,c5-31-0,NA,year_missing_or_unparseable
21699,Helvella lacunosa,d6-41-0,NA,year_missing_or_unparseable
21768,Helvella lacunosa,d5-45-33,NA,year_missing_or_unparseable
21769,Helvella lacunosa,d5-45-33,NA,year_missing_or_unparseable
21770,Helvella lacunosa,d5-45-33,NA,year_missing_or_unparseable
21832,Helvella lacunosa,d3-58-0,NA,year_missing_or_unparseable
21869,Helvella lacunosa,d2-14-13,NA,year_missing_or_unparseable
22049,Helvella lacunosa,c4-36-41,NA,year_missing_or_unparseable
22055,Helvella lacunosa,c4-28-22,NA,year_missing_or_unparseable
22185,Helvella lacunosa,c0-48-44,NA,year_missing_or_unparseable
22308,Dissingia leucomelaena,e5-14-14,NA,year_missing_or_unparseable
22346,Helvella macropus,e5-52-12,NA,year_missing_or_unparseable
22376,Helvella macropus,e1-12-0,NA,year_missing_or_unparseable
22430,Helvella macropus,d5-45-33,NA,year_missing_or_unparseable
22447,Helvella macropus,d3-54-0,NA,year_missing_or_unparseable
22530,Helvella macropus,c4-17-44,NA,year_missing_or_unparseable
22543,Helvella macropus,c2-46-0,NA,year_missing_or_unparseable
22597,Helvella macropus,b4-58-33,NA,year_missing_or_unparseable
22792,Helvella spadicea,c1-41-0,NA,year_missing_or_unparseable
22834,Hemileccinum impolitum,j6-48-33,NA,year_missing_or_unparseable
22835,Hemileccinum impolitum,g3-37-32,NA,year_missing_or_unparseable
22838,Hemileccinum impolitum,j6-34-0,NA,year_missing_or_unparseable
22840,Hemileccinum impolitum,d6-28-24,NA,year_missing_or_unparseable
22848,Hericium cirrhatum,d5-45-33,NA,year_missing_or_unparseable
22864,Hericium cirrhatum,b4-56-43,NA,year_missing_or_unparseable
22872,Hericium cirrhatum,d5-45-33,NA,year_missing_or_unparseable
22888,Hericium cirrhatum,b4-56-43,NA,year_missing_or_unparseable
22894,Hericium erinaceus,c2-46-13,NA,year_missing_or_unparseable
22917,Hericium flagellum,c1-14-40,NA,year_missing_or_unparseable
22922,Heyderia cucullata,j5-58-31,NA,year_missing_or_unparseable
22930,Hodophilus foetens,e2-44-41,NA,year_missing_or_unparseable
22942,Hydnellum caeruleum,c5-28-10,NA,year_missing_or_unparseable
23001,Hydnellum concrescens,d2-16-14,NA,year_missing_or_unparseable
23012,Hydnellum concrescens,b4-57-30,NA,year_missing_or_unparseable
23026,Hydnellum concrescens,d3-53-0,NA,year_missing_or_unparseable
23027,Hydnellum concrescens,d3-43-0,NA,year_missing_or_unparseable
23028,Hydnellum concrescens,d3-44-10,NA,year_missing_or_unparseable
23029,Hydnellum concrescens,d3-34-0,NA,year_missing_or_unparseable
23030,Hydnellum concrescens,d3-54-0,NA,year_missing_or_unparseable
23033,Hydnellum concrescens,d2-16-0,NA,year_missing_or_unparseable
23053,Hydnellum concrescens,c5-28-10,NA,year_missing_or_unparseable
23072,Hydnellum concrescens,d7-41-12,NA,year_missing_or_unparseable
23085,Hydnellum ferrugineum,d2-16-0,NA,year_missing_or_unparseable
23124,Hydnellum sp.,c5-24-14,2023,unresolved_taxon
23125,Hydnellum sp.,c5-38-11,2023,unresolved_taxon
23126,Hydnellum sp.,c6-21-34,2010,unresolved_taxon
23159,Hydnellum spongiosipes,d6-12-0,NA,year_missing_or_unparseable
23209,Hydnellum suaveolens,e1-34-0,NA,year_missing_or_unparseable
23211,Hydnellum suaveolens,k7-56-0,NA,year_missing_or_unparseable
23212,Hydnellum suaveolens,j5-38-0,NA,year_missing_or_unparseable
23213,Hydnellum suaveolens,j6-41-30,NA,year_missing_or_unparseable
23296,Hydnum repandum,d2-16-14,NA,year_missing_or_unparseable
23297,Hydnum repandum,d6-33-0,NA,year_missing_or_unparseable
23298,Hydnum repandum,d6-44-0,NA,year_missing_or_unparseable
23299,Hydnum repandum,d5-18-0,NA,year_missing_or_unparseable
23300,Hydnum repandum,d6-12-0,NA,year_missing_or_unparseable
23301,Hydnum repandum,d6-52-0,NA,year_missing_or_unparseable
23302,Hydnum repandum,d6-31-0,NA,year_missing_or_unparseable
23303,Hydnum repandum,c4-27-0,NA,year_missing_or_unparseable
23304,Hydnum repandum,d6-41-0,NA,year_missing_or_unparseable
23317,Hydnum repandum,d1-45-0,NA,year_missing_or_unparseable
23318,Hydnum repandum,d3-44-10,NA,year_missing_or_unparseable
23319,Hydnum repandum,d3-54-0,NA,year_missing_or_unparseable
23320,Hydnum repandum,d3-53-0,NA,year_missing_or_unparseable
23321,Hydnum repandum,d3-43-0,NA,year_missing_or_unparseable
23322,Hydnum repandum,d3-34-0,NA,year_missing_or_unparseable
23336,Hydnum repandum,j6-41-30,NA,year_missing_or_unparseable
23337,Hydnum repandum,j5-57-14,NA,year_missing_or_unparseable
23338,Hydnum repandum,j6-52-10,NA,year_missing_or_unparseable
23339,Hydnum repandum,j6-22-20,NA,year_missing_or_unparseable
23340,Hydnum repandum,j6-31-0,NA,year_missing_or_unparseable
23341,Hydnum repandum,j5-58-31,NA,year_missing_or_unparseable
23342,Hydnum repandum,j6-54-31,NA,year_missing_or_unparseable
23343,Hydnum repandum,j6-54-10,NA,year_missing_or_unparseable
23344,Hydnum repandum,h6-53-40,NA,year_missing_or_unparseable
23345,Hydnum repandum,j6-35-10,NA,year_missing_or_unparseable
23346,Hydnum repandum,j6-34-12,NA,year_missing_or_unparseable
23347,Hydnum repandum,j6-33-41,NA,year_missing_or_unparseable
23348,Hydnum repandum,j6-34-32,NA,year_missing_or_unparseable
23349,Hydnum repandum,j6-33-21,NA,year_missing_or_unparseable
23402,Hydnum repandum,j5-58-11,NA,year_missing_or_unparseable
23403,Hydnum repandum,j5-58-14,NA,year_missing_or_unparseable
23404,Hydnum repandum,j6-53-43,NA,year_missing_or_unparseable
23405,Hydnum repandum,j5-57-0,NA,year_missing_or_unparseable
23406,Hydnum repandum,j6-47-43,NA,year_missing_or_unparseable
23407,Hydnum repandum,j6-34-0,NA,year_missing_or_unparseable
23466,Hydnum rufescens,d5-45-33,NA,year_missing_or_unparseable
23492,Hydnum rufescens,d2-16-14,NA,year_missing_or_unparseable
23518,Hydnum rufescens,j6-33-21,NA,year_missing_or_unparseable
23519,Hydnum rufescens,j5-58-14,NA,year_missing_or_unparseable
23520,Hydnum rufescens,j6-22-20,NA,year_missing_or_unparseable
23521,Hydnum rufescens,j6-34-12,NA,year_missing_or_unparseable
23531,Hydnum rufescens,j6-53-43,NA,year_missing_or_unparseable
23566,Hygrocybe acutoconica,e2-44-41,NA,year_missing_or_unparseable
23575,Hygrocybe acutoconica,j6-33-21,NA,year_missing_or_unparseable
23631,Cuphophyllus pratensis,e3-51-13,NA,year_missing_or_unparseable
23632,Cuphophyllus pratensis,c2-46-14,NA,year_missing_or_unparseable
23633,Cuphophyllus pratensis,b6-31-0,NA,year_missing_or_unparseable
23637,Cuphophyllus pratensis,j6-33-21,NA,year_missing_or_unparseable
23638,Cuphophyllus pratensis,j5-58-31,NA,year_missing_or_unparseable
23639,Cuphophyllus pratensis,j6-31-13,NA,year_missing_or_unparseable
23640,Cuphophyllus pratensis,h6-53-40,NA,year_missing_or_unparseable
23644,Cuphophyllus pratensis,e4-38-0,NA,year_missing_or_unparseable
23645,Cuphophyllus pratensis,g7-13-0,NA,year_missing_or_unparseable
23655,Cuphophyllus pratensis,c3-25-0,NA,year_missing_or_unparseable
23656,Cuphophyllus pratensis,d3-14-0,NA,year_missing_or_unparseable
23662,Cuphophyllus pratensis,e4-37-42,NA,year_missing_or_unparseable
23678,Cuphophyllus pratensis,j5-58-14,NA,year_missing_or_unparseable
23699,Hygrocybe cantharellus,j5-31-34,NA,year_missing_or_unparseable
23783,Hygrocybe chlorophana,b5-37-42,NA,year_missing_or_unparseable
23784,Hygrocybe chlorophana,c5-32-0,NA,year_missing_or_unparseable
23832,Hygrocybe coccinea,d3-33-0,NA,year_missing_or_unparseable
23833,Hygrocybe coccinea,d3-44-10,NA,year_missing_or_unparseable
23834,Hygrocybe coccinea,d3-34-0,NA,year_missing_or_unparseable
24007,Hygrocybe conica,e3-51-13,NA,year_missing_or_unparseable
24018,Hygrocybe conica,c2-46-13,NA,year_missing_or_unparseable
24019,Hygrocybe conica,e2-44-41,NA,year_missing_or_unparseable
24027,Hygrocybe conica,e3-33-44,NA,year_missing_or_unparseable
24030,Hygrocybe conica,c4-28-0,NA,year_missing_or_unparseable
24031,Hygrocybe conica,e6-24-0,NA,year_missing_or_unparseable
24032,Hygrocybe conica,d4-38-0,NA,year_missing_or_unparseable
24033,Hygrocybe conica,c6-21-0,NA,year_missing_or_unparseable
24034,Hygrocybe conica,b5-37-42,NA,year_missing_or_unparseable
24035,Hygrocybe conica,b5-47-22,NA,year_missing_or_unparseable
24036,Hygrocybe conica,b6-41-42,NA,year_missing_or_unparseable
24037,Hygrocybe conica,b6-41-11,NA,year_missing_or_unparseable
24082,Hygrocybe conica,j6-33-21,NA,year_missing_or_unparseable
24110,Hygrocybe conica,e2-32-13,NA,year_missing_or_unparseable
24111,Hygrocybe conica,j5-58-11,NA,year_missing_or_unparseable
24112,Hygrocybe conica,j5-58-14,NA,year_missing_or_unparseable
24166,Hygrocybe conica,d7-41-12,NA,year_missing_or_unparseable
24172,Hygrocybe conica,d3-22-34,NA,year_missing_or_unparseable
24174,Hygrocybe conica,c1-41-0,NA,year_missing_or_unparseable
24175,Hygrocybe conica,e2-28-0,NA,year_missing_or_unparseable
24176,Hygrocybe conica,d3-58-0,NA,year_missing_or_unparseable
24181,Hygrocybe conica,e4-37-42,NA,year_missing_or_unparseable
24200,Hygrocybe conica,c5-25-0,NA,year_missing_or_unparseable
24201,Hygrocybe conica,d5-51-31,NA,year_missing_or_unparseable
24202,Hygrocybe conica,c4-18-44,NA,year_missing_or_unparseable
24251,Hygrocybe conica,e5-23-0,NA,year_missing_or_unparseable
24252,Hygrocybe conica,d5-45-20,NA,year_missing_or_unparseable
24300,Hygrocybe constrictaspora,j6-33-21,NA,year_missing_or_unparseable
24301,Hygrocybe constrictaspora,j5-58-31,NA,year_missing_or_unparseable
24315,Cuphophyllus flavipes,e4-37-42,NA,year_missing_or_unparseable
24319,Cuphophyllus fornicatus,g7-15-0,NA,year_missing_or_unparseable
24320,Cuphophyllus fornicatus,g7-13-0,NA,year_missing_or_unparseable
24321,Cuphophyllus fornicatus,g4-57-0,NA,year_missing_or_unparseable
24481,Hygrocybe insipida,j5-58-14,NA,year_missing_or_unparseable
24523,Gliophorus irrigatus,e4-37-42,NA,year_missing_or_unparseable
24527,Gliophorus irrigatus,e4-38-0,NA,year_missing_or_unparseable
24529,Hygrocybe acutoconica,j6-33-21,NA,year_missing_or_unparseable
24541,Gliophorus laetus,c4-28-20,NA,year_missing_or_unparseable
24548,Gliophorus laetus,e4-38-0,NA,year_missing_or_unparseable
24553,Gliophorus laetus,d3-35-0,NA,year_missing_or_unparseable
24556,Gliophorus laetus,e4-37-42,NA,year_missing_or_unparseable
24644,Hygrocybe miniata,d5-45-33,NA,year_missing_or_unparseable
24682,Hygrocybe miniata,e6-25-12,NA,year_missing_or_unparseable
24696,Hygrocybe miniata,d3-34-0,NA,year_missing_or_unparseable
24701,Hygrocybe miniata,d3-53-0,NA,year_missing_or_unparseable
24726,Hygrocybe miniata,d4-38-0,NA,year_missing_or_unparseable
24727,Hygrocybe miniata,c6-55-0,NA,year_missing_or_unparseable
24730,Hygrocybe miniata,c4-36-41,NA,year_missing_or_unparseable
24731,Hygrocybe miniata,b6-41-0,NA,year_missing_or_unparseable
24732,Hygrocybe miniata,b6-41-11,NA,year_missing_or_unparseable
24742,Hygrocybe miniata,d5-51-31,NA,year_missing_or_unparseable
24832,Hygrocybe miniata,d7-41-12,NA,year_missing_or_unparseable
24846,Hygrocybe miniata,e5-33-0,NA,year_missing_or_unparseable
24853,Hygrocybe miniata,b5-47-0,NA,year_missing_or_unparseable
24870,Hygrocybe miniata,b6-41-42,NA,year_missing_or_unparseable
24871,Hygrocybe miniata,e4-38-0,NA,year_missing_or_unparseable
24872,Hygrocybe miniata,b6-31-0,NA,year_missing_or_unparseable
24879,Hygrocybe miniata,c5-13-34,NA,year_missing_or_unparseable
24906,Hygrocybe mucronella,g7-13-0,NA,year_missing_or_unparseable
24910,Hygrocybe murinacea,g7-13-0,NA,year_missing_or_unparseable
24920,Hygrocybe obrussea,j5-58-14,NA,year_missing_or_unparseable
24921,Hygrocybe obrussea,g7-13-0,NA,year_missing_or_unparseable
24930,Neohygrocybe ovina,j6-46-0,NA,year_missing_or_unparseable
25013,Gliophorus psittacinus,e2-44-41,NA,year_missing_or_unparseable
25017,Gliophorus psittacinus,b5-37-42,NA,year_missing_or_unparseable
25018,Gliophorus psittacinus,b6-31-0,NA,year_missing_or_unparseable
25019,Gliophorus psittacinus,b6-41-11,NA,year_missing_or_unparseable
25034,Gliophorus psittacinus,h6-53-40,NA,year_missing_or_unparseable
25053,Gliophorus psittacinus,e4-37-0,NA,year_missing_or_unparseable
25054,Gliophorus psittacinus,e4-38-0,NA,year_missing_or_unparseable
25055,Gliophorus psittacinus,f4-23-0,NA,year_missing_or_unparseable
25075,Gliophorus psittacinus,d3-22-34,NA,year_missing_or_unparseable
25077,Gliophorus psittacinus,b1-56-0,NA,year_missing_or_unparseable
25078,Gliophorus psittacinus,e5-23-0,NA,year_missing_or_unparseable
25079,Gliophorus psittacinus,e5-12-0,NA,year_missing_or_unparseable
25081,Gliophorus psittacinus,b5-47-0,NA,year_missing_or_unparseable
25082,Gliophorus psittacinus,d5-51-31,NA,year_missing_or_unparseable
25083,Gliophorus psittacinus,c4-18-44,NA,year_missing_or_unparseable
25084,Gliophorus psittacinus,e4-37-42,NA,year_missing_or_unparseable
25091,Gliophorus psittacinus,e4-37-34,NA,year_missing_or_unparseable
25123,Cuphophyllus russocoriaceus,e6-24-0,NA,year_missing_or_unparseable
25132,Hygrocybe sp.,c4-27-42,2012,unresolved_taxon
25246,Cuphophyllus virgineus,e2-44-41,NA,year_missing_or_unparseable
25251,Cuphophyllus virgineus,d3-22-0,NA,year_missing_or_unparseable
25261,Cuphophyllus virgineus,c4-26-0,NA,year_missing_or_unparseable
25298,Cuphophyllus virgineus,j5-31-34,NA,year_missing_or_unparseable
25299,Cuphophyllus virgineus,j5-58-14,NA,year_missing_or_unparseable
25300,Cuphophyllus virgineus,j5-58-31,NA,year_missing_or_unparseable
25301,Cuphophyllus virgineus,j6-33-21,NA,year_missing_or_unparseable
25317,Cuphophyllus virgineus,j6-46-0,NA,year_missing_or_unparseable
25375,Cuphophyllus virgineus,e4-37-34,NA,year_missing_or_unparseable
25804,Hygrophoropsis aurantiaca,e5-43-12,NA,year_missing_or_unparseable
25811,Hygrophoropsis aurantiaca,e5-16-20,NA,year_missing_or_unparseable
25902,Hygrophoropsis aurantiaca,h6-53-40,NA,year_missing_or_unparseable
25903,Hygrophoropsis aurantiaca,j6-44-30,NA,year_missing_or_unparseable
25971,Hygrophoropsis aurantiaca,j5-58-14,NA,year_missing_or_unparseable
25972,Hygrophoropsis aurantiaca,j6-47-43,NA,year_missing_or_unparseable
26155,Hygrophoropsis sp.,h7-21-34,2004,unresolved_taxon
26162,Hygrophorus agathosmus,d2-48-20,NA,year_missing_or_unparseable
26166,Hygrophorus agathosmus,h5-28-0,NA,year_missing_or_unparseable
26171,Hygrophorus agathosmus,j6-35-10,NA,year_missing_or_unparseable
26172,Hygrophorus agathosmus,j5-58-14,NA,year_missing_or_unparseable
26173,Hygrophorus agathosmus,j5-58-31,NA,year_missing_or_unparseable
26174,Hygrophorus agathosmus,j6-15-10,NA,year_missing_or_unparseable
26179,Hygrophorus agathosmus,j6-41-30,NA,year_missing_or_unparseable
26180,Hygrophorus agathosmus,j6-15-0,NA,year_missing_or_unparseable
26183,Hygrophorus arbustivus,j6-33-21,NA,year_missing_or_unparseable
26184,Hygrophorus arbustivus,j6-34-12,NA,year_missing_or_unparseable
26191,Hygrophorus chrysodon,e4-37-0,NA,year_missing_or_unparseable
26192,Hygrophorus chrysodon,e4-38-0,NA,year_missing_or_unparseable
26193,Hygrophorus chrysodon,e4-46-0,NA,year_missing_or_unparseable
26198,Hygrophorus chrysodon,j6-15-10,NA,year_missing_or_unparseable
26236,Hygrophorus discoxanthus,j6-34-14,NA,year_missing_or_unparseable
26237,Hygrophorus discoxanthus,j6-34-12,NA,year_missing_or_unparseable
26238,Hygrophorus discoxanthus,j6-54-31,NA,year_missing_or_unparseable
26239,Hygrophorus discoxanthus,j6-15-32,NA,year_missing_or_unparseable
26240,Hygrophorus discoxanthus,j6-33-41,NA,year_missing_or_unparseable
26241,Hygrophorus discoxanthus,j6-34-32,NA,year_missing_or_unparseable
26242,Hygrophorus discoxanthus,j6-33-21,NA,year_missing_or_unparseable
26255,Hygrophorus discoxanthus,j6-52-10,NA,year_missing_or_unparseable
26256,Hygrophorus discoxanthus,j6-34-40,NA,year_missing_or_unparseable
26257,Hygrophorus discoxanthus,j6-31-0,NA,year_missing_or_unparseable
26258,Hygrophorus discoxanthus,j6-34-0,NA,year_missing_or_unparseable
26278,Hygrophorus eburneus,e4-46-20,NA,year_missing_or_unparseable
26282,Hygrophorus eburneus,g7-13-0,NA,year_missing_or_unparseable
26297,Hygrophorus eburneus,j6-34-14,NA,year_missing_or_unparseable
26298,Hygrophorus eburneus,j6-25-30,NA,year_missing_or_unparseable
26299,Hygrophorus eburneus,j6-33-21,NA,year_missing_or_unparseable
26328,Hygrophorus eburneus,j5-56-42,NA,year_missing_or_unparseable
26329,Hygrophorus eburneus,j6-52-10,NA,year_missing_or_unparseable
26330,Hygrophorus eburneus,j6-34-40,NA,year_missing_or_unparseable
26331,Hygrophorus eburneus,j6-34-0,NA,year_missing_or_unparseable
26336,Hygrophorus gliocyclus,j6-33-21,NA,year_missing_or_unparseable
26338,Hygrophorus gliocyclus,j6-34-0,NA,year_missing_or_unparseable
26339,Hygrophorus hedrychii,j5-31-34,NA,year_missing_or_unparseable
26340,Hygrophorus hedrychii,j6-33-21,NA,year_missing_or_unparseable
26341,Hygrophorus hedrychii,j6-34-32,NA,year_missing_or_unparseable
26342,Hygrophorus hedrychii,j6-52-10,NA,year_missing_or_unparseable
26343,Hygrophorus hedrychii,j6-34-40,NA,year_missing_or_unparseable
26344,Hygrophorus hedrychii,j6-31-0,NA,year_missing_or_unparseable
26345,Hygrophorus hedrychii,j6-24-40,NA,year_missing_or_unparseable
26346,Hygrophorus hedrychii,j6-24-42,NA,year_missing_or_unparseable
26347,Hygrophorus hedrychii,j6-34-12,NA,year_missing_or_unparseable
26445,Hygrophorus hypothejus,j5-58-31,NA,year_missing_or_unparseable
26513,Hygrophorus hypothejus,b5-55-0,NA,year_missing_or_unparseable
26515,Hygrophorus latitabundus,j6-33-21,NA,year_missing_or_unparseable
26523,Hygrophorus lucorum,j6-33-21,NA,year_missing_or_unparseable
26538,Hygrophorus nemoreus,j5-58-31,NA,year_missing_or_unparseable
26543,Hygrophorus nemoreus,h5-28-0,NA,year_missing_or_unparseable
26555,Hygrophorus olivaceoalbus,j7-31-30,NA,year_missing_or_unparseable
26567,Hygrophorus olivaceoalbus,j6-47-43,NA,year_missing_or_unparseable
26583,Hygrophorus penarius,j6-34-14,NA,year_missing_or_unparseable
26584,Hygrophorus penarius,j6-34-12,NA,year_missing_or_unparseable
26585,Hygrophorus penarius,j6-33-41,NA,year_missing_or_unparseable
26586,Hygrophorus penarius,j6-33-21,NA,year_missing_or_unparseable
26590,Hygrophorus penarius,j6-52-10,NA,year_missing_or_unparseable
26591,Hygrophorus penarius,j6-34-40,NA,year_missing_or_unparseable
26592,Hygrophorus penarius,j5-57-0,NA,year_missing_or_unparseable
26598,Hygrophorus persoonii,j6-33-21,NA,year_missing_or_unparseable
26599,Hygrophorus persoonii,j6-32-43,NA,year_missing_or_unparseable
26603,Hygrophorus persoonii,j6-24-40,NA,year_missing_or_unparseable
26607,Hygrophorus poetarum,e5-33-31,NA,year_missing_or_unparseable
26641,Hygrophorus pustulatus,j5-57-14,NA,year_missing_or_unparseable
26655,Hygrophorus pustulatus,j5-56-42,NA,year_missing_or_unparseable
26656,Hygrophorus pustulatus,j6-15-0,NA,year_missing_or_unparseable
26657,Hygrophorus pustulatus,j6-34-40,NA,year_missing_or_unparseable
26658,Hygrophorus pustulatus,j6-53-43,NA,year_missing_or_unparseable
26659,Hygrophorus pustulatus,j5-57-0,NA,year_missing_or_unparseable
26664,Hygrophorus russula,e5-23-0,NA,year_missing_or_unparseable
26665,Hygrophorus russula,e5-14-0,NA,year_missing_or_unparseable
26666,Hygrophorus russula,b1-48-0,NA,year_missing_or_unparseable
26667,Hygrophorus russula,c1-41-0,NA,year_missing_or_unparseable
26670,Hygrophorus russula,j6-33-21,NA,year_missing_or_unparseable
26687,Hygrophorus unicolor,j5-31-34,NA,year_missing_or_unparseable
26688,Hygrophorus unicolor,j6-33-21,NA,year_missing_or_unparseable
26689,Hygrophorus unicolor,j6-34-14,NA,year_missing_or_unparseable
26690,Hygrophorus unicolor,j6-34-12,NA,year_missing_or_unparseable
27433,Lactarius blennius,d5-45-33,NA,year_missing_or_unparseable
27434,Lactarius blennius,d5-45-33,NA,year_missing_or_unparseable
27504,Lactarius blennius,d3-54-0,NA,year_missing_or_unparseable
28280,Lactarius camphoratus,e5-52-12,NA,year_missing_or_unparseable
28459,Lactarius camphoratus,d6-46-23,NA,year_missing_or_unparseable
28498,Lactarius camphoratus,d6-36-44,NA,year_missing_or_unparseable
28616,Lactarius camphoratus,d5-45-33,NA,year_missing_or_unparseable
29755,Lactarius chrysorrheus,e2-28-0,NA,year_missing_or_unparseable
29809,Lactarius chrysorrheus,d6-42-20,NA,year_missing_or_unparseable
29916,Lactarius chrysorrheus,d3-24-0,NA,year_missing_or_unparseable
30034,Lactarius chrysorrheus,c5-13-34,NA,year_missing_or_unparseable
30387,Lactarius circellatus,e2-32-13,NA,year_missing_or_unparseable
30495,Lactarius controversus,e5-33-0,NA,year_missing_or_unparseable
30501,Lactarius controversus,e5-23-0,NA,year_missing_or_unparseable
30503,Lactarius controversus,e5-13-0,NA,year_missing_or_unparseable
30504,Lactarius controversus,e5-13-0,NA,year_missing_or_unparseable
30586,Lactarius controversus,e2-32-44,NA,year_missing_or_unparseable
30702,Lactarius controversus,d3-24-30,NA,year_missing_or_unparseable
31112,Lactarius deliciosus,e6-26-0,NA,year_missing_or_unparseable
31113,Lactarius deliciosus,e6-13-0,NA,year_missing_or_unparseable
31114,Lactarius deliciosus,e6-12-10,NA,year_missing_or_unparseable
31115,Lactarius deliciosus,e5-27-0,NA,year_missing_or_unparseable
31119,Lactarius deliciosus,d6-55-0,NA,year_missing_or_unparseable
31120,Lactarius deliciosus,d6-54-0,NA,year_missing_or_unparseable
31121,Lactarius deliciosus,d6-52-0,NA,year_missing_or_unparseable
31123,Lactarius deliciosus,d6-44-0,NA,year_missing_or_unparseable
31124,Lactarius deliciosus,d6-41-0,NA,year_missing_or_unparseable
31129,Lactarius deliciosus,d6-33-0,NA,year_missing_or_unparseable
31130,Lactarius deliciosus,d6-32-0,NA,year_missing_or_unparseable
31131,Lactarius deliciosus,d6-31-0,NA,year_missing_or_unparseable
31134,Lactarius deliciosus,d6-24-0,NA,year_missing_or_unparseable
31139,Lactarius deliciosus,d6-12-0,NA,year_missing_or_unparseable
31140,Lactarius deliciosus,d5-58-20,NA,year_missing_or_unparseable
31141,Lactarius deliciosus,d5-57-0,NA,year_missing_or_unparseable
31144,Lactarius deliciosus,d5-48-0,NA,year_missing_or_unparseable
31145,Lactarius deliciosus,d5-47-0,NA,year_missing_or_unparseable
31148,Lactarius deliciosus,d5-28-0,NA,year_missing_or_unparseable
31168,Lactarius deliciosus,c4-28-0,NA,year_missing_or_unparseable
31169,Lactarius deliciosus,c4-27-0,NA,year_missing_or_unparseable
31173,Lactarius deliciosus,c4-18-0,NA,year_missing_or_unparseable
31452,Lactarius fluens,e2-32-13,NA,year_missing_or_unparseable
31847,Lactarius glyciosmus,d5-45-31,NA,year_missing_or_unparseable
31848,Lactarius glyciosmus,d5-45-33,NA,year_missing_or_unparseable
31935,Lactarius glyciosmus,d3-33-43,NA,year_missing_or_unparseable
32224,Lactarius glyciosmus,c4-36-41,NA,year_missing_or_unparseable
32549,Lactarius helvus,f5-21-0,NA,year_missing_or_unparseable
32568,Lactarius helvus,e4-46-0,NA,year_missing_or_unparseable
32569,Lactarius helvus,e4-38-0,NA,year_missing_or_unparseable
32640,Lactarius helvus,d5-45-33,NA,year_missing_or_unparseable
32792,Lactarius helvus,b6-31-0,NA,year_missing_or_unparseable
32814,Lactarius helvus,a0-00-0,NA,year_missing_or_unparseable
33410,Lactarius hepaticus,c5-13-34,NA,year_missing_or_unparseable
33419,Lactarius hepaticus,c5-13-32,NA,year_missing_or_unparseable
33714,Lactarius hysginus,b4-58-33,NA,year_missing_or_unparseable
33743,Lactarius lacunarum,e2-32-13,NA,year_missing_or_unparseable
33756,Lactarius lacunarum,e2-32-43,NA,year_missing_or_unparseable
33764,Lactarius lacunarum,e2-32-44,NA,year_missing_or_unparseable
34002,Lactarius lacunarum,d3-22-43,NA,year_missing_or_unparseable
34549,Lactarius necator,e2-32-43,NA,year_missing_or_unparseable
34555,Lactarius necator,e2-32-44,NA,year_missing_or_unparseable
34921,Lactarius necator,d5-45-33,NA,year_missing_or_unparseable
34926,Lactarius necator,d5-45-31,NA,year_missing_or_unparseable
34927,Lactarius necator,d5-45-33,NA,year_missing_or_unparseable
34929,Lactarius necator,d5-45-33,NA,year_missing_or_unparseable
34930,Lactarius necator,d5-45-33,NA,year_missing_or_unparseable
35060,Lactarius necator,d3-33-43,NA,year_missing_or_unparseable
35073,Lactarius necator,d3-11-40,NA,year_missing_or_unparseable
35750,Lactarius necator,c3-52-13,NA,year_missing_or_unparseable
36248,Lactarius obscuratus,e3-12-0,NA,year_missing_or_unparseable
36646,Lactarius obscuratus,c4-17-34,NA,year_missing_or_unparseable
36954,Lactarius pallidus,e2-32-13,NA,year_missing_or_unparseable
36982,Lactifluus piperatus,e4-46-0,NA,year_missing_or_unparseable
37101,Lactarius pubescens,e2-32-43,NA,year_missing_or_unparseable
37118,Lactarius pubescens,e2-32-44,NA,year_missing_or_unparseable
37186,Lactarius pubescens,d6-48-23,NA,year_missing_or_unparseable
37336,Lactarius pubescens,d5-45-33,NA,year_missing_or_unparseable
37967,Lactarius pyrogalus,d5-45-33,NA,year_missing_or_unparseable
37988,Lactarius pyrogalus,d3-22-30,NA,year_missing_or_unparseable
38362,Lactarius quietus,e5-52-12,NA,year_missing_or_unparseable
38393,Lactarius quietus,e5-43-12,NA,year_missing_or_unparseable
39439,Lactarius quietus,d5-45-33,NA,year_missing_or_unparseable
39440,Lactarius quietus,d5-45-33,NA,year_missing_or_unparseable
39443,Lactarius quietus,d5-45-33,NA,year_missing_or_unparseable
41820,Lactarius repraesentaneus,b6-31-0,NA,year_missing_or_unparseable
41899,Lactarius rufus,e3-54-30,NA,year_missing_or_unparseable
41902,Lactarius rufus,e3-24-0,NA,year_missing_or_unparseable
42151,Lactarius rufus,d5-45-33,NA,year_missing_or_unparseable
42241,Lactarius rufus,d3-33-43,NA,year_missing_or_unparseable
42252,Lactarius rufus,d2-16-14,NA,year_missing_or_unparseable
42253,Lactarius rufus,d2-16-0,NA,year_missing_or_unparseable
42408,Lactarius rufus,c6-15-42,NA,year_missing_or_unparseable
42409,Lactarius rufus,c6-15-42,NA,year_missing_or_unparseable
42411,Lactarius rufus,c6-15-43,NA,year_missing_or_unparseable
43405,Lactarius scrobiculatus,d3-54-0,NA,year_missing_or_unparseable
43410,Lactarius scrobiculatus,d3-33-0,NA,year_missing_or_unparseable
43465,Lactarius scrobiculatus,c3-53-0,NA,year_missing_or_unparseable
43471,Lactarius scrobiculatus,b6-32-0,NA,year_missing_or_unparseable
43535,Lactarius semisanguifluus,e2-32-13,NA,year_missing_or_unparseable
43723,Lactarius sp.,d0-16-12,2002,unresolved_taxon
43724,Lactarius sp.,d0-16-23,2014,unresolved_taxon
43725,Lactarius sp.,b5-27-24,2014,unresolved_taxon
43797,Lactarius subdulcis,e5-43-12,NA,year_missing_or_unparseable
43807,Lactarius subdulcis,e5-43-12,NA,year_missing_or_unparseable
44148,Lactarius subdulcis,e2-32-13,NA,year_missing_or_unparseable
46258,Lactarius tabidus,e5-52-12,NA,year_missing_or_unparseable
46376,Lactarius tabidus,e5-13-34,NA,year_missing_or_unparseable
46630,Lactarius tabidus,d6-42-20,NA,year_missing_or_unparseable
46834,Lactarius tabidus,d5-45-33,NA,year_missing_or_unparseable
46835,Lactarius tabidus,d5-45-33,NA,year_missing_or_unparseable
46836,Lactarius tabidus,d5-45-31,NA,year_missing_or_unparseable
47328,Lactarius tabidus,c5-13-34,NA,year_missing_or_unparseable
47329,Lactarius tabidus,c5-13-34,NA,year_missing_or_unparseable
48288,Lactarius torminosus,e2-32-43,NA,year_missing_or_unparseable
48389,Lactarius torminosus,d5-45-33,NA,year_missing_or_unparseable
48425,Lactarius torminosus,c6-15-42,NA,year_missing_or_unparseable
48426,Lactarius torminosus,c6-15-43,NA,year_missing_or_unparseable
48427,Lactarius torminosus,c6-15-42,NA,year_missing_or_unparseable
48553,Lactarius torminosus,b4-57-23,NA,year_missing_or_unparseable
48636,Lactarius trivialis,b5-32-0,NA,year_missing_or_unparseable
48637,Lactarius trivialis,b4-27-0,NA,year_missing_or_unparseable
48670,Lactifluus vellereus,e4-57-10,NA,year_missing_or_unparseable
48863,Lactifluus vellereus,c4-36-10,NA,year_missing_or_unparseable
49478,Lactarius vietus,d2-16-14,NA,year_missing_or_unparseable
49527,Lactarius vietus,c6-21-0,NA,year_missing_or_unparseable
49617,Lactarius vietus,c4-28-0,NA,year_missing_or_unparseable
49620,Lactarius vietus,c4-18-0,NA,year_missing_or_unparseable
49825,Lactifluus volemus,e5-33-0,NA,year_missing_or_unparseable
49829,Lactifluus volemus,e4-47-0,NA,year_missing_or_unparseable
49831,Lactifluus volemus,e4-45-24,NA,year_missing_or_unparseable
49833,Lactifluus volemus,e4-37-0,NA,year_missing_or_unparseable
49837,Lactifluus volemus,e4-24-0,NA,year_missing_or_unparseable
49838,Lactifluus volemus,e3-23-0,NA,year_missing_or_unparseable
49843,Lactifluus volemus,e2-28-0,NA,year_missing_or_unparseable
49844,Lactifluus volemus,d6-43-0,NA,year_missing_or_unparseable
49845,Lactifluus volemus,d6-42-10,NA,year_missing_or_unparseable
49853,Lactifluus volemus,a0-00-0,NA,year_missing_or_unparseable
49864,Lactarius zonarius,d6-34-34,NA,year_missing_or_unparseable
50027,Calvatia gigantea,e5-13-21,NA,year_missing_or_unparseable
50035,Calvatia gigantea,d3-11-40,NA,year_missing_or_unparseable
50076,Calvatia gigantea,c3-23-0,NA,year_missing_or_unparseable
50077,Calvatia gigantea,e3-14-0,NA,year_missing_or_unparseable
50078,Calvatia gigantea,c2-24-0,NA,year_missing_or_unparseable
50079,Calvatia gigantea,d3-43-0,NA,year_missing_or_unparseable
50092,Calvatia gigantea,b6-31-0,NA,year_missing_or_unparseable
50098,Calvatia gigantea,c3-11-0,NA,year_missing_or_unparseable
50099,Calvatia gigantea,d2-36-0,NA,year_missing_or_unparseable
50100,Calvatia gigantea,e2-28-0,NA,year_missing_or_unparseable
50135,Calvatia gigantea,e2-32-13,NA,year_missing_or_unparseable
50289,Leccinum albostipitatum,e4-38-33,NA,year_missing_or_unparseable
50544,Leccinellum pseudoscabrum,d3-32-10,NA,year_missing_or_unparseable
50545,Leccinellum pseudoscabrum,d2-16-14,NA,year_missing_or_unparseable
50547,Leccinellum pseudoscabrum,c5-11-0,NA,year_missing_or_unparseable
50557,Leccinellum pseudoscabrum,j6-33-21,NA,year_missing_or_unparseable
50558,Leccinellum pseudoscabrum,j6-15-10,NA,year_missing_or_unparseable
50576,Leccinellum pseudoscabrum,d6-35-42,NA,year_missing_or_unparseable
50596,Leccinellum crocipodium,j6-34-40,NA,year_missing_or_unparseable
50634,Leccinum duriusculum,d5-45-33,NA,year_missing_or_unparseable
50651,Leccinum duriusculum,e4-46-0,NA,year_missing_or_unparseable
50696,Leccinum holopus,h5-28-0,NA,year_missing_or_unparseable
50904,Leccinum aurantiacum,j6-33-21,NA,year_missing_or_unparseable
50905,Leccinum aurantiacum,j6-54-31,NA,year_missing_or_unparseable
51092,Leccinum scabrum,d6-31-0,NA,year_missing_or_unparseable
51150,Leccinum scabrum,e3-12-0,NA,year_missing_or_unparseable
51151,Leccinum scabrum,d3-43-0,NA,year_missing_or_unparseable
51152,Leccinum scabrum,d3-44-10,NA,year_missing_or_unparseable
51153,Leccinum scabrum,d3-34-0,NA,year_missing_or_unparseable
51158,Leccinum scabrum,e4-46-0,NA,year_missing_or_unparseable
51159,Leccinum scabrum,h5-28-0,NA,year_missing_or_unparseable
51160,Leccinum scabrum,m7-42-0,NA,year_missing_or_unparseable
51161,Leccinum scabrum,g7-13-0,NA,year_missing_or_unparseable
51162,Leccinum scabrum,e4-37-0,NA,year_missing_or_unparseable
51163,Leccinum scabrum,e4-38-0,NA,year_missing_or_unparseable
51164,Leccinum scabrum,e4-57-10,NA,year_missing_or_unparseable
51176,Leccinum scabrum,j6-54-31,NA,year_missing_or_unparseable
51177,Leccinum scabrum,j6-34-12,NA,year_missing_or_unparseable
51178,Leccinum scabrum,j6-34-40,NA,year_missing_or_unparseable
51179,Leccinum scabrum,j6-15-32,NA,year_missing_or_unparseable
51180,Leccinum scabrum,j6-34-32,NA,year_missing_or_unparseable
51181,Leccinum scabrum,j6-44-30,NA,year_missing_or_unparseable
51182,Leccinum scabrum,j6-33-21,NA,year_missing_or_unparseable
51183,Leccinum scabrum,j6-15-10,NA,year_missing_or_unparseable
51282,Leccinum scabrum,j6-41-30,NA,year_missing_or_unparseable
51283,Leccinum scabrum,j5-58-14,NA,year_missing_or_unparseable
51284,Leccinum scabrum,j6-47-43,NA,year_missing_or_unparseable
51303,Leccinum scabrum,c4-18-32,NA,year_missing_or_unparseable
51544,Leccinum scabrum,c6-15-42,NA,year_missing_or_unparseable
51545,Leccinum scabrum,d6-38-33,NA,year_missing_or_unparseable
51598,Leccinum scabrum,d5-45-33,NA,year_missing_or_unparseable
51746,Leccinum scabrum s.s.,e5-52-12,NA,year_missing_or_unparseable
51762,Leccinum scabrum s.s.,e5-13-12,NA,year_missing_or_unparseable
51763,Leccinum scabrum s.s.,d5-45-33,NA,year_missing_or_unparseable
51998,Leccinum variicolor,d5-45-33,NA,year_missing_or_unparseable
52066,Leccinum variicolor,d6-36-44,NA,year_missing_or_unparseable
52102,Leccinum versipelle,d5-45-33,NA,year_missing_or_unparseable
52111,Leccinum versipelle,d4-33-0,NA,year_missing_or_unparseable
52153,Leccinum versipelle,j6-41-30,NA,year_missing_or_unparseable
52154,Leccinum versipelle,j5-58-14,NA,year_missing_or_unparseable
52155,Leccinum versipelle,j6-54-31,NA,year_missing_or_unparseable
52156,Leccinum versipelle,j6-34-12,NA,year_missing_or_unparseable
52323,Lentinus tigrinus,b4-27-41,NA,year_missing_or_unparseable
52355,Lentinus tigrinus,b4-57-23,NA,year_missing_or_unparseable
52356,Lentinus tigrinus,b6-31-0,NA,year_missing_or_unparseable
52539,Leotia lubrica,e5-52-12,NA,year_missing_or_unparseable
52600,Leotia lubrica,b4-48-21,NA,year_missing_or_unparseable
52624,Leotia lubrica,e3-56-0,NA,year_missing_or_unparseable
52625,Leotia lubrica,c2-22-0,NA,year_missing_or_unparseable
52626,Leotia lubrica,e2-32-0,NA,year_missing_or_unparseable
52627,Leotia lubrica,e1-34-0,NA,year_missing_or_unparseable
52631,Leotia lubrica,e2-26-0,NA,year_missing_or_unparseable
52650,Leotia lubrica,j6-41-30,NA,year_missing_or_unparseable
52651,Leotia lubrica,j6-33-21,NA,year_missing_or_unparseable
52652,Leotia lubrica,j6-22-20,NA,year_missing_or_unparseable
52696,Leotia lubrica,e2-32-13,NA,year_missing_or_unparseable
52701,Leotia lubrica,j6-47-43,NA,year_missing_or_unparseable
52702,Leotia lubrica,j6-34-12,NA,year_missing_or_unparseable
52801,Limacellopsis guttata,j5-58-14,NA,year_missing_or_unparseable
52810,Limacellopsis guttata,j6-34-40,NA,year_missing_or_unparseable
52848,Lycoperdon echinatum,e3-38-43,NA,year_missing_or_unparseable
52849,Lycoperdon echinatum,c3-53-0,NA,year_missing_or_unparseable
52850,Lycoperdon echinatum,d3-22-0,NA,year_missing_or_unparseable
52866,Lycoperdon echinatum,h6-53-40,NA,year_missing_or_unparseable
52867,Lycoperdon echinatum,j6-34-12,NA,year_missing_or_unparseable
52868,Lycoperdon echinatum,j6-33-21,NA,year_missing_or_unparseable
52882,Lycoperdon echinatum,j5-58-11,NA,year_missing_or_unparseable
53087,Lycoperdon nigrescens,d3-44-10,NA,year_missing_or_unparseable
53114,Lycoperdon nigrescens,j6-44-30,NA,year_missing_or_unparseable
53368,Lycoperdon lividum,d3-44-10,NA,year_missing_or_unparseable
53380,Lycoperdon lividum,j5-31-34,NA,year_missing_or_unparseable
53405,Lycoperdon lividum,j5-58-14,NA,year_missing_or_unparseable
53406,Lycoperdon lividum,j6-24-42,NA,year_missing_or_unparseable
53407,Lycoperdon lividum,c4-26-11,NA,year_missing_or_unparseable
53466,Lycoperdon mammiforme,j6-24-40,NA,year_missing_or_unparseable
53467,Lycoperdon mammiforme,j6-15-32,NA,year_missing_or_unparseable
53468,Lycoperdon mammiforme,j6-34-32,NA,year_missing_or_unparseable
53469,Lycoperdon mammiforme,j6-25-30,NA,year_missing_or_unparseable
53470,Lycoperdon mammiforme,j6-33-21,NA,year_missing_or_unparseable
53471,Lycoperdon mammiforme,j6-15-10,NA,year_missing_or_unparseable
53529,Lycoperdon molle,e5-52-12,NA,year_missing_or_unparseable
53573,Lycoperdon molle,d2-48-20,NA,year_missing_or_unparseable
53600,Lycoperdon molle,j6-33-21,NA,year_missing_or_unparseable
53601,Lycoperdon molle,j5-58-31,NA,year_missing_or_unparseable
53637,Lycoperdon molle,j5-58-14,NA,year_missing_or_unparseable
53918,Lycoperdon perlatum,d5-45-31,NA,year_missing_or_unparseable
54013,Lycoperdon perlatum,d6-47-21,NA,year_missing_or_unparseable
54015,Lycoperdon perlatum,d3-31-32,NA,year_missing_or_unparseable
54036,Lycoperdon perlatum,d2-16-14,NA,year_missing_or_unparseable
54037,Lycoperdon perlatum,d2-38-0,NA,year_missing_or_unparseable
54038,Lycoperdon perlatum,d3-35-0,NA,year_missing_or_unparseable
54078,Lycoperdon perlatum,b4-37-0,NA,year_missing_or_unparseable
54099,Lycoperdon perlatum,e4-36-33,NA,year_missing_or_unparseable
54108,Lycoperdon perlatum,c4-47-33,NA,year_missing_or_unparseable
54167,Lycoperdon perlatum,j6-31-13,NA,year_missing_or_unparseable
54168,Lycoperdon perlatum,j6-22-20,NA,year_missing_or_unparseable
54169,Lycoperdon perlatum,j5-58-31,NA,year_missing_or_unparseable
54170,Lycoperdon perlatum,j6-15-32,NA,year_missing_or_unparseable
54171,Lycoperdon perlatum,j6-34-32,NA,year_missing_or_unparseable
54172,Lycoperdon perlatum,j6-44-30,NA,year_missing_or_unparseable
54308,Lycoperdon perlatum,e2-32-13,NA,year_missing_or_unparseable
54325,Lycoperdon perlatum,j6-41-30,NA,year_missing_or_unparseable
54326,Lycoperdon perlatum,j5-56-42,NA,year_missing_or_unparseable
54327,Lycoperdon perlatum,j6-34-40,NA,year_missing_or_unparseable
54328,Lycoperdon perlatum,j5-58-14,NA,year_missing_or_unparseable
54329,Lycoperdon perlatum,j6-53-43,NA,year_missing_or_unparseable
54330,Lycoperdon perlatum,j6-33-21,NA,year_missing_or_unparseable
54331,Lycoperdon perlatum,j6-34-0,NA,year_missing_or_unparseable
54332,Lycoperdon perlatum,j6-24-42,NA,year_missing_or_unparseable
54333,Lycoperdon perlatum,j6-34-12,NA,year_missing_or_unparseable
54963,Apioperdon pyriforme,c3-52-13,NA,year_missing_or_unparseable
54970,Apioperdon pyriforme,d3-34-32,NA,year_missing_or_unparseable
55024,Apioperdon pyriforme,j6-31-13,NA,year_missing_or_unparseable
55025,Apioperdon pyriforme,j6-33-21,NA,year_missing_or_unparseable
55126,Apioperdon pyriforme,e2-32-13,NA,year_missing_or_unparseable
55133,Apioperdon pyriforme,j5-57-42,NA,year_missing_or_unparseable
55134,Apioperdon pyriforme,j6-52-10,NA,year_missing_or_unparseable
55135,Apioperdon pyriforme,j6-34-12,NA,year_missing_or_unparseable
55308,Lycoperdon sp.,d4-15-0,1993,unresolved_taxon
55309,Lycoperdon sp.,d0-16-23,2014,unresolved_taxon
55324,Lycoperdon umbrinum,d5-45-33,NA,year_missing_or_unparseable
55369,Lycoperdon umbrinum,j5-58-14,NA,year_missing_or_unparseable
55370,Lycoperdon umbrinum,j5-58-31,NA,year_missing_or_unparseable
55385,Lycoperdon umbrinum,d6-21-21,NA,year_missing_or_unparseable
55423,Gymnopus foetidus,j5-58-31,NA,year_missing_or_unparseable
55424,Gymnopus foetidus,j6-15-32,NA,year_missing_or_unparseable
55425,Gymnopus foetidus,j6-33-41,NA,year_missing_or_unparseable
55426,Gymnopus foetidus,j6-34-32,NA,year_missing_or_unparseable
55427,Gymnopus foetidus,j6-25-30,NA,year_missing_or_unparseable
55428,Gymnopus foetidus,j6-33-21,NA,year_missing_or_unparseable
55482,Paragymnopus perforans,e5-43-0,NA,year_missing_or_unparseable
55487,Paragymnopus perforans,a0-00-0,NA,year_missing_or_unparseable
55488,Paragymnopus perforans,l7-47-0,NA,year_missing_or_unparseable
55504,Paragymnopus perforans,j5-57-14,NA,year_missing_or_unparseable
55505,Paragymnopus perforans,j6-33-41,NA,year_missing_or_unparseable
55536,Paragymnopus perforans,j5-57-42,NA,year_missing_or_unparseable
55537,Paragymnopus perforans,j6-41-30,NA,year_missing_or_unparseable
55538,Paragymnopus perforans,j6-52-10,NA,year_missing_or_unparseable
55539,Paragymnopus perforans,j5-58-11,NA,year_missing_or_unparseable
55540,Paragymnopus perforans,j6-34-40,NA,year_missing_or_unparseable
55541,Paragymnopus perforans,j5-58-14,NA,year_missing_or_unparseable
55542,Paragymnopus perforans,j6-47-43,NA,year_missing_or_unparseable
55709,Collybiopsis ramealis,e5-52-12,NA,year_missing_or_unparseable
55823,Collybiopsis ramealis,e5-43-12,NA,year_missing_or_unparseable
55845,Collybiopsis ramealis,d3-44-10,NA,year_missing_or_unparseable
55885,Collybiopsis ramealis,e2-32-0,NA,year_missing_or_unparseable
55949,Collybiopsis ramealis,j6-31-13,NA,year_missing_or_unparseable
55950,Collybiopsis ramealis,j5-58-31,NA,year_missing_or_unparseable
55951,Collybiopsis ramealis,j6-54-31,NA,year_missing_or_unparseable
55952,Collybiopsis ramealis,j6-54-10,NA,year_missing_or_unparseable
55953,Collybiopsis ramealis,h6-53-40,NA,year_missing_or_unparseable
55954,Collybiopsis ramealis,j6-15-32,NA,year_missing_or_unparseable
55955,Collybiopsis ramealis,j6-33-41,NA,year_missing_or_unparseable
55956,Collybiopsis ramealis,j6-34-32,NA,year_missing_or_unparseable
55957,Collybiopsis ramealis,j6-44-30,NA,year_missing_or_unparseable
56074,Collybiopsis ramealis,j6-41-30,NA,year_missing_or_unparseable
56075,Collybiopsis ramealis,j6-52-10,NA,year_missing_or_unparseable
56076,Collybiopsis ramealis,j5-58-11,NA,year_missing_or_unparseable
56077,Collybiopsis ramealis,j5-58-14,NA,year_missing_or_unparseable
56078,Collybiopsis ramealis,j6-53-43,NA,year_missing_or_unparseable
56079,Collybiopsis ramealis,j6-33-21,NA,year_missing_or_unparseable
56080,Collybiopsis ramealis,j6-24-42,NA,year_missing_or_unparseable
56081,Collybiopsis ramealis,j6-34-12,NA,year_missing_or_unparseable
56666,Collybiopsis vaillantii,d3-33-0,NA,year_missing_or_unparseable
56667,Collybiopsis vaillantii,d3-42-0,NA,year_missing_or_unparseable
56668,Collybiopsis vaillantii,d3-54-0,NA,year_missing_or_unparseable
56703,Collybiopsis vaillantii,j5-58-14,NA,year_missing_or_unparseable
56704,Collybiopsis vaillantii,j6-54-10,NA,year_missing_or_unparseable
56705,Collybiopsis vaillantii,j6-34-32,NA,year_missing_or_unparseable
56763,Collybiopsis vaillantii,h6-41-0,NA,year_missing_or_unparseable
56764,Collybiopsis vaillantii,j5-57-0,NA,year_missing_or_unparseable
56765,Collybiopsis vaillantii,j6-34-12,NA,year_missing_or_unparseable
56903,Collybiopsis vaillantii,d2-14-13,NA,year_missing_or_unparseable
56981,Mycetinis alliaceus,j6-54-10,NA,year_missing_or_unparseable
56982,Mycetinis alliaceus,j6-33-21,NA,year_missing_or_unparseable
56996,Mycetinis alliaceus,j6-47-43,NA,year_missing_or_unparseable
57184,Gymnopus androsaceus,e5-43-12,NA,year_missing_or_unparseable
57234,Gymnopus androsaceus,b5-32-0,NA,year_missing_or_unparseable
57277,Gymnopus androsaceus,j6-41-30,NA,year_missing_or_unparseable
57278,Gymnopus androsaceus,j5-58-31,NA,year_missing_or_unparseable
57279,Gymnopus androsaceus,j6-54-31,NA,year_missing_or_unparseable
57280,Gymnopus androsaceus,j6-15-32,NA,year_missing_or_unparseable
57281,Gymnopus androsaceus,j6-34-32,NA,year_missing_or_unparseable
57357,Gymnopus androsaceus,j5-57-42,NA,year_missing_or_unparseable
57358,Gymnopus androsaceus,j6-52-10,NA,year_missing_or_unparseable
57359,Gymnopus androsaceus,j5-58-11,NA,year_missing_or_unparseable
57360,Gymnopus androsaceus,j6-34-40,NA,year_missing_or_unparseable
57361,Gymnopus androsaceus,j5-58-14,NA,year_missing_or_unparseable
57362,Gymnopus androsaceus,j6-47-43,NA,year_missing_or_unparseable
57363,Gymnopus androsaceus,j6-24-42,NA,year_missing_or_unparseable
57621,Marasmius epodius,e5-23-0,NA,year_missing_or_unparseable
57792,Marasmius bulliardii,j6-34-40,NA,year_missing_or_unparseable
57866,Marasmius cohaerens,d5-45-33,NA,year_missing_or_unparseable
57897,Marasmius cohaerens,j6-35-10,NA,year_missing_or_unparseable
57898,Marasmius cohaerens,j6-33-21,NA,year_missing_or_unparseable
57899,Marasmius cohaerens,j6-34-12,NA,year_missing_or_unparseable
57927,Marasmius cohaerens,a0-00-0,NA,year_missing_or_unparseable
58103,Marasmius curreyi,j5-58-31,NA,year_missing_or_unparseable
58253,Marasmius epiphylloides,d5-45-33,NA,year_missing_or_unparseable
58261,Marasmius epiphylloides,e2-32-0,NA,year_missing_or_unparseable
58262,Marasmius epiphylloides,j6-34-12,NA,year_missing_or_unparseable
58263,Marasmius epiphylloides,j6-33-41,NA,year_missing_or_unparseable
58351,Marasmius epiphyllus,f7-42-0,NA,year_missing_or_unparseable
58352,Marasmius epiphyllus,h5-28-0,NA,year_missing_or_unparseable
58383,Marasmius epiphyllus,j6-24-40,NA,year_missing_or_unparseable
58384,Marasmius epiphyllus,j6-33-41,NA,year_missing_or_unparseable
58710,Marasmius oreades,e5-13-21,NA,year_missing_or_unparseable
58711,Marasmius oreades,e5-13-13,NA,year_missing_or_unparseable
58712,Marasmius oreades,d5-45-33,NA,year_missing_or_unparseable
58721,Marasmius oreades,d3-11-40,NA,year_missing_or_unparseable
58819,Marasmius oreades,c3-52-13,NA,year_missing_or_unparseable
58828,Marasmius oreades,e6-25-12,NA,year_missing_or_unparseable
58830,Marasmius oreades,c3-35-32,NA,year_missing_or_unparseable
58832,Marasmius oreades,e3-51-13,NA,year_missing_or_unparseable
58950,Marasmius oreades,e4-25-0,NA,year_missing_or_unparseable
58992,Marasmius oreades,h6-53-40,NA,year_missing_or_unparseable
58995,Marasmius oreades,d3-58-30,NA,year_missing_or_unparseable
59114,Marasmius oreades,e2-32-13,NA,year_missing_or_unparseable
59115,Marasmius oreades,j6-33-21,NA,year_missing_or_unparseable
59149,Marasmius oreades,c4-17-0,NA,year_missing_or_unparseable
59528,Collybiopsis quercophila,e5-52-12,NA,year_missing_or_unparseable
59584,Collybiopsis quercophila,b6-31-0,NA,year_missing_or_unparseable
59596,Collybiopsis quercophila,j6-54-10,NA,year_missing_or_unparseable
59597,Collybiopsis quercophila,h6-53-40,NA,year_missing_or_unparseable
59598,Collybiopsis quercophila,j6-33-21,NA,year_missing_or_unparseable
59610,Collybiopsis quercophila,j6-34-40,NA,year_missing_or_unparseable
59809,Marasmius rotula,e5-52-12,NA,year_missing_or_unparseable
59946,Marasmius rotula,e4-45-0,NA,year_missing_or_unparseable
59988,Marasmius rotula,j6-54-31,NA,year_missing_or_unparseable
59989,Marasmius rotula,j6-34-12,NA,year_missing_or_unparseable
59990,Marasmius rotula,h6-53-40,NA,year_missing_or_unparseable
59991,Marasmius rotula,j6-15-32,NA,year_missing_or_unparseable
59992,Marasmius rotula,j6-33-41,NA,year_missing_or_unparseable
59993,Marasmius rotula,j6-34-32,NA,year_missing_or_unparseable
59995,Marasmius rotula,d3-58-30,NA,year_missing_or_unparseable
60107,Marasmius rotula,j5-58-11,NA,year_missing_or_unparseable
60108,Marasmius rotula,j6-53-43,NA,year_missing_or_unparseable
60109,Marasmius rotula,j6-33-21,NA,year_missing_or_unparseable
60110,Marasmius rotula,j6-34-0,NA,year_missing_or_unparseable
60155,Marasmius rotula,c7-11-42,NA,year_missing_or_unparseable
60304,Mycetinis scorodonius,c4-28-0,NA,year_missing_or_unparseable
60317,Mycetinis scorodonius,j6-34-12,NA,year_missing_or_unparseable
60318,Mycetinis scorodonius,h6-53-40,NA,year_missing_or_unparseable
60319,Mycetinis scorodonius,j6-15-10,NA,year_missing_or_unparseable
60327,Mycetinis scorodonius,k7-56-0,NA,year_missing_or_unparseable
60333,Mycetinis scorodonius,c4-18-0,NA,year_missing_or_unparseable
60474,Rhizomarasmius setosus,e5-52-12,NA,year_missing_or_unparseable
60548,Rhizomarasmius setosus,j6-33-41,NA,year_missing_or_unparseable
60549,Rhizomarasmius setosus,j6-34-0,NA,year_missing_or_unparseable
60613,Marasmius torquescens,j6-34-12,NA,year_missing_or_unparseable
60614,Marasmius torquescens,j6-54-10,NA,year_missing_or_unparseable
60615,Marasmius torquescens,j6-15-10,NA,year_missing_or_unparseable
60637,Rhizomarasmius undatus,j6-41-30,NA,year_missing_or_unparseable
60706,Marasmius wynneae,j6-35-10,NA,year_missing_or_unparseable
60750,Microglossum viride,e2-28-0,NA,year_missing_or_unparseable
60790,Mitrula paludosa,c6-57-0,NA,year_missing_or_unparseable
60791,Mitrula paludosa,d6-42-20,NA,year_missing_or_unparseable
60792,Mitrula paludosa,d6-12-0,NA,year_missing_or_unparseable
60793,Mitrula paludosa,d6-42-10,NA,year_missing_or_unparseable
60794,Mitrula paludosa,d6-51-30,NA,year_missing_or_unparseable
60795,Mitrula paludosa,d6-32-0,NA,year_missing_or_unparseable
60796,Mitrula paludosa,e6-12-10,NA,year_missing_or_unparseable
60797,Mitrula paludosa,e5-27-10,NA,year_missing_or_unparseable
60798,Mitrula paludosa,d5-58-20,NA,year_missing_or_unparseable
60802,Mitrula paludosa,d3-35-0,NA,year_missing_or_unparseable
60803,Mitrula paludosa,c2-43-40,NA,year_missing_or_unparseable
60849,Morchella esculenta,f7-33-0,NA,year_missing_or_unparseable
60873,Morchella esculenta,e5-46-43,NA,year_missing_or_unparseable
60884,Morchella esculenta,c4-47-40,NA,year_missing_or_unparseable
60888,Morchella esculenta,d6-31-0,NA,year_missing_or_unparseable
60908,Morchella esculenta,d3-23-0,NA,year_missing_or_unparseable
60909,Morchella esculenta,e3-24-0,NA,year_missing_or_unparseable
60915,Morchella esculenta,e4-27-30,NA,year_missing_or_unparseable
60916,Morchella esculenta,e4-46-0,NA,year_missing_or_unparseable
60923,Morchella esculenta,e4-55-0,NA,year_missing_or_unparseable
60960,Morchella esculenta,c6-32-24,NA,year_missing_or_unparseable
61034,Morchella importuna,d6-43-0,NA,year_missing_or_unparseable
61035,Morchella importuna,d6-41-0,NA,year_missing_or_unparseable
61036,Morchella importuna,d6-31-0,NA,year_missing_or_unparseable
61047,Morchella importuna,e3-51-0,NA,year_missing_or_unparseable
61184,Mutinus caninus,c3-52-13,NA,year_missing_or_unparseable
61226,Mutinus caninus,j6-22-20,NA,year_missing_or_unparseable
61288,Mutinus caninus,j6-52-10,NA,year_missing_or_unparseable
61372,Mutinus ravenelii,c3-52-13,NA,year_missing_or_unparseable
61393,Mycenastrum corium,c1-41-0,NA,year_missing_or_unparseable
61550,Neoboletus erythropus,d5-45-31,NA,year_missing_or_unparseable
61551,Neoboletus erythropus,d5-45-33,NA,year_missing_or_unparseable
61645,Neoboletus erythropus,e5-23-10,NA,year_missing_or_unparseable
61646,Neoboletus erythropus,e5-23-0,NA,year_missing_or_unparseable
61648,Neoboletus erythropus,d5-38-0,NA,year_missing_or_unparseable
61713,Neoboletus erythropus,c3-41-0,NA,year_missing_or_unparseable
61714,Neoboletus erythropus,d3-44-10,NA,year_missing_or_unparseable
61733,Neoboletus erythropus,j6-54-31,NA,year_missing_or_unparseable
61734,Neoboletus erythropus,j6-54-10,NA,year_missing_or_unparseable
61735,Neoboletus erythropus,j6-33-21,NA,year_missing_or_unparseable
61827,Neoboletus erythropus,c4-54-32,NA,year_missing_or_unparseable
61964,Neoboletus erythropus,d7-41-12,NA,year_missing_or_unparseable
62039,Neolentinus lepideus,c4-56-0,NA,year_missing_or_unparseable
62079,Nidularia deformis,d3-43-10,NA,year_missing_or_unparseable
62084,Nidularia deformis,d2-16-0,NA,year_missing_or_unparseable
62085,Nidularia deformis,b5-53-0,NA,year_missing_or_unparseable
62088,Nidularia deformis,b5-32-0,NA,year_missing_or_unparseable
62089,Nidularia deformis,d2-16-14,NA,year_missing_or_unparseable
62092,Nidularia deformis,j6-33-21,NA,year_missing_or_unparseable
62195,Otidea alutacea,g7-13-0,NA,year_missing_or_unparseable
62279,Otidea bufonia,d5-45-33,NA,year_missing_or_unparseable
62386,Otidea bufonia,d7-41-12,NA,year_missing_or_unparseable
62406,Otidea grandis,j7-32-44,NA,year_missing_or_unparseable
62429,Otidea leporina,j5-31-34,NA,year_missing_or_unparseable
62441,Otidea leporina,j6-33-41,NA,year_missing_or_unparseable
62526,Otidea onotica,j6-25-30,NA,year_missing_or_unparseable
62537,Otidea onotica,b4-58-33,NA,year_missing_or_unparseable
62551,Otidea onotica,d7-41-12,NA,year_missing_or_unparseable
62961,Paxillus involutus,d5-45-31,NA,year_missing_or_unparseable
62975,Paxillus involutus,d3-11-40,NA,year_missing_or_unparseable
63097,Paxillus involutus,c6-15-43,NA,year_missing_or_unparseable
63139,Paxillus involutus,e3-51-13,NA,year_missing_or_unparseable
63170,Paxillus involutus,d5-38-0,NA,year_missing_or_unparseable
63171,Paxillus involutus,e5-28-30,NA,year_missing_or_unparseable
63172,Paxillus involutus,d5-28-0,NA,year_missing_or_unparseable
63173,Paxillus involutus,d6-42-10,NA,year_missing_or_unparseable
63174,Paxillus involutus,d6-31-0,NA,year_missing_or_unparseable
63237,Paxillus involutus,c4-17-20,NA,year_missing_or_unparseable
63266,Paxillus involutus,d3-13-0,NA,year_missing_or_unparseable
63336,Paxillus involutus,j5-58-31,NA,year_missing_or_unparseable
63337,Paxillus involutus,j6-54-31,NA,year_missing_or_unparseable
63338,Paxillus involutus,j6-54-10,NA,year_missing_or_unparseable
63339,Paxillus involutus,h6-53-40,NA,year_missing_or_unparseable
63340,Paxillus involutus,j6-15-32,NA,year_missing_or_unparseable
63341,Paxillus involutus,j6-34-32,NA,year_missing_or_unparseable
63342,Paxillus involutus,j6-25-30,NA,year_missing_or_unparseable
63534,Paxillus involutus,j5-57-42,NA,year_missing_or_unparseable
63535,Paxillus involutus,j6-41-30,NA,year_missing_or_unparseable
63536,Paxillus involutus,j6-52-10,NA,year_missing_or_unparseable
63537,Paxillus involutus,j5-58-11,NA,year_missing_or_unparseable
63538,Paxillus involutus,j5-58-14,NA,year_missing_or_unparseable
63539,Paxillus involutus,j6-53-43,NA,year_missing_or_unparseable
63540,Paxillus involutus,j5-57-0,NA,year_missing_or_unparseable
63541,Paxillus involutus,j6-47-43,NA,year_missing_or_unparseable
63734,Paxillus involutus,c7-11-42,NA,year_missing_or_unparseable
64132,Paxillus involutus,c6-15-42,NA,year_missing_or_unparseable
64223,Paxillus sp.,b5-42-24,2020,unresolved_taxon
64224,Paxillus sp.,c4-48-11,2011,unresolved_taxon
64229,Phallus hadriani,c0-56-0,NA,year_missing_or_unparseable
64230,Phallus hadriani,b2-33-0,NA,year_missing_or_unparseable
64468,Phallus impudicus,d5-45-33,NA,year_missing_or_unparseable
64485,Phallus impudicus,d3-11-40,NA,year_missing_or_unparseable
64614,Phallus impudicus,c4-36-10,NA,year_missing_or_unparseable
64615,Phallus impudicus,d6-41-0,NA,year_missing_or_unparseable
64631,Phallus impudicus,b4-58-12,NA,year_missing_or_unparseable
64730,Phallus impudicus,j6-41-30,NA,year_missing_or_unparseable
64731,Phallus impudicus,j5-58-31,NA,year_missing_or_unparseable
64733,Phallus impudicus,j6-54-31,NA,year_missing_or_unparseable
64734,Phallus impudicus,j6-54-10,NA,year_missing_or_unparseable
64735,Phallus impudicus,j6-44-30,NA,year_missing_or_unparseable
64956,Phallus impudicus,e2-32-13,NA,year_missing_or_unparseable
64966,Phallus impudicus,j5-57-42,NA,year_missing_or_unparseable
64967,Phallus impudicus,j6-52-10,NA,year_missing_or_unparseable
64968,Phallus impudicus,j5-58-11,NA,year_missing_or_unparseable
64969,Phallus impudicus,j5-58-14,NA,year_missing_or_unparseable
64970,Phallus impudicus,j6-53-43,NA,year_missing_or_unparseable
64971,Phallus impudicus,j5-57-0,NA,year_missing_or_unparseable
65432,Phallus sp.,c0-47-42,2015,unresolved_taxon
65433,Phallus sp.,c0-48-24,2019,unresolved_taxon
65477,Phellodon tomentosus,d6-12-0,NA,year_missing_or_unparseable
65478,Phellodon tomentosus,d6-32-0,NA,year_missing_or_unparseable
65495,Phellodon tomentosus,d3-54-0,NA,year_missing_or_unparseable
65496,Phellodon tomentosus,d3-43-0,NA,year_missing_or_unparseable
65497,Phellodon tomentosus,d2-16-10,NA,year_missing_or_unparseable
65498,Phellodon tomentosus,c6-21-0,NA,year_missing_or_unparseable
65511,Phellodon tomentosus,c6-21-20,NA,year_missing_or_unparseable
65537,Phellodon niger,d6-32-0,NA,year_missing_or_unparseable
65538,Phellodon niger,d6-42-20,NA,year_missing_or_unparseable
65544,Phellodon niger,j6-34-40,NA,year_missing_or_unparseable
65545,Phellodon niger,j6-25-30,NA,year_missing_or_unparseable
65546,Phellodon niger,j6-33-21,NA,year_missing_or_unparseable
65553,Phellodon tomentosus,d6-44-0,NA,year_missing_or_unparseable
65554,Phellodon tomentosus,d6-43-0,NA,year_missing_or_unparseable
65555,Phellodon tomentosus,d6-26-0,NA,year_missing_or_unparseable
65556,Phellodon tomentosus,d5-47-0,NA,year_missing_or_unparseable
65557,Phellodon tomentosus,d5-28-0,NA,year_missing_or_unparseable
65558,Phellodon tomentosus,c5-21-0,NA,year_missing_or_unparseable
65559,Phellodon tomentosus,d6-42-20,NA,year_missing_or_unparseable
65560,Phellodon tomentosus,d6-12-0,NA,year_missing_or_unparseable
65561,Phellodon tomentosus,d6-32-0,NA,year_missing_or_unparseable
65562,Phellodon tomentosus,d6-31-0,NA,year_missing_or_unparseable
65563,Phellodon tomentosus,c4-27-0,NA,year_missing_or_unparseable
65564,Phellodon tomentosus,d6-41-0,NA,year_missing_or_unparseable
65566,Phellodon tomentosus,d3-53-0,NA,year_missing_or_unparseable
65570,Phellodon tomentosus,j5-38-0,NA,year_missing_or_unparseable
65576,Phellodon tomentosus,c5-17-0,NA,year_missing_or_unparseable
65577,Phellodon tomentosus,c5-28-10,NA,year_missing_or_unparseable
65626,Pleurotus cornucopiae,d3-43-12,NA,year_missing_or_unparseable
65677,Pleurotus dryinus,d5-45-0,NA,year_missing_or_unparseable
65699,Pleurotus dryinus,d3-41-0,NA,year_missing_or_unparseable
65700,Pleurotus dryinus,d3-13-44,NA,year_missing_or_unparseable
66052,Pleurotus ostreatus,d3-11-40,NA,year_missing_or_unparseable
66139,Pleurotus ostreatus,e6-25-12,NA,year_missing_or_unparseable
66154,Pleurotus ostreatus,c4-17-0,NA,year_missing_or_unparseable
66155,Pleurotus ostreatus,c4-27-0,NA,year_missing_or_unparseable
66156,Pleurotus ostreatus,d3-22-12,NA,year_missing_or_unparseable
66157,Pleurotus ostreatus,d3-31-0,NA,year_missing_or_unparseable
66158,Pleurotus ostreatus,e3-56-0,NA,year_missing_or_unparseable
66159,Pleurotus ostreatus,c2-38-0,NA,year_missing_or_unparseable
66160,Pleurotus ostreatus,e3-12-0,NA,year_missing_or_unparseable
66161,Pleurotus ostreatus,d3-44-10,NA,year_missing_or_unparseable
66168,Pleurotus ostreatus,b4-58-31,NA,year_missing_or_unparseable
66172,Pleurotus ostreatus,c4-26-42,NA,year_missing_or_unparseable
66178,Pleurotus ostreatus,e3-47-20,NA,year_missing_or_unparseable
66192,Pleurotus ostreatus,e4-28-0,NA,year_missing_or_unparseable
66196,Pleurotus ostreatus,e4-16-34,NA,year_missing_or_unparseable
66197,Pleurotus ostreatus,e4-45-20,NA,year_missing_or_unparseable
66199,Pleurotus ostreatus,e4-22-23,NA,year_missing_or_unparseable
66218,Pleurotus ostreatus,d3-33-0,NA,year_missing_or_unparseable
66219,Pleurotus ostreatus,d3-23-0,NA,year_missing_or_unparseable
66220,Pleurotus ostreatus,d3-22-0,NA,year_missing_or_unparseable
66221,Pleurotus ostreatus,e2-21-23,NA,year_missing_or_unparseable
66247,Pleurotus ostreatus,d3-58-30,NA,year_missing_or_unparseable
66327,Pleurotus ostreatus,e2-32-13,NA,year_missing_or_unparseable
66335,Pleurotus ostreatus,c4-27-40,NA,year_missing_or_unparseable
66720,Pleurotus sp.,d6-48-12,2017,unresolved_taxon
66728,Poronia erici,c0-57-0,NA,year_missing_or_unparseable
66744,Poronia punctata,e5-23-0,NA,year_missing_or_unparseable
66751,Poronia sp.,d0-16-23,2014,unresolved_taxon
66765,Resinomycena saccharifera,f7-42-0,NA,year_missing_or_unparseable
66824,Rhizina undulata,f4-15-0,NA,year_missing_or_unparseable
66828,Rhizina undulata,e4-45-40,NA,year_missing_or_unparseable
66858,Rhizina undulata,b4-58-33,NA,year_missing_or_unparseable
66998,Rubroboletus lupinus,j6-33-21,NA,year_missing_or_unparseable
67005,Rubroboletus satanas,e5-14-0,NA,year_missing_or_unparseable
67006,Rubroboletus satanas,c5-31-12,NA,year_missing_or_unparseable
67011,Rubroboletus satanas,c2-46-0,NA,year_missing_or_unparseable
67012,Rubroboletus satanas,g7-13-0,NA,year_missing_or_unparseable
67014,Rubroboletus satanas,e4-37-0,NA,year_missing_or_unparseable
67016,Rubroboletus satanas,j6-34-40,NA,year_missing_or_unparseable
67017,Rubroboletus satanas,j6-34-32,NA,year_missing_or_unparseable
67018,Rubroboletus satanas,j6-25-30,NA,year_missing_or_unparseable
67019,Rubroboletus satanas,j6-33-21,NA,year_missing_or_unparseable
67020,Rubroboletus satanas,j6-15-10,NA,year_missing_or_unparseable
67025,Rubroboletus satanas,e5-33-31,NA,year_missing_or_unparseable
67044,Russula integra,e4-38-0,NA,year_missing_or_unparseable
67529,Russula aeruginea,d2-16-14,NA,year_missing_or_unparseable
67835,Russula albonigra,b4-58-33,NA,year_missing_or_unparseable
67941,Russula amoena,e5-43-0,NA,year_missing_or_unparseable
68585,Russula amoenolens,c4-27-40,NA,year_missing_or_unparseable
68625,Russula amoenolens,c4-36-41,NA,year_missing_or_unparseable
68920,Russula amoenolens,c5-13-34,NA,year_missing_or_unparseable
69187,Russula amoenolens,d2-14-13,NA,year_missing_or_unparseable
69906,Russula amoenolens,e5-13-34,NA,year_missing_or_unparseable
70905,Russula betularum,d5-45-31,NA,year_missing_or_unparseable
70907,Russula betularum,d5-45-33,NA,year_missing_or_unparseable
71122,Russula betularum,d6-46-23,NA,year_missing_or_unparseable
71222,Russula betularum,e3-51-13,NA,year_missing_or_unparseable
71364,Russula brunneoviolacea,b4-57-43,NA,year_missing_or_unparseable
71789,Russula brunneoviolacea,d5-45-33,NA,year_missing_or_unparseable
72530,Russula claroflava,d2-16-14,NA,year_missing_or_unparseable
73398,Russula caerulea,d5-45-31,NA,year_missing_or_unparseable
73399,Russula caerulea,d5-45-33,NA,year_missing_or_unparseable
73538,Russula caerulea,e5-43-12,NA,year_missing_or_unparseable
73582,Russula curtipes,a0-00-0,NA,year_missing_or_unparseable
73588,Russula curtipes,e4-38-0,NA,year_missing_or_unparseable
73592,Russula curtipes,e4-46-0,NA,year_missing_or_unparseable
73615,Russula cyanoxantha,NA-NA,NA,year_missing_or_unparseable
74484,Russula cyanoxantha,d2-38-22,NA,year_missing_or_unparseable
74485,Russula cyanoxantha,d2-38-22,NA,year_missing_or_unparseable
74659,Russula cyanoxantha,d5-45-33,NA,year_missing_or_unparseable
75181,Russula cyanoxantha,e5-13-34,NA,year_missing_or_unparseable
75341,Russula cyanoxantha,e5-43-12,NA,year_missing_or_unparseable
75363,Russula cyanoxantha,e5-52-12,NA,year_missing_or_unparseable
75610,Russula decipiens,b5-47-22,NA,year_missing_or_unparseable
75649,Russula decipiens,e5-11-34,NA,year_missing_or_unparseable
75680,Russula delica,c2-22-0,NA,year_missing_or_unparseable
75728,Russula delica,c4-53-32,NA,year_missing_or_unparseable
75750,Russula delica,d1-17-0,NA,year_missing_or_unparseable
75751,Russula delica,d2-16-14,NA,year_missing_or_unparseable
75755,Russula delica,d3-22-0,NA,year_missing_or_unparseable
75808,Russula delica,d7-41-12,NA,year_missing_or_unparseable
75941,Russula densifolia,b4-58-33,NA,year_missing_or_unparseable
75944,Russula densifolia,b4-58-33,NA,year_missing_or_unparseable
76273,Russula densifolia,c7-11-42,NA,year_missing_or_unparseable
76383,Russula densifolia,d5-45-33,NA,year_missing_or_unparseable
76592,Russula densifolia,e4-48-0,NA,year_missing_or_unparseable
76696,Russula densifolia,e5-52-12,NA,year_missing_or_unparseable
76745,Russula sardonia,b2-33-0,NA,year_missing_or_unparseable
76809,Russula sardonia,b4-58-30,NA,year_missing_or_unparseable
77341,Russula emetica,NA-NA,NA,year_missing_or_unparseable
78199,Russula emetica,d6-46-23,NA,year_missing_or_unparseable
78949,Russula exalbicans,d5-45-33,NA,year_missing_or_unparseable
79105,Russula exalbicans,e3-51-13,NA,year_missing_or_unparseable
80549,Russula foetens,c4-17-44,NA,year_missing_or_unparseable
81844,Russula fragilis,d2-38-0,NA,year_missing_or_unparseable
81845,Russula fragilis,d2-48-20,NA,year_missing_or_unparseable
81846,Russula fragilis,d2-48-20,NA,year_missing_or_unparseable
82011,Russula fragilis,d5-45-33,NA,year_missing_or_unparseable
82012,Russula fragilis,d5-45-33,NA,year_missing_or_unparseable
82014,Russula fragilis,d5-45-33,NA,year_missing_or_unparseable
82334,Russula fragilis,d7-41-12,NA,year_missing_or_unparseable
82363,Russula fragilis,e2-47-0,NA,year_missing_or_unparseable
82475,Russula fragilis,e5-43-12,NA,year_missing_or_unparseable
82609,Russula gracillima,b6-31-0,NA,year_missing_or_unparseable
84144,Russula grisea,e2-32-13,NA,year_missing_or_unparseable
84474,Russula grisea,d5-45-33,NA,year_missing_or_unparseable
84604,Russula heterophylla,a0-00-0,NA,year_missing_or_unparseable
84861,Russula heterophylla,d5-45-33,NA,year_missing_or_unparseable
85031,Russula insignis,c4-36-41,NA,year_missing_or_unparseable
85032,Russula insignis,c4-36-41,NA,year_missing_or_unparseable
85642,Russula ionochlora,e5-13-21,NA,year_missing_or_unparseable
85866,Russula laurocerasi,d5-45-33,NA,year_missing_or_unparseable
85929,Russula rosea,c4-36-43,NA,year_missing_or_unparseable
86277,Russula luteotacta,a0-00-0,NA,year_missing_or_unparseable
86365,Russula maculata,f4-18-0,NA,year_missing_or_unparseable
86934,Russula mairei,d5-45-33,NA,year_missing_or_unparseable
87232,Russula mairei,e5-43-12,NA,year_missing_or_unparseable
87376,Russula melliolens,b4-58-33,NA,year_missing_or_unparseable
87514,Russula melliolens,d6-26-43,NA,year_missing_or_unparseable
87944,Russula nigricans,c2-46-0,NA,year_missing_or_unparseable
88003,Russula nigricans,c2-47-0,NA,year_missing_or_unparseable
88598,Russula nigricans,d1-45-10,NA,year_missing_or_unparseable
88889,Russula nigricans,d5-45-31,NA,year_missing_or_unparseable
88890,Russula nigricans,d5-45-33,NA,year_missing_or_unparseable
88892,Russula nigricans,d5-45-33,NA,year_missing_or_unparseable
89097,Russula nigricans,d6-36-44,NA,year_missing_or_unparseable
89166,Russula nigricans,d6-46-23,NA,year_missing_or_unparseable
89246,Russula nigricans,d7-41-12,NA,year_missing_or_unparseable
89391,Russula nigricans,e4-46-0,NA,year_missing_or_unparseable
89790,Russula nigricans,e5-52-12,NA,year_missing_or_unparseable
89950,Russula nitida,b4-57-23,NA,year_missing_or_unparseable
89986,Russula nitida,b4-58-33,NA,year_missing_or_unparseable
90784,Russula nitida,d5-45-33,NA,year_missing_or_unparseable
90933,Russula nitida,d6-36-44,NA,year_missing_or_unparseable
91066,Russula nitida,e3-51-13,NA,year_missing_or_unparseable
91146,Russula risigallina,e4-46-0,NA,year_missing_or_unparseable
91152,Russula ochroleuca,NA-NA,NA,year_missing_or_unparseable
91967,Russula ochroleuca,c4-17-44,NA,year_missing_or_unparseable
92351,Russula ochroleuca,c5-13-34,NA,year_missing_or_unparseable
92928,Russula ochroleuca,d2-16-14,NA,year_missing_or_unparseable
92991,Russula ochroleuca,d3-24-0,NA,year_missing_or_unparseable
92998,Russula ochroleuca,d3-33-43,NA,year_missing_or_unparseable
93296,Russula ochroleuca,d5-45-31,NA,year_missing_or_unparseable
93297,Russula ochroleuca,d5-45-33,NA,year_missing_or_unparseable
93298,Russula ochroleuca,d5-45-33,NA,year_missing_or_unparseable
93299,Russula ochroleuca,d5-45-33,NA,year_missing_or_unparseable
93300,Russula ochroleuca,d5-45-33,NA,year_missing_or_unparseable
93302,Russula ochroleuca,d5-45-33,NA,year_missing_or_unparseable
93303,Russula ochroleuca,d5-45-33,NA,year_missing_or_unparseable
93304,Russula ochroleuca,d5-45-33,NA,year_missing_or_unparseable
93305,Russula ochroleuca,d5-45-33,NA,year_missing_or_unparseable
93306,Russula ochroleuca,d5-45-33,NA,year_missing_or_unparseable
93307,Russula ochroleuca,d5-45-33,NA,year_missing_or_unparseable
93711,Russula ochroleuca,d6-38-33,NA,year_missing_or_unparseable
94082,Russula ochroleuca,e2-32-13,NA,year_missing_or_unparseable
94108,Russula ochroleuca,e2-46-30,NA,year_missing_or_unparseable
94118,Russula ochroleuca,e3-12-0,NA,year_missing_or_unparseable
94746,Russula ochroleuca,e5-43-12,NA,year_missing_or_unparseable
94750,Russula ochroleuca,e5-43-12,NA,year_missing_or_unparseable
94790,Russula ochroleuca,e5-52-12,NA,year_missing_or_unparseable
95149,Russula olivacea,e4-38-0,NA,year_missing_or_unparseable
95170,Russula olivacea,e4-46-0,NA,year_missing_or_unparseable
95184,Russula olivacea,e4-57-10,NA,year_missing_or_unparseable
95269,Russula paludosa,b4-47-0,NA,year_missing_or_unparseable
95376,Russula paludosa,c5-21-0,NA,year_missing_or_unparseable
96354,Russula parazurea,d2-14-13,NA,year_missing_or_unparseable
96585,Russula parazurea,d5-45-31,NA,year_missing_or_unparseable
96586,Russula parazurea,d5-45-33,NA,year_missing_or_unparseable
96587,Russula parazurea,d5-45-33,NA,year_missing_or_unparseable
97156,Russula parazurea,e5-13-21,NA,year_missing_or_unparseable
97157,Russula parazurea,e5-13-34,NA,year_missing_or_unparseable
97158,Russula parazurea,e5-13-42,NA,year_missing_or_unparseable
97251,Russula parazurea,e5-43-12,NA,year_missing_or_unparseable
97908,Russula pectinatoides,c4-36-41,NA,year_missing_or_unparseable
98247,Russula pectinatoides,d2-14-13,NA,year_missing_or_unparseable
98632,Russula pectinatoides,e5-13-21,NA,year_missing_or_unparseable
98633,Russula pectinatoides,e5-13-34,NA,year_missing_or_unparseable
99056,Russula pseudointegra,d5-17-0,NA,year_missing_or_unparseable
99624,Russula puellaris,d5-45-33,NA,year_missing_or_unparseable
100016,Russula puellula,a0-00-0,NA,year_missing_or_unparseable
100043,Russula puellula,e4-37-0,NA,year_missing_or_unparseable
100048,Russula puellula,e4-38-0,NA,year_missing_or_unparseable
100074,Russula puellula,f4-18-0,NA,year_missing_or_unparseable
100078,Russula alnetorum,b4-58-33,NA,year_missing_or_unparseable
100129,Russula queletii,e4-37-34,NA,year_missing_or_unparseable
100583,Russula risigallina,c4-36-41,NA,year_missing_or_unparseable
101108,Russula romellii,e4-37-0,NA,year_missing_or_unparseable
101167,Russula sanguinaria,e5-43-12,NA,year_missing_or_unparseable
101697,Russula silvestris,d5-45-31,NA,year_missing_or_unparseable
101932,Russula silvestris,e5-13-34,NA,year_missing_or_unparseable
102136,Russula solaris,c4-18-0,NA,year_missing_or_unparseable
102156,Russula solaris,c4-53-0,NA,year_missing_or_unparseable
102169,Russula solaris,d2-16-14,NA,year_missing_or_unparseable
102265,Russula sp.,c0-48-43,2013,unresolved_taxon
102266,Russula sp.,c0-56-42,2013,unresolved_taxon
102267,Russula sp.,d0-16-23,2013,unresolved_taxon
102268,Russula sp.,d0-16-23,2015,unresolved_taxon
102269,Russula sp.,d0-16-23,2013,unresolved_taxon
102270,Russula sp.,d4-15-0,1993,unresolved_taxon
102271,Russula sp.,d5-35-24,2018,unresolved_taxon
102272,Russula sp.,e6-18-44,2017,unresolved_taxon
102273,Russula sp.,e6-18-44,2017,unresolved_taxon
102437,Russula subterfurcata,e4-47-0,NA,year_missing_or_unparseable
102544,Russula turci,e5-43-12,NA,year_missing_or_unparseable
103518,Russula atropurpurea,c6-47-33,NA,year_missing_or_unparseable
103684,Russula atropurpurea,d2-38-22,NA,year_missing_or_unparseable
103702,Russula atropurpurea,d3-24-0,NA,year_missing_or_unparseable
103901,Russula atropurpurea,d5-45-33,NA,year_missing_or_unparseable
103902,Russula atropurpurea,d5-45-33,NA,year_missing_or_unparseable
103903,Russula atropurpurea,d5-45-33,NA,year_missing_or_unparseable
103904,Russula atropurpurea,d5-45-33,NA,year_missing_or_unparseable
103906,Russula atropurpurea,d5-45-33,NA,year_missing_or_unparseable
103907,Russula atropurpurea,d5-45-33,NA,year_missing_or_unparseable
103908,Russula atropurpurea,d5-45-33,NA,year_missing_or_unparseable
103909,Russula atropurpurea,d5-45-33,NA,year_missing_or_unparseable
103910,Russula atropurpurea,d5-45-33,NA,year_missing_or_unparseable
103911,Russula atropurpurea,d5-45-33,NA,year_missing_or_unparseable
104286,Russula atropurpurea,e2-47-0,NA,year_missing_or_unparseable
104293,Russula atropurpurea,e3-12-0,NA,year_missing_or_unparseable
104650,Russula atropurpurea,e5-43-12,NA,year_missing_or_unparseable
104871,Russula velenovskyi,b4-58-33,NA,year_missing_or_unparseable
106137,Russula velenovskyi,e5-13-12,NA,year_missing_or_unparseable
106243,Russula aurora,a0-00-0,NA,year_missing_or_unparseable
106244,Russula aurora,a0-00-0,NA,year_missing_or_unparseable
107965,Russula vesca,d5-45-33,NA,year_missing_or_unparseable
107966,Russula vesca,d5-45-33,NA,year_missing_or_unparseable
108374,Russula vesca,e5-13-12,NA,year_missing_or_unparseable
108505,Russula veternosa,a0-00-0,NA,year_missing_or_unparseable
108514,Russula veternosa,c4-27-40,NA,year_missing_or_unparseable
108617,Russula violacea,c4-27-40,NA,year_missing_or_unparseable
108682,Russula violeipes,e4-46-0,NA,year_missing_or_unparseable
109608,Russula virescens,d5-45-0,NA,year_missing_or_unparseable
110507,Hydnellum fennicum,c6-21-20,NA,year_missing_or_unparseable
110537,Sarcodon imbricatus,d2-16-0,NA,year_missing_or_unparseable
110538,Sarcodon imbricatus,d3-43-0,NA,year_missing_or_unparseable
110539,Sarcodon imbricatus,d3-34-0,NA,year_missing_or_unparseable
110543,Sarcodon imbricatus,j5-58-31,NA,year_missing_or_unparseable
110544,Sarcodon imbricatus,j6-34-32,NA,year_missing_or_unparseable
110545,Sarcodon imbricatus,j6-33-21,NA,year_missing_or_unparseable
110583,Hydnellum ioeides,c4-18-0,NA,year_missing_or_unparseable
110587,Hydnellum ioeides,c6-21-20,NA,year_missing_or_unparseable
111180,Scleroderma areolatum,e5-13-21,NA,year_missing_or_unparseable
111181,Scleroderma areolatum,e5-13-11,NA,year_missing_or_unparseable
111182,Scleroderma areolatum,d5-45-31,NA,year_missing_or_unparseable
111300,Scleroderma areolatum,d3-31-32,NA,year_missing_or_unparseable
111303,Scleroderma areolatum,e3-51-13,NA,year_missing_or_unparseable
111349,Scleroderma areolatum,d4-57-44,NA,year_missing_or_unparseable
111356,Scleroderma areolatum,d0-48-30,NA,year_missing_or_unparseable
111357,Scleroderma areolatum,d3-22-0,NA,year_missing_or_unparseable
111389,Scleroderma areolatum,j6-33-21,NA,year_missing_or_unparseable
111557,Scleroderma areolatum,c7-11-42,NA,year_missing_or_unparseable
111674,Scleroderma areolatum,d6-38-33,NA,year_missing_or_unparseable
111675,Scleroderma areolatum,d6-36-44,NA,year_missing_or_unparseable
111734,Scleroderma areolatum,e1-15-43,NA,year_missing_or_unparseable
111827,Scleroderma bovista,d5-45-33,NA,year_missing_or_unparseable
111930,Scleroderma bovista,c5-32-0,NA,year_missing_or_unparseable
112074,Scleroderma cepa,d4-18-0,NA,year_missing_or_unparseable
112075,Scleroderma cepa,d4-17-0,NA,year_missing_or_unparseable
112083,Scleroderma cepa,d3-35-0,NA,year_missing_or_unparseable
112084,Scleroderma cepa,d2-16-0,NA,year_missing_or_unparseable
112472,Scleroderma citrinum,d5-45-31,NA,year_missing_or_unparseable
112473,Scleroderma citrinum,e5-13-12,NA,year_missing_or_unparseable
112656,Scleroderma citrinum,d2-38-0,NA,year_missing_or_unparseable
112764,Scleroderma citrinum,c3-41-0,NA,year_missing_or_unparseable
112765,Scleroderma citrinum,c3-53-0,NA,year_missing_or_unparseable
112766,Scleroderma citrinum,d3-33-0,NA,year_missing_or_unparseable
112822,Scleroderma citrinum,j6-54-31,NA,year_missing_or_unparseable
112970,Scleroderma citrinum,e2-32-13,NA,year_missing_or_unparseable
112983,Scleroderma citrinum,j6-52-10,NA,year_missing_or_unparseable
113323,Scleroderma citrinum,d7-41-32,NA,year_missing_or_unparseable
113337,Scleroderma citrinum,d6-26-32,NA,year_missing_or_unparseable
113338,Scleroderma citrinum,d6-26-14,NA,year_missing_or_unparseable
113507,Scleroderma citrinum,c6-38-43,NA,year_missing_or_unparseable
113614,Scleroderma citrinum,d6-38-33,NA,year_missing_or_unparseable
113615,Scleroderma citrinum,d6-36-44,NA,year_missing_or_unparseable
113791,Scleroderma verrucosum,c6-15-42,NA,year_missing_or_unparseable
113792,Scleroderma verrucosum,c6-15-43,NA,year_missing_or_unparseable
113823,Scleroderma verrucosum,j6-34-12,NA,year_missing_or_unparseable
113836,Scleroderma verrucosum,e2-32-13,NA,year_missing_or_unparseable
113952,Scleroderma verrucosum,d5-45-33,NA,year_missing_or_unparseable
114021,Scleroderma verrucosum,e4-46-0,NA,year_missing_or_unparseable
114027,Scleroderma verrucosum,c4-27-40,NA,year_missing_or_unparseable
114044,Scleroderma verrucosum,j6-33-21,NA,year_missing_or_unparseable
114156,Scleroderma verrucosum,c6-15-42,NA,year_missing_or_unparseable
114157,Scleroderma verrucosum,c6-15-43,NA,year_missing_or_unparseable
114185,Spathularia flavida,e3-51-11,NA,year_missing_or_unparseable
114188,Spathularia flavida,j6-34-32,NA,year_missing_or_unparseable
114190,Spathularia flavida,j6-34-40,NA,year_missing_or_unparseable
114293,Sphaerobolus stellatus,e4-46-0,NA,year_missing_or_unparseable
114297,Sphaerobolus stellatus,e4-47-0,NA,year_missing_or_unparseable
114302,Sphaerobolus stellatus,d3-12-44,NA,year_missing_or_unparseable
114368,Sphaerobolus stellatus,j5-57-42,NA,year_missing_or_unparseable
114369,Sphaerobolus stellatus,j6-33-21,NA,year_missing_or_unparseable
114476,Strobilomyces strobilaceus,c3-45-0,NA,year_missing_or_unparseable
114486,Strobilomyces strobilaceus,d5-56-0,NA,year_missing_or_unparseable
114547,Suillellus luridus,e5-23-10,NA,year_missing_or_unparseable
114570,Suillellus luridus,d5-51-0,NA,year_missing_or_unparseable
114571,Suillellus luridus,m7-14-0,NA,year_missing_or_unparseable
114572,Suillellus luridus,g7-13-0,NA,year_missing_or_unparseable
114573,Suillellus luridus,e4-37-0,NA,year_missing_or_unparseable
114574,Suillellus luridus,e4-46-0,NA,year_missing_or_unparseable
114575,Suillellus luridus,e4-38-0,NA,year_missing_or_unparseable
114576,Suillellus luridus,m7-33-0,NA,year_missing_or_unparseable
114581,Suillellus luridus,j6-35-10,NA,year_missing_or_unparseable
114582,Suillellus luridus,j6-15-32,NA,year_missing_or_unparseable
114583,Suillellus luridus,j6-15-10,NA,year_missing_or_unparseable
114619,Suillellus luridus,d7-15-34,NA,year_missing_or_unparseable
114682,Suillellus queletii,e4-38-0,NA,year_missing_or_unparseable
114692,Suillellus queletii,j6-33-21,NA,year_missing_or_unparseable
114693,Suillellus queletii,j6-15-10,NA,year_missing_or_unparseable
114706,Suillellus queletii,a0-00-0,NA,year_missing_or_unparseable
114813,Suillus bovinus,c6-15-43,NA,year_missing_or_unparseable
114818,Suillus bovinus,c3-31-0,NA,year_missing_or_unparseable
114838,Suillus bovinus,c4-28-20,NA,year_missing_or_unparseable
114854,Suillus bovinus,e4-38-40,NA,year_missing_or_unparseable
114872,Suillus bovinus,j6-41-30,NA,year_missing_or_unparseable
114873,Suillus bovinus,j5-58-14,NA,year_missing_or_unparseable
114889,Suillus bovinus,j6-34-0,NA,year_missing_or_unparseable
114991,Suillus bovinus,c6-15-42,NA,year_missing_or_unparseable
115045,Suillus collinitus,j6-15-32,NA,year_missing_or_unparseable
115046,Suillus collinitus,j6-34-32,NA,year_missing_or_unparseable
115047,Suillus collinitus,j6-25-30,NA,year_missing_or_unparseable
115048,Suillus collinitus,j6-15-10,NA,year_missing_or_unparseable
115092,Suillus granulatus,d6-35-0,NA,year_missing_or_unparseable
115093,Suillus granulatus,d6-42-10,NA,year_missing_or_unparseable
115094,Suillus granulatus,d5-57-0,NA,year_missing_or_unparseable
115095,Suillus granulatus,d5-28-0,NA,year_missing_or_unparseable
115096,Suillus granulatus,d6-41-0,NA,year_missing_or_unparseable
115112,Suillus granulatus,d3-54-0,NA,year_missing_or_unparseable
115113,Suillus granulatus,d3-53-0,NA,year_missing_or_unparseable
115114,Suillus granulatus,c3-53-0,NA,year_missing_or_unparseable
115128,Suillus granulatus,j6-15-32,NA,year_missing_or_unparseable
115129,Suillus granulatus,j6-34-32,NA,year_missing_or_unparseable
115130,Suillus granulatus,j6-25-30,NA,year_missing_or_unparseable
115160,Suillus granulatus,j6-41-30,NA,year_missing_or_unparseable
115161,Suillus granulatus,j6-34-40,NA,year_missing_or_unparseable
115162,Suillus granulatus,j6-34-0,NA,year_missing_or_unparseable
115168,Suillus granulatus,g7-13-0,NA,year_missing_or_unparseable
115171,Suillus granulatus,d6-26-21,NA,year_missing_or_unparseable
115172,Suillus granulatus,d6-48-23,NA,year_missing_or_unparseable
115173,Suillus granulatus,d7-41-32,NA,year_missing_or_unparseable
115177,Suillus granulatus,c6-38-43,NA,year_missing_or_unparseable
115288,Suillus grevillei,d4-55-32,NA,year_missing_or_unparseable
115289,Suillus grevillei,d2-16-14,NA,year_missing_or_unparseable
115334,Suillus grevillei,d3-14-0,NA,year_missing_or_unparseable
115335,Suillus grevillei,d3-43-0,NA,year_missing_or_unparseable
115336,Suillus grevillei,d3-44-10,NA,year_missing_or_unparseable
115337,Suillus grevillei,e3-51-0,NA,year_missing_or_unparseable
115354,Suillus grevillei,j5-58-14,NA,year_missing_or_unparseable
115355,Suillus grevillei,j5-58-31,NA,year_missing_or_unparseable
115356,Suillus grevillei,h6-53-40,NA,year_missing_or_unparseable
115357,Suillus grevillei,j6-15-32,NA,year_missing_or_unparseable
115358,Suillus grevillei,j6-25-30,NA,year_missing_or_unparseable
115359,Suillus grevillei,j6-33-21,NA,year_missing_or_unparseable
115622,Suillus luteus,d1-45-10,NA,year_missing_or_unparseable
115623,Suillus luteus,d3-33-0,NA,year_missing_or_unparseable
115624,Suillus luteus,d3-44-10,NA,year_missing_or_unparseable
115625,Suillus luteus,d3-34-0,NA,year_missing_or_unparseable
115661,Suillus luteus,j6-53-43,NA,year_missing_or_unparseable
115662,Suillus luteus,j5-57-0,NA,year_missing_or_unparseable
115771,Suillus luteus,c6-15-42,NA,year_missing_or_unparseable
115772,Suillus luteus,c6-15-43,NA,year_missing_or_unparseable
115811,Suillus placidus,l7-47-0,NA,year_missing_or_unparseable
115812,Suillus placidus,e7-35-33,NA,year_missing_or_unparseable
115822,Suillus tridentinus,j6-34-40,NA,year_missing_or_unparseable
115905,Suillus variegatus,d3-35-0,NA,year_missing_or_unparseable
115912,Suillus variegatus,j5-58-14,NA,year_missing_or_unparseable
115980,Suillus viscidus,j6-33-21,NA,year_missing_or_unparseable
116018,Trichoglossum hirsutum,g7-13-0,NA,year_missing_or_unparseable
116020,Trichoglossum hirsutum,d3-44-12,NA,year_missing_or_unparseable
116024,Trichoglossum hirsutum,c6-37-31,NA,year_missing_or_unparseable
116032,Trichoglossum sp.,e7-55-24,2010,unresolved_taxon
116049,Tricholoma acerbum,h5-28-0,NA,year_missing_or_unparseable
116052,Tricholoma acerbum,j6-33-21,NA,year_missing_or_unparseable
116053,Tricholoma acerbum,h6-53-40,NA,year_missing_or_unparseable
116101,Tricholoma albobrunneum,e4-46-0,NA,year_missing_or_unparseable
116109,Tricholoma albobrunneum,j6-33-21,NA,year_missing_or_unparseable
116114,Tricholoma albobrunneum,j5-58-14,NA,year_missing_or_unparseable
116115,Tricholoma albobrunneum,j6-34-0,NA,year_missing_or_unparseable
116173,Tricholoma album,j6-22-20,NA,year_missing_or_unparseable
116174,Tricholoma album,j6-31-0,NA,year_missing_or_unparseable
116175,Tricholoma album,j6-34-32,NA,year_missing_or_unparseable
116176,Tricholoma album,j6-25-30,NA,year_missing_or_unparseable
116177,Tricholoma album,j6-33-21,NA,year_missing_or_unparseable
116178,Tricholoma album,j6-15-10,NA,year_missing_or_unparseable
116197,Tricholoma album,j6-33-41,NA,year_missing_or_unparseable
116198,Tricholoma album,j6-24-42,NA,year_missing_or_unparseable
116345,Tricholoma argyraceum,c6-15-43,NA,year_missing_or_unparseable
116356,Tricholoma argyraceum,j6-34-40,NA,year_missing_or_unparseable
116357,Tricholoma argyraceum,j6-25-30,NA,year_missing_or_unparseable
116365,Tricholoma argyraceum,e2-32-13,NA,year_missing_or_unparseable
116381,Tricholoma argyraceum,d7-41-12,NA,year_missing_or_unparseable
116383,Tricholoma argyraceum,c6-15-42,NA,year_missing_or_unparseable
116408,Tricholoma argyraceum,c4-12-0,NA,year_missing_or_unparseable
116424,Tricholoma atrosquamosum,d3-11-0,NA,year_missing_or_unparseable
116426,Tricholoma atrosquamosum,c5-28-10,NA,year_missing_or_unparseable
116430,Tricholoma atrosquamosum,j6-33-21,NA,year_missing_or_unparseable
116436,Tricholoma atrosquamosum,j6-34-40,NA,year_missing_or_unparseable
116450,Tricholoma aurantium,j6-34-40,NA,year_missing_or_unparseable
116453,Tricholoma batschii,j6-33-21,NA,year_missing_or_unparseable
116457,Tricholoma batschii,j6-34-0,NA,year_missing_or_unparseable
116550,Tricholoma cingulatum,d4-16-11,NA,year_missing_or_unparseable
116560,Tricholoma cingulatum,j6-33-21,NA,year_missing_or_unparseable
116561,Tricholoma cingulatum,j6-15-10,NA,year_missing_or_unparseable
116639,Tricholoma columbetta,c3-31-0,NA,year_missing_or_unparseable
116640,Tricholoma columbetta,d3-44-10,NA,year_missing_or_unparseable
116641,Tricholoma columbetta,d3-33-43,NA,year_missing_or_unparseable
116656,Tricholoma columbetta,e4-46-0,NA,year_missing_or_unparseable
116664,Tricholoma columbetta,d4-23-0,NA,year_missing_or_unparseable
116671,Tricholoma columbetta,j6-52-10,NA,year_missing_or_unparseable
116672,Tricholoma columbetta,j6-22-20,NA,year_missing_or_unparseable
116673,Tricholoma columbetta,j5-58-31,NA,year_missing_or_unparseable
116693,Tricholoma columbetta,c7-11-42,NA,year_missing_or_unparseable
116726,Tricholoma equestre,c6-15-42,NA,year_missing_or_unparseable
116743,Tricholoma equestre,c5-36-0,NA,year_missing_or_unparseable
116758,Tricholoma equestre,c0-57-22,NA,year_missing_or_unparseable
116759,Tricholoma equestre,b1-57-12,NA,year_missing_or_unparseable
116760,Tricholoma equestre,d3-54-0,NA,year_missing_or_unparseable
116775,Tricholoma equestre,j6-41-30,NA,year_missing_or_unparseable
116804,Tricholoma equestre,c6-38-43,NA,year_missing_or_unparseable
116818,Tricholoma focale,g7-13-0,NA,year_missing_or_unparseable
116820,Tricholoma focale,b5-53-31,NA,year_missing_or_unparseable
116945,Tricholoma fulvum,e5-43-12,NA,year_missing_or_unparseable
116999,Tricholoma fulvum,j5-58-14,NA,year_missing_or_unparseable
117174,Tricholoma gausapatum,j6-33-21,NA,year_missing_or_unparseable
117211,Tricholoma imbricatum,d2-48-20,NA,year_missing_or_unparseable
117241,Tricholoma imbricatum,j6-33-21,NA,year_missing_or_unparseable
117248,Tricholoma imbricatum,b4-57-23,NA,year_missing_or_unparseable
117310,Tricholoma lascivum,j6-31-13,NA,year_missing_or_unparseable
117325,Tricholoma lascivum,j6-31-0,NA,year_missing_or_unparseable
117326,Tricholoma lascivum,j6-24-42,NA,year_missing_or_unparseable
117328,Tricholoma lascivum,d7-14-33,NA,year_missing_or_unparseable
117359,Tricholoma pessundatum,c2-22-0,NA,year_missing_or_unparseable
117360,Tricholoma pessundatum,d3-22-0,NA,year_missing_or_unparseable
117365,Tricholoma pessundatum,b5-53-31,NA,year_missing_or_unparseable
117407,Tricholoma populinum,d3-11-42,NA,year_missing_or_unparseable
117423,Tricholoma populinum,d3-43-0,NA,year_missing_or_unparseable
117515,Tricholoma portentosum,d5-45-33,NA,year_missing_or_unparseable
117551,Tricholoma portentosum,j6-33-21,NA,year_missing_or_unparseable
117557,Tricholoma portentosum,j5-58-14,NA,year_missing_or_unparseable
117558,Tricholoma portentosum,j6-34-40,NA,year_missing_or_unparseable
117582,Tricholoma portentosum,d7-41-12,NA,year_missing_or_unparseable
117592,Tricholoma psammopus,g7-13-0,NA,year_missing_or_unparseable
117631,Tricholoma saponaceum,d2-16-14,NA,year_missing_or_unparseable
117632,Tricholoma saponaceum,e2-47-0,NA,year_missing_or_unparseable
117633,Tricholoma saponaceum,d3-34-0,NA,year_missing_or_unparseable
117658,Tricholoma saponaceum,e4-37-42,NA,year_missing_or_unparseable
117673,Tricholoma saponaceum,c1-41-0,NA,year_missing_or_unparseable
117676,Tricholoma saponaceum,h5-28-0,NA,year_missing_or_unparseable
117681,Tricholoma saponaceum,j6-35-10,NA,year_missing_or_unparseable
117682,Tricholoma saponaceum,j6-22-20,NA,year_missing_or_unparseable
117683,Tricholoma saponaceum,j6-31-0,NA,year_missing_or_unparseable
117684,Tricholoma saponaceum,j5-58-31,NA,year_missing_or_unparseable
117685,Tricholoma saponaceum,j6-34-12,NA,year_missing_or_unparseable
117686,Tricholoma saponaceum,h6-53-40,NA,year_missing_or_unparseable
117687,Tricholoma saponaceum,j6-33-21,NA,year_missing_or_unparseable
117703,Tricholoma saponaceum,j5-58-11,NA,year_missing_or_unparseable
117704,Tricholoma saponaceum,j6-34-40,NA,year_missing_or_unparseable
117705,Tricholoma saponaceum,j5-58-14,NA,year_missing_or_unparseable
117706,Tricholoma saponaceum,j6-34-0,NA,year_missing_or_unparseable
117725,Tricholoma saponaceum,d6-48-23,NA,year_missing_or_unparseable
117726,Tricholoma saponaceum,c6-38-43,NA,year_missing_or_unparseable
117860,Tricholoma scalpturatum,e3-14-0,NA,year_missing_or_unparseable
117892,Tricholoma scalpturatum,e4-25-0,NA,year_missing_or_unparseable
117893,Tricholoma scalpturatum,e4-45-0,NA,year_missing_or_unparseable
117937,Tricholoma scalpturatum,j6-15-32,NA,year_missing_or_unparseable
117983,Tricholoma scalpturatum,j6-52-10,NA,year_missing_or_unparseable
117984,Tricholoma scalpturatum,j6-34-40,NA,year_missing_or_unparseable
117985,Tricholoma scalpturatum,j6-33-21,NA,year_missing_or_unparseable
118075,Tricholoma sciodes,j6-34-12,NA,year_missing_or_unparseable
118101,Tricholoma sejunctum,j6-22-20,NA,year_missing_or_unparseable
118102,Tricholoma sejunctum,j6-34-14,NA,year_missing_or_unparseable
118103,Tricholoma sejunctum,j6-34-12,NA,year_missing_or_unparseable
118104,Tricholoma sejunctum,j6-33-21,NA,year_missing_or_unparseable
118141,Tricholoma sudum,d2-16-0,NA,year_missing_or_unparseable
118142,Tricholoma sudum,d3-43-0,NA,year_missing_or_unparseable
118143,Tricholoma sudum,d3-54-0,NA,year_missing_or_unparseable
118145,Tricholoma sudum,j6-41-30,NA,year_missing_or_unparseable
118310,Tricholoma sulphureum,c3-53-0,NA,year_missing_or_unparseable
118326,Tricholoma sulphureum,j6-33-21,NA,year_missing_or_unparseable
118327,Tricholoma sulphureum,j6-22-20,NA,year_missing_or_unparseable
118328,Tricholoma sulphureum,j6-34-12,NA,year_missing_or_unparseable
118395,Tricholoma sulphureum,d7-41-12,NA,year_missing_or_unparseable
118416,Tricholoma terreum,d5-45-33,NA,year_missing_or_unparseable
118438,Tricholoma terreum,d3-14-0,NA,year_missing_or_unparseable
118439,Tricholoma terreum,c1-41-0,NA,year_missing_or_unparseable
118461,Tricholoma terreum,j6-34-12,NA,year_missing_or_unparseable
118462,Tricholoma terreum,j6-33-21,NA,year_missing_or_unparseable
118470,Tricholoma terreum,j6-34-40,NA,year_missing_or_unparseable
118644,Tricholoma ustale,j5-31-34,NA,year_missing_or_unparseable
118645,Tricholoma ustale,j6-52-10,NA,year_missing_or_unparseable
118646,Tricholoma ustale,j6-35-10,NA,year_missing_or_unparseable
118647,Tricholoma ustale,j6-34-12,NA,year_missing_or_unparseable
118672,Tricholoma ustale,e2-32-13,NA,year_missing_or_unparseable
118724,Tricholoma ustaloides,j5-58-14,NA,year_missing_or_unparseable
118735,Tricholoma vaccinum,j6-41-30,NA,year_missing_or_unparseable
118736,Tricholoma vaccinum,j5-58-14,NA,year_missing_or_unparseable
118737,Tricholoma vaccinum,j6-34-40,NA,year_missing_or_unparseable
118738,Tricholoma vaccinum,j5-58-31,NA,year_missing_or_unparseable
118739,Tricholoma vaccinum,h6-53-40,NA,year_missing_or_unparseable
118792,Tulostoma brumale,b2-34-13,NA,year_missing_or_unparseable
118816,Tulostoma brumale,c1-31-0,NA,year_missing_or_unparseable
118817,Tulostoma brumale,c5-34-23,NA,year_missing_or_unparseable
118822,Tulostoma brumale,b1-48-0,NA,year_missing_or_unparseable
118823,Tulostoma brumale,c1-41-0,NA,year_missing_or_unparseable
118888,Tulostoma sp.,c0-57-41,2017,unresolved_taxon
119030,Tylopilus felleus,e4-46-0,NA,year_missing_or_unparseable
119039,Tylopilus felleus,d3-54-0,NA,year_missing_or_unparseable
119041,Tylopilus felleus,j5-58-14,NA,year_missing_or_unparseable
119302,Lycoperdon pratense,e5-13-12,NA,year_missing_or_unparseable
119304,Lycoperdon pratense,d5-45-33,NA,year_missing_or_unparseable
119305,Lycoperdon pratense,e5-13-13,NA,year_missing_or_unparseable
119458,Lycoperdon pratense,e2-56-0,NA,year_missing_or_unparseable
119459,Lycoperdon pratense,d3-33-0,NA,year_missing_or_unparseable
119479,Lycoperdon pratense,j5-31-34,NA,year_missing_or_unparseable
119533,Lycoperdon pratense,e2-32-13,NA,year_missing_or_unparseable
119709,Verpa conica,b1-48-0,NA,year_missing_or_unparseable
119745,Xerocomellus armeniacus,c6-15-43,NA,year_missing_or_unparseable
119775,Xerocomellus armeniacus,c5-13-41,NA,year_missing_or_unparseable
119784,Xerocomellus armeniacus,f7-44-0,NA,year_missing_or_unparseable
119812,Xerocomellus armeniacus,c0-48-23,NA,year_missing_or_unparseable
119815,Xerocomellus armeniacus,a0-00-0,NA,year_missing_or_unparseable
