"";"IFBL";"ifbluurhok";"Xcoord";"Ycoord"
"1";"A45611";"a4-56-11";152012;240180
"2";"A45612";"a4-56-12";152012;240180
"3";"A45613";"a4-56-13";152012;240180
"4";"A45614";"a4-56-14";152012;240180
"5";"A45621";"a4-56-21";152012;240180
"6";"A45622";"a4-56-22";152012;240180
"7";"A45623";"a4-56-23";152012;240180
"8";"A45624";"a4-56-24";152012;240180
"9";"A45631";"a4-56-31";152012;240180
"10";"A45632";"a4-56-32";152012;240180
"11";"A45633";"a4-56-33";152012;240180
"12";"A45634";"a4-56-34";152012;240180
"13";"A45641";"a4-56-41";152012;240180
"14";"A45642";"a4-56-42";152012;240180
"15";"A45643";"a4-56-43";152012;240180
"16";"A45644";"a4-56-44";152012;240180
"17";"A45711";"a4-57-11";156012;240180
"18";"A45712";"a4-57-12";156012;240180
"19";"A45713";"a4-57-13";156012;240180
"20";"A45714";"a4-57-14";156012;240180
"21";"A45721";"a4-57-21";156012;240180
"22";"A45722";"a4-57-22";156012;240180
"23";"A45723";"a4-57-23";156012;240180
"24";"A45724";"a4-57-24";156012;240180
"25";"A45731";"a4-57-31";156012;240180
"26";"A45732";"a4-57-32";156012;240180
"27";"A45733";"a4-57-33";156012;240180
"28";"A45734";"a4-57-34";156012;240180
"29";"A45741";"a4-57-41";156012;240180
"30";"A45742";"a4-57-42";156012;240180
"31";"A45743";"a4-57-43";156012;240180
"32";"A45744";"a4-57-44";156012;240180
"33";"A45811";"a4-58-11";160012;240180
"34";"A45812";"a4-58-12";160012;240180
"35";"A45813";"a4-58-13";160012;240180
"36";"A45814";"a4-58-14";160012;240180
"37";"A45821";"a4-58-21";160012;240180
"38";"A45822";"a4-58-22";160012;240180
"39";"A45823";"a4-58-23";160012;240180
"40";"A45824";"a4-58-24";160012;240180
"41";"A45831";"a4-58-31";160012;240180
"42";"A45832";"a4-58-32";160012;240180
"43";"A45833";"a4-58-33";160012;240180
"44";"A45834";"a4-58-34";160012;240180
"45";"A45841";"a4-58-41";160012;240180
"46";"A45842";"a4-58-42";160012;240180
"47";"A45843";"a4-58-43";160012;240180
"48";"A45844";"a4-58-44";160012;240180
"49";"A54411";"a5-44-11";176012;244180
"50";"A54412";"a5-44-12";176012;244180
"51";"A54413";"a5-44-13";176012;244180
"52";"A54414";"a5-44-14";176012;244180
"53";"A54421";"a5-44-21";176012;244180
"54";"A54422";"a5-44-22";176012;244180
"55";"A54423";"a5-44-23";176012;244180
"56";"A54424";"a5-44-24";176012;244180
"57";"A54431";"a5-44-31";176012;244180
"58";"A54432";"a5-44-32";176012;244180
"59";"A54433";"a5-44-33";176012;244180
"60";"A54434";"a5-44-34";176012;244180
"61";"A54441";"a5-44-41";176012;244180
"62";"A54442";"a5-44-42";176012;244180
"63";"A54443";"a5-44-43";176012;244180
"64";"A54444";"a5-44-44";176012;244180
"65";"A54511";"a5-45-11";180012;244180
"66";"A54512";"a5-45-12";180012;244180
"67";"A54513";"a5-45-13";180012;244180
"68";"A54514";"a5-45-14";180012;244180
"69";"A54521";"a5-45-21";180012;244180
"70";"A54522";"a5-45-22";180012;244180
"71";"A54523";"a5-45-23";180012;244180
"72";"A54524";"a5-45-24";180012;244180
"73";"A54531";"a5-45-31";180012;244180
"74";"A54532";"a5-45-32";180012;244180
"75";"A54533";"a5-45-33";180012;244180
"76";"A54534";"a5-45-34";180012;244180
"77";"A54541";"a5-45-41";180012;244180
"78";"A54542";"a5-45-42";180012;244180
"79";"A54543";"a5-45-43";180012;244180
"80";"A54544";"a5-45-44";180012;244180
"81";"A55111";"a5-51-11";164012;240180
"82";"A55112";"a5-51-12";164012;240180
"83";"A55113";"a5-51-13";164012;240180
"84";"A55114";"a5-51-14";164012;240180
"85";"A55121";"a5-51-21";164012;240180
"86";"A55122";"a5-51-22";164012;240180
"87";"A55123";"a5-51-23";164012;240180
"88";"A55124";"a5-51-24";164012;240180
"89";"A55131";"a5-51-31";164012;240180
"90";"A55132";"a5-51-32";164012;240180
"91";"A55133";"a5-51-33";164012;240180
"92";"A55134";"a5-51-34";164012;240180
"93";"A55141";"a5-51-41";164012;240180
"94";"A55142";"a5-51-42";164012;240180
"95";"A55143";"a5-51-43";164012;240180
"96";"A55144";"a5-51-44";164012;240180
"97";"A55311";"a5-53-11";172012;240180
"98";"A55312";"a5-53-12";172012;240180
"99";"A55313";"a5-53-13";172012;240180
"100";"A55314";"a5-53-14";172012;240180
"101";"A55321";"a5-53-21";172012;240180
"102";"A55322";"a5-53-22";172012;240180
"103";"A55323";"a5-53-23";172012;240180
"104";"A55324";"a5-53-24";172012;240180
"105";"A55331";"a5-53-31";172012;240180
"106";"A55332";"a5-53-32";172012;240180
"107";"A55333";"a5-53-33";172012;240180
"108";"A55334";"a5-53-34";172012;240180
"109";"A55341";"a5-53-41";172012;240180
"110";"A55342";"a5-53-42";172012;240180
"111";"A55343";"a5-53-43";172012;240180
"112";"A55344";"a5-53-44";172012;240180
"113";"A55411";"a5-54-11";176012;240180
"114";"A55412";"a5-54-12";176012;240180
"115";"A55413";"a5-54-13";176012;240180
"116";"A55414";"a5-54-14";176012;240180
"117";"A55421";"a5-54-21";176012;240180
"118";"A55422";"a5-54-22";176012;240180
"119";"A55423";"a5-54-23";176012;240180
"120";"A55424";"a5-54-24";176012;240180
"121";"A55431";"a5-54-31";176012;240180
"122";"A55432";"a5-54-32";176012;240180
"123";"A55433";"a5-54-33";176012;240180
"124";"A55434";"a5-54-34";176012;240180
"125";"A55441";"a5-54-41";176012;240180
"126";"A55442";"a5-54-42";176012;240180
"127";"A55443";"a5-54-43";176012;240180
"128";"A55444";"a5-54-44";176012;240180
"129";"A55511";"a5-55-11";180012;240180
"130";"A55512";"a5-55-12";180012;240180
"131";"A55513";"a5-55-13";180012;240180
"132";"A55514";"a5-55-14";180012;240180
"133";"A55521";"a5-55-21";180012;240180
"134";"A55522";"a5-55-22";180012;240180
"135";"A55523";"a5-55-23";180012;240180
"136";"A55524";"a5-55-24";180012;240180
"137";"A55531";"a5-55-31";180012;240180
"138";"A55532";"a5-55-32";180012;240180
"139";"A55533";"a5-55-33";180012;240180
"140";"A55534";"a5-55-34";180012;240180
"141";"A55541";"a5-55-41";180012;240180
"142";"A55542";"a5-55-42";180012;240180
"143";"A55543";"a5-55-43";180012;240180
"144";"A55544";"a5-55-44";180012;240180
"145";"A55611";"a5-56-11";184012;240180
"146";"A55612";"a5-56-12";184012;240180
"147";"A55613";"a5-56-13";184012;240180
"148";"A55614";"a5-56-14";184012;240180
"149";"A55621";"a5-56-21";184012;240180
"150";"A55622";"a5-56-22";184012;240180
"151";"A55623";"a5-56-23";184012;240180
"152";"A55624";"a5-56-24";184012;240180
"153";"A55631";"a5-56-31";184012;240180
"154";"A55632";"a5-56-32";184012;240180
"155";"A55633";"a5-56-33";184012;240180
"156";"A55634";"a5-56-34";184012;240180
"157";"A55641";"a5-56-41";184012;240180
"158";"A55642";"a5-56-42";184012;240180
"159";"A55643";"a5-56-43";184012;240180
"160";"A55644";"a5-56-44";184012;240180
"161";"A55711";"a5-57-11";188012;240180
"162";"A55712";"a5-57-12";188012;240180
"163";"A55713";"a5-57-13";188012;240180
"164";"A55714";"a5-57-14";188012;240180
"165";"A55721";"a5-57-21";188012;240180
"166";"A55722";"a5-57-22";188012;240180
"167";"A55723";"a5-57-23";188012;240180
"168";"A55724";"a5-57-24";188012;240180
"169";"A55731";"a5-57-31";188012;240180
"170";"A55732";"a5-57-32";188012;240180
"171";"A55733";"a5-57-33";188012;240180
"172";"A55734";"a5-57-34";188012;240180
"173";"A55741";"a5-57-41";188012;240180
"174";"A55742";"a5-57-42";188012;240180
"175";"A55743";"a5-57-43";188012;240180
"176";"A55744";"a5-57-44";188012;240180
"177";"A55811";"a5-58-11";192012;240180
"178";"A55812";"a5-58-12";192012;240180
"179";"A55813";"a5-58-13";192012;240180
"180";"A55814";"a5-58-14";192012;240180
"181";"A55821";"a5-58-21";192012;240180
"182";"A55822";"a5-58-22";192012;240180
"183";"A55823";"a5-58-23";192012;240180
"184";"A55824";"a5-58-24";192012;240180
"185";"A55831";"a5-58-31";192012;240180
"186";"A55832";"a5-58-32";192012;240180
"187";"A55833";"a5-58-33";192012;240180
"188";"A55834";"a5-58-34";192012;240180
"189";"A55841";"a5-58-41";192012;240180
"190";"A55842";"a5-58-42";192012;240180
"191";"A55843";"a5-58-43";192012;240180
"192";"A55844";"a5-58-44";192012;240180
"193";"A64111";"a6-41-11";196012;244180
"194";"A64112";"a6-41-12";196012;244180
"195";"A64113";"a6-41-13";196012;244180
"196";"A64114";"a6-41-14";196012;244180
"197";"A64121";"a6-41-21";196012;244180
"198";"A64122";"a6-41-22";196012;244180
"199";"A64123";"a6-41-23";196012;244180
"200";"A64124";"a6-41-24";196012;244180
"201";"A64131";"a6-41-31";196012;244180
"202";"A64132";"a6-41-32";196012;244180
"203";"A64133";"a6-41-33";196012;244180
"204";"A64134";"a6-41-34";196012;244180
"205";"A64141";"a6-41-41";196012;244180
"206";"A64142";"a6-41-42";196012;244180
"207";"A64143";"a6-41-43";196012;244180
"208";"A64144";"a6-41-44";196012;244180
"209";"A65111";"a6-51-11";196012;240180
"210";"A65112";"a6-51-12";196012;240180
"211";"A65113";"a6-51-13";196012;240180
"212";"A65114";"a6-51-14";196012;240180
"213";"A65121";"a6-51-21";196012;240180
"214";"A65122";"a6-51-22";196012;240180
"215";"A65123";"a6-51-23";196012;240180
"216";"A65124";"a6-51-24";196012;240180
"217";"A65131";"a6-51-31";196012;240180
"218";"A65132";"a6-51-32";196012;240180
"219";"A65133";"a6-51-33";196012;240180
"220";"A65134";"a6-51-34";196012;240180
"221";"A65141";"a6-51-41";196012;240180
"222";"A65142";"a6-51-42";196012;240180
"223";"A65143";"a6-51-43";196012;240180
"224";"A65144";"a6-51-44";196012;240180
"225";"A65211";"a6-52-11";200012;240180
"226";"A65212";"a6-52-12";200012;240180
"227";"A65213";"a6-52-13";200012;240180
"228";"A65214";"a6-52-14";200012;240180
"229";"A65221";"a6-52-21";200012;240180
"230";"A65222";"a6-52-22";200012;240180
"231";"A65223";"a6-52-23";200012;240180
"232";"A65224";"a6-52-24";200012;240180
"233";"A65231";"a6-52-31";200012;240180
"234";"A65232";"a6-52-32";200012;240180
"235";"A65233";"a6-52-33";200012;240180
"236";"A65234";"a6-52-34";200012;240180
"237";"A65241";"a6-52-41";200012;240180
"238";"A65242";"a6-52-42";200012;240180
"239";"A65243";"a6-52-43";200012;240180
"240";"A65244";"a6-52-44";200012;240180
"241";"B14711";"b1-47-11";60012;224180
"242";"B14712";"b1-47-12";60012;224180
"243";"B14713";"b1-47-13";60012;224180
"244";"B14714";"b1-47-14";60012;224180
"245";"B14721";"b1-47-21";60012;224180
"246";"B14722";"b1-47-22";60012;224180
"247";"B14723";"b1-47-23";60012;224180
"248";"B14724";"b1-47-24";60012;224180
"249";"B14731";"b1-47-31";60012;224180
"250";"B14732";"b1-47-32";60012;224180
"251";"B14733";"b1-47-33";60012;224180
"252";"B14734";"b1-47-34";60012;224180
"253";"B14741";"b1-47-41";60012;224180
"254";"B14742";"b1-47-42";60012;224180
"255";"B14743";"b1-47-43";60012;224180
"256";"B14744";"b1-47-44";60012;224180
"257";"B14811";"b1-48-11";64012;224180
"258";"B14812";"b1-48-12";64012;224180
"259";"B14813";"b1-48-13";64012;224180
"260";"B14814";"b1-48-14";64012;224180
"261";"B14821";"b1-48-21";64012;224180
"262";"B14822";"b1-48-22";64012;224180
"263";"B14823";"b1-48-23";64012;224180
"264";"B14824";"b1-48-24";64012;224180
"265";"B14831";"b1-48-31";64012;224180
"266";"B14832";"b1-48-32";64012;224180
"267";"B14833";"b1-48-33";64012;224180
"268";"B14834";"b1-48-34";64012;224180
"269";"B14841";"b1-48-41";64012;224180
"270";"B14842";"b1-48-42";64012;224180
"271";"B14843";"b1-48-43";64012;224180
"272";"B14844";"b1-48-44";64012;224180
"273";"B15611";"b1-56-11";56012;220180
"274";"B15612";"b1-56-12";56012;220180
"275";"B15613";"b1-56-13";56012;220180
"276";"B15614";"b1-56-14";56012;220180
"277";"B15621";"b1-56-21";56012;220180
"278";"B15622";"b1-56-22";56012;220180
"279";"B15623";"b1-56-23";56012;220180
"280";"B15624";"b1-56-24";56012;220180
"281";"B15631";"b1-56-31";56012;220180
"282";"B15632";"b1-56-32";56012;220180
"283";"B15633";"b1-56-33";56012;220180
"284";"B15634";"b1-56-34";56012;220180
"285";"B15641";"b1-56-41";56012;220180
"286";"B15642";"b1-56-42";56012;220180
"287";"B15643";"b1-56-43";56012;220180
"288";"B15644";"b1-56-44";56012;220180
"289";"B15711";"b1-57-11";60012;220180
"290";"B15712";"b1-57-12";60012;220180
"291";"B15713";"b1-57-13";60012;220180
"292";"B15714";"b1-57-14";60012;220180
"293";"B15721";"b1-57-21";60012;220180
"294";"B15722";"b1-57-22";60012;220180
"295";"B15723";"b1-57-23";60012;220180
"296";"B15724";"b1-57-24";60012;220180
"297";"B15731";"b1-57-31";60012;220180
"298";"B15732";"b1-57-32";60012;220180
"299";"B15733";"b1-57-33";60012;220180
"300";"B15734";"b1-57-34";60012;220180
"301";"B15741";"b1-57-41";60012;220180
"302";"B15742";"b1-57-42";60012;220180
"303";"B15743";"b1-57-43";60012;220180
"304";"B15744";"b1-57-44";60012;220180
"305";"B15811";"b1-58-11";64012;220180
"306";"B15812";"b1-58-12";64012;220180
"307";"B15813";"b1-58-13";64012;220180
"308";"B15814";"b1-58-14";64012;220180
"309";"B15821";"b1-58-21";64012;220180
"310";"B15822";"b1-58-22";64012;220180
"311";"B15823";"b1-58-23";64012;220180
"312";"B15824";"b1-58-24";64012;220180
"313";"B15831";"b1-58-31";64012;220180
"314";"B15832";"b1-58-32";64012;220180
"315";"B15833";"b1-58-33";64012;220180
"316";"B15834";"b1-58-34";64012;220180
"317";"B15841";"b1-58-41";64012;220180
"318";"B15842";"b1-58-42";64012;220180
"319";"B15843";"b1-58-43";64012;220180
"320";"B15844";"b1-58-44";64012;220180
"321";"B23111";"b2-31-11";68012;228180
"322";"B23112";"b2-31-12";68012;228180
"323";"B23113";"b2-31-13";68012;228180
"324";"B23114";"b2-31-14";68012;228180
"325";"B23121";"b2-31-21";68012;228180
"326";"B23122";"b2-31-22";68012;228180
"327";"B23123";"b2-31-23";68012;228180
"328";"B23124";"b2-31-24";68012;228180
"329";"B23131";"b2-31-31";68012;228180
"330";"B23132";"b2-31-32";68012;228180
"331";"B23133";"b2-31-33";68012;228180
"332";"B23134";"b2-31-34";68012;228180
"333";"B23141";"b2-31-41";68012;228180
"334";"B23142";"b2-31-42";68012;228180
"335";"B23143";"b2-31-43";68012;228180
"336";"B23144";"b2-31-44";68012;228180
"337";"B23211";"b2-32-11";72012;228180
"338";"B23212";"b2-32-12";72012;228180
"339";"B23213";"b2-32-13";72012;228180
"340";"B23214";"b2-32-14";72012;228180
"341";"B23221";"b2-32-21";72012;228180
"342";"B23222";"b2-32-22";72012;228180
"343";"B23223";"b2-32-23";72012;228180
"344";"B23224";"b2-32-24";72012;228180
"345";"B23231";"b2-32-31";72012;228180
"346";"B23232";"b2-32-32";72012;228180
"347";"B23233";"b2-32-33";72012;228180
"348";"B23234";"b2-32-34";72012;228180
"349";"B23241";"b2-32-41";72012;228180
"350";"B23242";"b2-32-42";72012;228180
"351";"B23243";"b2-32-43";72012;228180
"352";"B23244";"b2-32-44";72012;228180
"353";"B23311";"b2-33-11";76012;228180
"354";"B23312";"b2-33-12";76012;228180
"355";"B23313";"b2-33-13";76012;228180
"356";"B23314";"b2-33-14";76012;228180
"357";"B23321";"b2-33-21";76012;228180
"358";"B23322";"b2-33-22";76012;228180
"359";"B23323";"b2-33-23";76012;228180
"360";"B23324";"b2-33-24";76012;228180
"361";"B23331";"b2-33-31";76012;228180
"362";"B23332";"b2-33-32";76012;228180
"363";"B23333";"b2-33-33";76012;228180
"364";"B23334";"b2-33-34";76012;228180
"365";"B23341";"b2-33-41";76012;228180
"366";"B23342";"b2-33-42";76012;228180
"367";"B23343";"b2-33-43";76012;228180
"368";"B23344";"b2-33-44";76012;228180
"369";"B23411";"b2-34-11";80012;228180
"370";"B23412";"b2-34-12";80012;228180
"371";"B23413";"b2-34-13";80012;228180
"372";"B23414";"b2-34-14";80012;228180
"373";"B23421";"b2-34-21";80012;228180
"374";"B23422";"b2-34-22";80012;228180
"375";"B23423";"b2-34-23";80012;228180
"376";"B23424";"b2-34-24";80012;228180
"377";"B23431";"b2-34-31";80012;228180
"378";"B23432";"b2-34-32";80012;228180
"379";"B23433";"b2-34-33";80012;228180
"380";"B23434";"b2-34-34";80012;228180
"381";"B23441";"b2-34-41";80012;228180
"382";"B23442";"b2-34-42";80012;228180
"383";"B23443";"b2-34-43";80012;228180
"384";"B23444";"b2-34-44";80012;228180
"385";"B24111";"b2-41-11";68012;224180
"386";"B24112";"b2-41-12";68012;224180
"387";"B24113";"b2-41-13";68012;224180
"388";"B24114";"b2-41-14";68012;224180
"389";"B24121";"b2-41-21";68012;224180
"390";"B24122";"b2-41-22";68012;224180
"391";"B24123";"b2-41-23";68012;224180
"392";"B24124";"b2-41-24";68012;224180
"393";"B24131";"b2-41-31";68012;224180
"394";"B24132";"b2-41-32";68012;224180
"395";"B24133";"b2-41-33";68012;224180
"396";"B24134";"b2-41-34";68012;224180
"397";"B24141";"b2-41-41";68012;224180
"398";"B24142";"b2-41-42";68012;224180
"399";"B24143";"b2-41-43";68012;224180
"400";"B24144";"b2-41-44";68012;224180
"401";"B24211";"b2-42-11";72012;224180
"402";"B24212";"b2-42-12";72012;224180
"403";"B24213";"b2-42-13";72012;224180
"404";"B24214";"b2-42-14";72012;224180
"405";"B24221";"b2-42-21";72012;224180
"406";"B24222";"b2-42-22";72012;224180
"407";"B24223";"b2-42-23";72012;224180
"408";"B24224";"b2-42-24";72012;224180
"409";"B24231";"b2-42-31";72012;224180
"410";"B24232";"b2-42-32";72012;224180
"411";"B24233";"b2-42-33";72012;224180
"412";"B24234";"b2-42-34";72012;224180
"413";"B24241";"b2-42-41";72012;224180
"414";"B24242";"b2-42-42";72012;224180
"415";"B24243";"b2-42-43";72012;224180
"416";"B24244";"b2-42-44";72012;224180
"417";"B24311";"b2-43-11";76012;224180
"418";"B24312";"b2-43-12";76012;224180
"419";"B24313";"b2-43-13";76012;224180
"420";"B24314";"b2-43-14";76012;224180
"421";"B24321";"b2-43-21";76012;224180
"422";"B24322";"b2-43-22";76012;224180
"423";"B24323";"b2-43-23";76012;224180
"424";"B24324";"b2-43-24";76012;224180
"425";"B24331";"b2-43-31";76012;224180
"426";"B24332";"b2-43-32";76012;224180
"427";"B24333";"b2-43-33";76012;224180
"428";"B24334";"b2-43-34";76012;224180
"429";"B24341";"b2-43-41";76012;224180
"430";"B24342";"b2-43-42";76012;224180
"431";"B24343";"b2-43-43";76012;224180
"432";"B24344";"b2-43-44";76012;224180
"433";"B24411";"b2-44-11";80012;224180
"434";"B24412";"b2-44-12";80012;224180
"435";"B24413";"b2-44-13";80012;224180
"436";"B24414";"b2-44-14";80012;224180
"437";"B24421";"b2-44-21";80012;224180
"438";"B24422";"b2-44-22";80012;224180
"439";"B24423";"b2-44-23";80012;224180
"440";"B24424";"b2-44-24";80012;224180
"441";"B24431";"b2-44-31";80012;224180
"442";"B24432";"b2-44-32";80012;224180
"443";"B24433";"b2-44-33";80012;224180
"444";"B24434";"b2-44-34";80012;224180
"445";"B24441";"b2-44-41";80012;224180
"446";"B24442";"b2-44-42";80012;224180
"447";"B24443";"b2-44-43";80012;224180
"448";"B24444";"b2-44-44";80012;224180
"449";"B25111";"b2-51-11";68012;220180
"450";"B25112";"b2-51-12";68012;220180
"451";"B25113";"b2-51-13";68012;220180
"452";"B25114";"b2-51-14";68012;220180
"453";"B25121";"b2-51-21";68012;220180
"454";"B25122";"b2-51-22";68012;220180
"455";"B25123";"b2-51-23";68012;220180
"456";"B25124";"b2-51-24";68012;220180
"457";"B25131";"b2-51-31";68012;220180
"458";"B25132";"b2-51-32";68012;220180
"459";"B25133";"b2-51-33";68012;220180
"460";"B25134";"b2-51-34";68012;220180
"461";"B25141";"b2-51-41";68012;220180
"462";"B25142";"b2-51-42";68012;220180
"463";"B25143";"b2-51-43";68012;220180
"464";"B25144";"b2-51-44";68012;220180
"465";"B25211";"b2-52-11";72012;220180
"466";"B25212";"b2-52-12";72012;220180
"467";"B25213";"b2-52-13";72012;220180
"468";"B25214";"b2-52-14";72012;220180
"469";"B25221";"b2-52-21";72012;220180
"470";"B25222";"b2-52-22";72012;220180
"471";"B25223";"b2-52-23";72012;220180
"472";"B25224";"b2-52-24";72012;220180
"473";"B25231";"b2-52-31";72012;220180
"474";"B25232";"b2-52-32";72012;220180
"475";"B25233";"b2-52-33";72012;220180
"476";"B25234";"b2-52-34";72012;220180
"477";"B25241";"b2-52-41";72012;220180
"478";"B25242";"b2-52-42";72012;220180
"479";"B25243";"b2-52-43";72012;220180
"480";"B25244";"b2-52-44";72012;220180
"481";"B25311";"b2-53-11";76012;220180
"482";"B25312";"b2-53-12";76012;220180
"483";"B25313";"b2-53-13";76012;220180
"484";"B25314";"b2-53-14";76012;220180
"485";"B25321";"b2-53-21";76012;220180
"486";"B25322";"b2-53-22";76012;220180
"487";"B25323";"b2-53-23";76012;220180
"488";"B25324";"b2-53-24";76012;220180
"489";"B25331";"b2-53-31";76012;220180
"490";"B25332";"b2-53-32";76012;220180
"491";"B25333";"b2-53-33";76012;220180
"492";"B25334";"b2-53-34";76012;220180
"493";"B25341";"b2-53-41";76012;220180
"494";"B25342";"b2-53-42";76012;220180
"495";"B25343";"b2-53-43";76012;220180
"496";"B25344";"b2-53-44";76012;220180
"497";"B25411";"b2-54-11";80012;220180
"498";"B25412";"b2-54-12";80012;220180
"499";"B25413";"b2-54-13";80012;220180
"500";"B25414";"b2-54-14";80012;220180
"501";"B25421";"b2-54-21";80012;220180
"502";"B25422";"b2-54-22";80012;220180
"503";"B25423";"b2-54-23";80012;220180
"504";"B25424";"b2-54-24";80012;220180
"505";"B25431";"b2-54-31";80012;220180
"506";"B25432";"b2-54-32";80012;220180
"507";"B25433";"b2-54-33";80012;220180
"508";"B25434";"b2-54-34";80012;220180
"509";"B25441";"b2-54-41";80012;220180
"510";"B25442";"b2-54-42";80012;220180
"511";"B25443";"b2-54-43";80012;220180
"512";"B25444";"b2-54-44";80012;220180
"513";"B25711";"b2-57-11";92012;220180
"514";"B25712";"b2-57-12";92012;220180
"515";"B25713";"b2-57-13";92012;220180
"516";"B25714";"b2-57-14";92012;220180
"517";"B25721";"b2-57-21";92012;220180
"518";"B25722";"b2-57-22";92012;220180
"519";"B25723";"b2-57-23";92012;220180
"520";"B25724";"b2-57-24";92012;220180
"521";"B25731";"b2-57-31";92012;220180
"522";"B25732";"b2-57-32";92012;220180
"523";"B25733";"b2-57-33";92012;220180
"524";"B25734";"b2-57-34";92012;220180
"525";"B25741";"b2-57-41";92012;220180
"526";"B25742";"b2-57-42";92012;220180
"527";"B25743";"b2-57-43";92012;220180
"528";"B25744";"b2-57-44";92012;220180
"529";"B25811";"b2-58-11";96012;220180
"530";"B25812";"b2-58-12";96012;220180
"531";"B25813";"b2-58-13";96012;220180
"532";"B25814";"b2-58-14";96012;220180
"533";"B25821";"b2-58-21";96012;220180
"534";"B25822";"b2-58-22";96012;220180
"535";"B25823";"b2-58-23";96012;220180
"536";"B25824";"b2-58-24";96012;220180
"537";"B25831";"b2-58-31";96012;220180
"538";"B25832";"b2-58-32";96012;220180
"539";"B25833";"b2-58-33";96012;220180
"540";"B25834";"b2-58-34";96012;220180
"541";"B25841";"b2-58-41";96012;220180
"542";"B25842";"b2-58-42";96012;220180
"543";"B25843";"b2-58-43";96012;220180
"544";"B25844";"b2-58-44";96012;220180
"545";"B35111";"b3-51-11";100012;220180
"546";"B35112";"b3-51-12";100012;220180
"547";"B35113";"b3-51-13";100012;220180
"548";"B35114";"b3-51-14";100012;220180
"549";"B35121";"b3-51-21";100012;220180
"550";"B35122";"b3-51-22";100012;220180
"551";"B35123";"b3-51-23";100012;220180
"552";"B35124";"b3-51-24";100012;220180
"553";"B35131";"b3-51-31";100012;220180
"554";"B35132";"b3-51-32";100012;220180
"555";"B35133";"b3-51-33";100012;220180
"556";"B35134";"b3-51-34";100012;220180
"557";"B35141";"b3-51-41";100012;220180
"558";"B35142";"b3-51-42";100012;220180
"559";"B35143";"b3-51-43";100012;220180
"560";"B35144";"b3-51-44";100012;220180
"561";"B35211";"b3-52-11";104012;220180
"562";"B35212";"b3-52-12";104012;220180
"563";"B35213";"b3-52-13";104012;220180
"564";"B35214";"b3-52-14";104012;220180
"565";"B35221";"b3-52-21";104012;220180
"566";"B35222";"b3-52-22";104012;220180
"567";"B35223";"b3-52-23";104012;220180
"568";"B35224";"b3-52-24";104012;220180
"569";"B35231";"b3-52-31";104012;220180
"570";"B35232";"b3-52-32";104012;220180
"571";"B35233";"b3-52-33";104012;220180
"572";"B35234";"b3-52-34";104012;220180
"573";"B35241";"b3-52-41";104012;220180
"574";"B35242";"b3-52-42";104012;220180
"575";"B35243";"b3-52-43";104012;220180
"576";"B35244";"b3-52-44";104012;220180
"577";"B41611";"b4-16-11";152012;236180
"578";"B41612";"b4-16-12";152012;236180
"579";"B41613";"b4-16-13";152012;236180
"580";"B41614";"b4-16-14";152012;236180
"581";"B41621";"b4-16-21";152012;236180
"582";"B41622";"b4-16-22";152012;236180
"583";"B41623";"b4-16-23";152012;236180
"584";"B41624";"b4-16-24";152012;236180
"585";"B41631";"b4-16-31";152012;236180
"586";"B41632";"b4-16-32";152012;236180
"587";"B41633";"b4-16-33";152012;236180
"588";"B41634";"b4-16-34";152012;236180
"589";"B41641";"b4-16-41";152012;236180
"590";"B41642";"b4-16-42";152012;236180
"591";"B41643";"b4-16-43";152012;236180
"592";"B41644";"b4-16-44";152012;236180
"593";"B41711";"b4-17-11";156012;236180
"594";"B41712";"b4-17-12";156012;236180
"595";"B41713";"b4-17-13";156012;236180
"596";"B41714";"b4-17-14";156012;236180
"597";"B41721";"b4-17-21";156012;236180
"598";"B41722";"b4-17-22";156012;236180
"599";"B41723";"b4-17-23";156012;236180
"600";"B41724";"b4-17-24";156012;236180
"601";"B41731";"b4-17-31";156012;236180
"602";"B41732";"b4-17-32";156012;236180
"603";"B41733";"b4-17-33";156012;236180
"604";"B41734";"b4-17-34";156012;236180
"605";"B41741";"b4-17-41";156012;236180
"606";"B41742";"b4-17-42";156012;236180
"607";"B41743";"b4-17-43";156012;236180
"608";"B41744";"b4-17-44";156012;236180
"609";"B41811";"b4-18-11";160012;236180
"610";"B41812";"b4-18-12";160012;236180
"611";"B41813";"b4-18-13";160012;236180
"612";"B41814";"b4-18-14";160012;236180
"613";"B41821";"b4-18-21";160012;236180
"614";"B41822";"b4-18-22";160012;236180
"615";"B41823";"b4-18-23";160012;236180
"616";"B41824";"b4-18-24";160012;236180
"617";"B41831";"b4-18-31";160012;236180
"618";"B41832";"b4-18-32";160012;236180
"619";"B41833";"b4-18-33";160012;236180
"620";"B41834";"b4-18-34";160012;236180
"621";"B41841";"b4-18-41";160012;236180
"622";"B41842";"b4-18-42";160012;236180
"623";"B41843";"b4-18-43";160012;236180
"624";"B41844";"b4-18-44";160012;236180
"625";"B42611";"b4-26-11";152012;232180
"626";"B42612";"b4-26-12";152012;232180
"627";"B42613";"b4-26-13";152012;232180
"628";"B42614";"b4-26-14";152012;232180
"629";"B42621";"b4-26-21";152012;232180
"630";"B42622";"b4-26-22";152012;232180
"631";"B42623";"b4-26-23";152012;232180
"632";"B42624";"b4-26-24";152012;232180
"633";"B42631";"b4-26-31";152012;232180
"634";"B42632";"b4-26-32";152012;232180
"635";"B42633";"b4-26-33";152012;232180
"636";"B42634";"b4-26-34";152012;232180
"637";"B42641";"b4-26-41";152012;232180
"638";"B42642";"b4-26-42";152012;232180
"639";"B42643";"b4-26-43";152012;232180
"640";"B42644";"b4-26-44";152012;232180
"641";"B42711";"b4-27-11";156012;232180
"642";"B42712";"b4-27-12";156012;232180
"643";"B42713";"b4-27-13";156012;232180
"644";"B42714";"b4-27-14";156012;232180
"645";"B42721";"b4-27-21";156012;232180
"646";"B42722";"b4-27-22";156012;232180
"647";"B42723";"b4-27-23";156012;232180
"648";"B42724";"b4-27-24";156012;232180
"649";"B42731";"b4-27-31";156012;232180
"650";"B42732";"b4-27-32";156012;232180
"651";"B42733";"b4-27-33";156012;232180
"652";"B42734";"b4-27-34";156012;232180
"653";"B42741";"b4-27-41";156012;232180
"654";"B42742";"b4-27-42";156012;232180
"655";"B42743";"b4-27-43";156012;232180
"656";"B42744";"b4-27-44";156012;232180
"657";"B42811";"b4-28-11";160012;232180
"658";"B42812";"b4-28-12";160012;232180
"659";"B42813";"b4-28-13";160012;232180
"660";"B42814";"b4-28-14";160012;232180
"661";"B42821";"b4-28-21";160012;232180
"662";"B42822";"b4-28-22";160012;232180
"663";"B42823";"b4-28-23";160012;232180
"664";"B42824";"b4-28-24";160012;232180
"665";"B42831";"b4-28-31";160012;232180
"666";"B42832";"b4-28-32";160012;232180
"667";"B42833";"b4-28-33";160012;232180
"668";"B42834";"b4-28-34";160012;232180
"669";"B42841";"b4-28-41";160012;232180
"670";"B42842";"b4-28-42";160012;232180
"671";"B42843";"b4-28-43";160012;232180
"672";"B42844";"b4-28-44";160012;232180
"673";"B43311";"b4-33-11";140012;228180
"674";"B43312";"b4-33-12";140012;228180
"675";"B43313";"b4-33-13";140012;228180
"676";"B43314";"b4-33-14";140012;228180
"677";"B43321";"b4-33-21";140012;228180
"678";"B43322";"b4-33-22";140012;228180
"679";"B43323";"b4-33-23";140012;228180
"680";"B43324";"b4-33-24";140012;228180
"681";"B43331";"b4-33-31";140012;228180
"682";"B43332";"b4-33-32";140012;228180
"683";"B43333";"b4-33-33";140012;228180
"684";"B43334";"b4-33-34";140012;228180
"685";"B43341";"b4-33-41";140012;228180
"686";"B43342";"b4-33-42";140012;228180
"687";"B43343";"b4-33-43";140012;228180
"688";"B43344";"b4-33-44";140012;228180
"689";"B43411";"b4-34-11";144012;228180
"690";"B43412";"b4-34-12";144012;228180
"691";"B43413";"b4-34-13";144012;228180
"692";"B43414";"b4-34-14";144012;228180
"693";"B43421";"b4-34-21";144012;228180
"694";"B43422";"b4-34-22";144012;228180
"695";"B43423";"b4-34-23";144012;228180
"696";"B43424";"b4-34-24";144012;228180
"697";"B43431";"b4-34-31";144012;228180
"698";"B43432";"b4-34-32";144012;228180
"699";"B43433";"b4-34-33";144012;228180
"700";"B43434";"b4-34-34";144012;228180
"701";"B43441";"b4-34-41";144012;228180
"702";"B43442";"b4-34-42";144012;228180
"703";"B43443";"b4-34-43";144012;228180
"704";"B43444";"b4-34-44";144012;228180
"705";"B43511";"b4-35-11";148012;228180
"706";"B43512";"b4-35-12";148012;228180
"707";"B43513";"b4-35-13";148012;228180
"708";"B43514";"b4-35-14";148012;228180
"709";"B43521";"b4-35-21";148012;228180
"710";"B43522";"b4-35-22";148012;228180
"711";"B43523";"b4-35-23";148012;228180
"712";"B43524";"b4-35-24";148012;228180
"713";"B43531";"b4-35-31";148012;228180
"714";"B43532";"b4-35-32";148012;228180
"715";"B43533";"b4-35-33";148012;228180
"716";"B43534";"b4-35-34";148012;228180
"717";"B43541";"b4-35-41";148012;228180
"718";"B43542";"b4-35-42";148012;228180
"719";"B43543";"b4-35-43";148012;228180
"720";"B43544";"b4-35-44";148012;228180
"721";"B43611";"b4-36-11";152012;228180
"722";"B43612";"b4-36-12";152012;228180
"723";"B43613";"b4-36-13";152012;228180
"724";"B43614";"b4-36-14";152012;228180
"725";"B43621";"b4-36-21";152012;228180
"726";"B43622";"b4-36-22";152012;228180
"727";"B43623";"b4-36-23";152012;228180
"728";"B43624";"b4-36-24";152012;228180
"729";"B43631";"b4-36-31";152012;228180
"730";"B43632";"b4-36-32";152012;228180
"731";"B43633";"b4-36-33";152012;228180
"732";"B43634";"b4-36-34";152012;228180
"733";"B43641";"b4-36-41";152012;228180
"734";"B43642";"b4-36-42";152012;228180
"735";"B43643";"b4-36-43";152012;228180
"736";"B43644";"b4-36-44";152012;228180
"737";"B43711";"b4-37-11";156012;228180
"738";"B43712";"b4-37-12";156012;228180
"739";"B43713";"b4-37-13";156012;228180
"740";"B43714";"b4-37-14";156012;228180
"741";"B43721";"b4-37-21";156012;228180
"742";"B43722";"b4-37-22";156012;228180
"743";"B43723";"b4-37-23";156012;228180
"744";"B43724";"b4-37-24";156012;228180
"745";"B43731";"b4-37-31";156012;228180
"746";"B43732";"b4-37-32";156012;228180
"747";"B43733";"b4-37-33";156012;228180
"748";"B43734";"b4-37-34";156012;228180
"749";"B43741";"b4-37-41";156012;228180
"750";"B43742";"b4-37-42";156012;228180
"751";"B43743";"b4-37-43";156012;228180
"752";"B43744";"b4-37-44";156012;228180
"753";"B43811";"b4-38-11";160012;228180
"754";"B43812";"b4-38-12";160012;228180
"755";"B43813";"b4-38-13";160012;228180
"756";"B43814";"b4-38-14";160012;228180
"757";"B43821";"b4-38-21";160012;228180
"758";"B43822";"b4-38-22";160012;228180
"759";"B43823";"b4-38-23";160012;228180
"760";"B43824";"b4-38-24";160012;228180
"761";"B43831";"b4-38-31";160012;228180
"762";"B43832";"b4-38-32";160012;228180
"763";"B43833";"b4-38-33";160012;228180
"764";"B43834";"b4-38-34";160012;228180
"765";"B43841";"b4-38-41";160012;228180
"766";"B43842";"b4-38-42";160012;228180
"767";"B43843";"b4-38-43";160012;228180
"768";"B43844";"b4-38-44";160012;228180
"769";"B44211";"b4-42-11";136012;224180
"770";"B44212";"b4-42-12";136012;224180
"771";"B44213";"b4-42-13";136012;224180
"772";"B44214";"b4-42-14";136012;224180
"773";"B44221";"b4-42-21";136012;224180
"774";"B44222";"b4-42-22";136012;224180
"775";"B44223";"b4-42-23";136012;224180
"776";"B44224";"b4-42-24";136012;224180
"777";"B44231";"b4-42-31";136012;224180
"778";"B44232";"b4-42-32";136012;224180
"779";"B44233";"b4-42-33";136012;224180
"780";"B44234";"b4-42-34";136012;224180
"781";"B44241";"b4-42-41";136012;224180
"782";"B44242";"b4-42-42";136012;224180
"783";"B44243";"b4-42-43";136012;224180
"784";"B44244";"b4-42-44";136012;224180
"785";"B44311";"b4-43-11";140012;224180
"786";"B44312";"b4-43-12";140012;224180
"787";"B44313";"b4-43-13";140012;224180
"788";"B44314";"b4-43-14";140012;224180
"789";"B44321";"b4-43-21";140012;224180
"790";"B44322";"b4-43-22";140012;224180
"791";"B44323";"b4-43-23";140012;224180
"792";"B44324";"b4-43-24";140012;224180
"793";"B44331";"b4-43-31";140012;224180
"794";"B44332";"b4-43-32";140012;224180
"795";"B44333";"b4-43-33";140012;224180
"796";"B44334";"b4-43-34";140012;224180
"797";"B44341";"b4-43-41";140012;224180
"798";"B44342";"b4-43-42";140012;224180
"799";"B44343";"b4-43-43";140012;224180
"800";"B44344";"b4-43-44";140012;224180
"801";"B44411";"b4-44-11";144012;224180
"802";"B44412";"b4-44-12";144012;224180
"803";"B44413";"b4-44-13";144012;224180
"804";"B44414";"b4-44-14";144012;224180
"805";"B44421";"b4-44-21";144012;224180
"806";"B44422";"b4-44-22";144012;224180
"807";"B44423";"b4-44-23";144012;224180
"808";"B44424";"b4-44-24";144012;224180
"809";"B44431";"b4-44-31";144012;224180
"810";"B44432";"b4-44-32";144012;224180
"811";"B44433";"b4-44-33";144012;224180
"812";"B44434";"b4-44-34";144012;224180
"813";"B44441";"b4-44-41";144012;224180
"814";"B44442";"b4-44-42";144012;224180
"815";"B44443";"b4-44-43";144012;224180
"816";"B44444";"b4-44-44";144012;224180
"817";"B44511";"b4-45-11";148012;224180
"818";"B44512";"b4-45-12";148012;224180
"819";"B44513";"b4-45-13";148012;224180
"820";"B44514";"b4-45-14";148012;224180
"821";"B44521";"b4-45-21";148012;224180
"822";"B44522";"b4-45-22";148012;224180
"823";"B44523";"b4-45-23";148012;224180
"824";"B44524";"b4-45-24";148012;224180
"825";"B44531";"b4-45-31";148012;224180
"826";"B44532";"b4-45-32";148012;224180
"827";"B44533";"b4-45-33";148012;224180
"828";"B44534";"b4-45-34";148012;224180
"829";"B44541";"b4-45-41";148012;224180
"830";"B44542";"b4-45-42";148012;224180
"831";"B44543";"b4-45-43";148012;224180
"832";"B44544";"b4-45-44";148012;224180
"833";"B44611";"b4-46-11";152012;224180
"834";"B44612";"b4-46-12";152012;224180
"835";"B44613";"b4-46-13";152012;224180
"836";"B44614";"b4-46-14";152012;224180
"837";"B44621";"b4-46-21";152012;224180
"838";"B44622";"b4-46-22";152012;224180
"839";"B44623";"b4-46-23";152012;224180
"840";"B44624";"b4-46-24";152012;224180
"841";"B44631";"b4-46-31";152012;224180
"842";"B44632";"b4-46-32";152012;224180
"843";"B44633";"b4-46-33";152012;224180
"844";"B44634";"b4-46-34";152012;224180
"845";"B44641";"b4-46-41";152012;224180
"846";"B44642";"b4-46-42";152012;224180
"847";"B44643";"b4-46-43";152012;224180
"848";"B44644";"b4-46-44";152012;224180
"849";"B44711";"b4-47-11";156012;224180
"850";"B44712";"b4-47-12";156012;224180
"851";"B44713";"b4-47-13";156012;224180
"852";"B44714";"b4-47-14";156012;224180
"853";"B44721";"b4-47-21";156012;224180
"854";"B44722";"b4-47-22";156012;224180
"855";"B44723";"b4-47-23";156012;224180
"856";"B44724";"b4-47-24";156012;224180
"857";"B44731";"b4-47-31";156012;224180
"858";"B44732";"b4-47-32";156012;224180
"859";"B44733";"b4-47-33";156012;224180
"860";"B44734";"b4-47-34";156012;224180
"861";"B44741";"b4-47-41";156012;224180
"862";"B44742";"b4-47-42";156012;224180
"863";"B44743";"b4-47-43";156012;224180
"864";"B44744";"b4-47-44";156012;224180
"865";"B44811";"b4-48-11";160012;224180
"866";"B44812";"b4-48-12";160012;224180
"867";"B44813";"b4-48-13";160012;224180
"868";"B44814";"b4-48-14";160012;224180
"869";"B44821";"b4-48-21";160012;224180
"870";"B44822";"b4-48-22";160012;224180
"871";"B44823";"b4-48-23";160012;224180
"872";"B44824";"b4-48-24";160012;224180
"873";"B44831";"b4-48-31";160012;224180
"874";"B44832";"b4-48-32";160012;224180
"875";"B44833";"b4-48-33";160012;224180
"876";"B44834";"b4-48-34";160012;224180
"877";"B44841";"b4-48-41";160012;224180
"878";"B44842";"b4-48-42";160012;224180
"879";"B44843";"b4-48-43";160012;224180
"880";"B44844";"b4-48-44";160012;224180
"881";"B45111";"b4-51-11";132012;220180
"882";"B45112";"b4-51-12";132012;220180
"883";"B45113";"b4-51-13";132012;220180
"884";"B45114";"b4-51-14";132012;220180
"885";"B45121";"b4-51-21";132012;220180
"886";"B45122";"b4-51-22";132012;220180
"887";"B45123";"b4-51-23";132012;220180
"888";"B45124";"b4-51-24";132012;220180
"889";"B45131";"b4-51-31";132012;220180
"890";"B45132";"b4-51-32";132012;220180
"891";"B45133";"b4-51-33";132012;220180
"892";"B45134";"b4-51-34";132012;220180
"893";"B45141";"b4-51-41";132012;220180
"894";"B45142";"b4-51-42";132012;220180
"895";"B45143";"b4-51-43";132012;220180
"896";"B45144";"b4-51-44";132012;220180
"897";"B45211";"b4-52-11";136012;220180
"898";"B45212";"b4-52-12";136012;220180
"899";"B45213";"b4-52-13";136012;220180
"900";"B45214";"b4-52-14";136012;220180
"901";"B45221";"b4-52-21";136012;220180
"902";"B45222";"b4-52-22";136012;220180
"903";"B45223";"b4-52-23";136012;220180
"904";"B45224";"b4-52-24";136012;220180
"905";"B45231";"b4-52-31";136012;220180
"906";"B45232";"b4-52-32";136012;220180
"907";"B45233";"b4-52-33";136012;220180
"908";"B45234";"b4-52-34";136012;220180
"909";"B45241";"b4-52-41";136012;220180
"910";"B45242";"b4-52-42";136012;220180
"911";"B45243";"b4-52-43";136012;220180
"912";"B45244";"b4-52-44";136012;220180
"913";"B45311";"b4-53-11";140012;220180
"914";"B45312";"b4-53-12";140012;220180
"915";"B45313";"b4-53-13";140012;220180
"916";"B45314";"b4-53-14";140012;220180
"917";"B45321";"b4-53-21";140012;220180
"918";"B45322";"b4-53-22";140012;220180
"919";"B45323";"b4-53-23";140012;220180
"920";"B45324";"b4-53-24";140012;220180
"921";"B45331";"b4-53-31";140012;220180
"922";"B45332";"b4-53-32";140012;220180
"923";"B45333";"b4-53-33";140012;220180
"924";"B45334";"b4-53-34";140012;220180
"925";"B45341";"b4-53-41";140012;220180
"926";"B45342";"b4-53-42";140012;220180
"927";"B45343";"b4-53-43";140012;220180
"928";"B45344";"b4-53-44";140012;220180
"929";"B45411";"b4-54-11";144012;220180
"930";"B45412";"b4-54-12";144012;220180
"931";"B45413";"b4-54-13";144012;220180
"932";"B45414";"b4-54-14";144012;220180
"933";"B45421";"b4-54-21";144012;220180
"934";"B45422";"b4-54-22";144012;220180
"935";"B45423";"b4-54-23";144012;220180
"936";"B45424";"b4-54-24";144012;220180
"937";"B45431";"b4-54-31";144012;220180
"938";"B45432";"b4-54-32";144012;220180
"939";"B45433";"b4-54-33";144012;220180
"940";"B45434";"b4-54-34";144012;220180
"941";"B45441";"b4-54-41";144012;220180
"942";"B45442";"b4-54-42";144012;220180
"943";"B45443";"b4-54-43";144012;220180
"944";"B45444";"b4-54-44";144012;220180
"945";"B45511";"b4-55-11";148012;220180
"946";"B45512";"b4-55-12";148012;220180
"947";"B45513";"b4-55-13";148012;220180
"948";"B45514";"b4-55-14";148012;220180
"949";"B45521";"b4-55-21";148012;220180
"950";"B45522";"b4-55-22";148012;220180
"951";"B45523";"b4-55-23";148012;220180
"952";"B45524";"b4-55-24";148012;220180
"953";"B45531";"b4-55-31";148012;220180
"954";"B45532";"b4-55-32";148012;220180
"955";"B45533";"b4-55-33";148012;220180
"956";"B45534";"b4-55-34";148012;220180
"957";"B45541";"b4-55-41";148012;220180
"958";"B45542";"b4-55-42";148012;220180
"959";"B45543";"b4-55-43";148012;220180
"960";"B45544";"b4-55-44";148012;220180
"961";"B45611";"b4-56-11";152012;220180
"962";"B45612";"b4-56-12";152012;220180
"963";"B45613";"b4-56-13";152012;220180
"964";"B45614";"b4-56-14";152012;220180
"965";"B45621";"b4-56-21";152012;220180
"966";"B45622";"b4-56-22";152012;220180
"967";"B45623";"b4-56-23";152012;220180
"968";"B45624";"b4-56-24";152012;220180
"969";"B45631";"b4-56-31";152012;220180
"970";"B45632";"b4-56-32";152012;220180
"971";"B45633";"b4-56-33";152012;220180
"972";"B45634";"b4-56-34";152012;220180
"973";"B45641";"b4-56-41";152012;220180
"974";"B45642";"b4-56-42";152012;220180
"975";"B45643";"b4-56-43";152012;220180
"976";"B45644";"b4-56-44";152012;220180
"977";"B45711";"b4-57-11";156012;220180
"978";"B45712";"b4-57-12";156012;220180
"979";"B45713";"b4-57-13";156012;220180
"980";"B45714";"b4-57-14";156012;220180
"981";"B45721";"b4-57-21";156012;220180
"982";"B45722";"b4-57-22";156012;220180
"983";"B45723";"b4-57-23";156012;220180
"984";"B45724";"b4-57-24";156012;220180
"985";"B45731";"b4-57-31";156012;220180
"986";"B45732";"b4-57-32";156012;220180
"987";"B45733";"b4-57-33";156012;220180
"988";"B45734";"b4-57-34";156012;220180
"989";"B45741";"b4-57-41";156012;220180
"990";"B45742";"b4-57-42";156012;220180
"991";"B45743";"b4-57-43";156012;220180
"992";"B45744";"b4-57-44";156012;220180
"993";"B45811";"b4-58-11";160012;220180
"994";"B45812";"b4-58-12";160012;220180
"995";"B45813";"b4-58-13";160012;220180
"996";"B45814";"b4-58-14";160012;220180
"997";"B45821";"b4-58-21";160012;220180
"998";"B45822";"b4-58-22";160012;220180
"999";"B45823";"b4-58-23";160012;220180
"1000";"B45824";"b4-58-24";160012;220180
"1001";"B45831";"b4-58-31";160012;220180
"1002";"B45832";"b4-58-32";160012;220180
"1003";"B45833";"b4-58-33";160012;220180
"1004";"B45834";"b4-58-34";160012;220180
"1005";"B45841";"b4-58-41";160012;220180
"1006";"B45842";"b4-58-42";160012;220180
"1007";"B45843";"b4-58-43";160012;220180
"1008";"B45844";"b4-58-44";160012;220180
"1009";"B51111";"b5-11-11";164012;236180
"1010";"B51112";"b5-11-12";164012;236180
"1011";"B51113";"b5-11-13";164012;236180
"1012";"B51114";"b5-11-14";164012;236180
"1013";"B51121";"b5-11-21";164012;236180
"1014";"B51122";"b5-11-22";164012;236180
"1015";"B51123";"b5-11-23";164012;236180
"1016";"B51124";"b5-11-24";164012;236180
"1017";"B51131";"b5-11-31";164012;236180
"1018";"B51132";"b5-11-32";164012;236180
"1019";"B51133";"b5-11-33";164012;236180
"1020";"B51134";"b5-11-34";164012;236180
"1021";"B51141";"b5-11-41";164012;236180
"1022";"B51142";"b5-11-42";164012;236180
"1023";"B51143";"b5-11-43";164012;236180
"1024";"B51144";"b5-11-44";164012;236180
"1025";"B51211";"b5-12-11";168012;236180
"1026";"B51212";"b5-12-12";168012;236180
"1027";"B51213";"b5-12-13";168012;236180
"1028";"B51214";"b5-12-14";168012;236180
"1029";"B51221";"b5-12-21";168012;236180
"1030";"B51222";"b5-12-22";168012;236180
"1031";"B51223";"b5-12-23";168012;236180
"1032";"B51224";"b5-12-24";168012;236180
"1033";"B51231";"b5-12-31";168012;236180
"1034";"B51232";"b5-12-32";168012;236180
"1035";"B51233";"b5-12-33";168012;236180
"1036";"B51234";"b5-12-34";168012;236180
"1037";"B51241";"b5-12-41";168012;236180
"1038";"B51242";"b5-12-42";168012;236180
"1039";"B51243";"b5-12-43";168012;236180
"1040";"B51244";"b5-12-44";168012;236180
"1041";"B51311";"b5-13-11";172012;236180
"1042";"B51312";"b5-13-12";172012;236180
"1043";"B51313";"b5-13-13";172012;236180
"1044";"B51314";"b5-13-14";172012;236180
"1045";"B51321";"b5-13-21";172012;236180
"1046";"B51322";"b5-13-22";172012;236180
"1047";"B51323";"b5-13-23";172012;236180
"1048";"B51324";"b5-13-24";172012;236180
"1049";"B51331";"b5-13-31";172012;236180
"1050";"B51332";"b5-13-32";172012;236180
"1051";"B51333";"b5-13-33";172012;236180
"1052";"B51334";"b5-13-34";172012;236180
"1053";"B51341";"b5-13-41";172012;236180
"1054";"B51342";"b5-13-42";172012;236180
"1055";"B51343";"b5-13-43";172012;236180
"1056";"B51344";"b5-13-44";172012;236180
"1057";"B51411";"b5-14-11";176012;236180
"1058";"B51412";"b5-14-12";176012;236180
"1059";"B51413";"b5-14-13";176012;236180
"1060";"B51414";"b5-14-14";176012;236180
"1061";"B51421";"b5-14-21";176012;236180
"1062";"B51422";"b5-14-22";176012;236180
"1063";"B51423";"b5-14-23";176012;236180
"1064";"B51424";"b5-14-24";176012;236180
"1065";"B51431";"b5-14-31";176012;236180
"1066";"B51432";"b5-14-32";176012;236180
"1067";"B51433";"b5-14-33";176012;236180
"1068";"B51434";"b5-14-34";176012;236180
"1069";"B51441";"b5-14-41";176012;236180
"1070";"B51442";"b5-14-42";176012;236180
"1071";"B51443";"b5-14-43";176012;236180
"1072";"B51444";"b5-14-44";176012;236180
"1073";"B51511";"b5-15-11";180012;236180
"1074";"B51512";"b5-15-12";180012;236180
"1075";"B51513";"b5-15-13";180012;236180
"1076";"B51514";"b5-15-14";180012;236180
"1077";"B51521";"b5-15-21";180012;236180
"1078";"B51522";"b5-15-22";180012;236180
"1079";"B51523";"b5-15-23";180012;236180
"1080";"B51524";"b5-15-24";180012;236180
"1081";"B51531";"b5-15-31";180012;236180
"1082";"B51532";"b5-15-32";180012;236180
"1083";"B51533";"b5-15-33";180012;236180
"1084";"B51534";"b5-15-34";180012;236180
"1085";"B51541";"b5-15-41";180012;236180
"1086";"B51542";"b5-15-42";180012;236180
"1087";"B51543";"b5-15-43";180012;236180
"1088";"B51544";"b5-15-44";180012;236180
"1089";"B51611";"b5-16-11";184012;236180
"1090";"B51612";"b5-16-12";184012;236180
"1091";"B51613";"b5-16-13";184012;236180
"1092";"B51614";"b5-16-14";184012;236180
"1093";"B51621";"b5-16-21";184012;236180
"1094";"B51622";"b5-16-22";184012;236180
"1095";"B51623";"b5-16-23";184012;236180
"1096";"B51624";"b5-16-24";184012;236180
"1097";"B51631";"b5-16-31";184012;236180
"1098";"B51632";"b5-16-32";184012;236180
"1099";"B51633";"b5-16-33";184012;236180
"1100";"B51634";"b5-16-34";184012;236180
"1101";"B51641";"b5-16-41";184012;236180
"1102";"B51642";"b5-16-42";184012;236180
"1103";"B51643";"b5-16-43";184012;236180
"1104";"B51644";"b5-16-44";184012;236180
"1105";"B51711";"b5-17-11";188012;236180
"1106";"B51712";"b5-17-12";188012;236180
"1107";"B51713";"b5-17-13";188012;236180
"1108";"B51714";"b5-17-14";188012;236180
"1109";"B51721";"b5-17-21";188012;236180
"1110";"B51722";"b5-17-22";188012;236180
"1111";"B51723";"b5-17-23";188012;236180
"1112";"B51724";"b5-17-24";188012;236180
"1113";"B51731";"b5-17-31";188012;236180
"1114";"B51732";"b5-17-32";188012;236180
"1115";"B51733";"b5-17-33";188012;236180
"1116";"B51734";"b5-17-34";188012;236180
"1117";"B51741";"b5-17-41";188012;236180
"1118";"B51742";"b5-17-42";188012;236180
"1119";"B51743";"b5-17-43";188012;236180
"1120";"B51744";"b5-17-44";188012;236180
"1121";"B51811";"b5-18-11";192012;236180
"1122";"B51812";"b5-18-12";192012;236180
"1123";"B51813";"b5-18-13";192012;236180
"1124";"B51814";"b5-18-14";192012;236180
"1125";"B51821";"b5-18-21";192012;236180
"1126";"B51822";"b5-18-22";192012;236180
"1127";"B51823";"b5-18-23";192012;236180
"1128";"B51824";"b5-18-24";192012;236180
"1129";"B51831";"b5-18-31";192012;236180
"1130";"B51832";"b5-18-32";192012;236180
"1131";"B51833";"b5-18-33";192012;236180
"1132";"B51834";"b5-18-34";192012;236180
"1133";"B51841";"b5-18-41";192012;236180
"1134";"B51842";"b5-18-42";192012;236180
"1135";"B51843";"b5-18-43";192012;236180
"1136";"B51844";"b5-18-44";192012;236180
"1137";"B52111";"b5-21-11";164012;232180
"1138";"B52112";"b5-21-12";164012;232180
"1139";"B52113";"b5-21-13";164012;232180
"1140";"B52114";"b5-21-14";164012;232180
"1141";"B52121";"b5-21-21";164012;232180
"1142";"B52122";"b5-21-22";164012;232180
"1143";"B52123";"b5-21-23";164012;232180
"1144";"B52124";"b5-21-24";164012;232180
"1145";"B52131";"b5-21-31";164012;232180
"1146";"B52132";"b5-21-32";164012;232180
"1147";"B52133";"b5-21-33";164012;232180
"1148";"B52134";"b5-21-34";164012;232180
"1149";"B52141";"b5-21-41";164012;232180
"1150";"B52142";"b5-21-42";164012;232180
"1151";"B52143";"b5-21-43";164012;232180
"1152";"B52144";"b5-21-44";164012;232180
"1153";"B52211";"b5-22-11";168012;232180
"1154";"B52212";"b5-22-12";168012;232180
"1155";"B52213";"b5-22-13";168012;232180
"1156";"B52214";"b5-22-14";168012;232180
"1157";"B52221";"b5-22-21";168012;232180
"1158";"B52222";"b5-22-22";168012;232180
"1159";"B52223";"b5-22-23";168012;232180
"1160";"B52224";"b5-22-24";168012;232180
"1161";"B52231";"b5-22-31";168012;232180
"1162";"B52232";"b5-22-32";168012;232180
"1163";"B52233";"b5-22-33";168012;232180
"1164";"B52234";"b5-22-34";168012;232180
"1165";"B52241";"b5-22-41";168012;232180
"1166";"B52242";"b5-22-42";168012;232180
"1167";"B52243";"b5-22-43";168012;232180
"1168";"B52244";"b5-22-44";168012;232180
"1169";"B52311";"b5-23-11";172012;232180
"1170";"B52312";"b5-23-12";172012;232180
"1171";"B52313";"b5-23-13";172012;232180
"1172";"B52314";"b5-23-14";172012;232180
"1173";"B52321";"b5-23-21";172012;232180
"1174";"B52322";"b5-23-22";172012;232180
"1175";"B52323";"b5-23-23";172012;232180
"1176";"B52324";"b5-23-24";172012;232180
"1177";"B52331";"b5-23-31";172012;232180
"1178";"B52332";"b5-23-32";172012;232180
"1179";"B52333";"b5-23-33";172012;232180
"1180";"B52334";"b5-23-34";172012;232180
"1181";"B52341";"b5-23-41";172012;232180
"1182";"B52342";"b5-23-42";172012;232180
"1183";"B52343";"b5-23-43";172012;232180
"1184";"B52344";"b5-23-44";172012;232180
"1185";"B52411";"b5-24-11";176012;232180
"1186";"B52412";"b5-24-12";176012;232180
"1187";"B52413";"b5-24-13";176012;232180
"1188";"B52414";"b5-24-14";176012;232180
"1189";"B52421";"b5-24-21";176012;232180
"1190";"B52422";"b5-24-22";176012;232180
"1191";"B52423";"b5-24-23";176012;232180
"1192";"B52424";"b5-24-24";176012;232180
"1193";"B52431";"b5-24-31";176012;232180
"1194";"B52432";"b5-24-32";176012;232180
"1195";"B52433";"b5-24-33";176012;232180
"1196";"B52434";"b5-24-34";176012;232180
"1197";"B52441";"b5-24-41";176012;232180
"1198";"B52442";"b5-24-42";176012;232180
"1199";"B52443";"b5-24-43";176012;232180
"1200";"B52444";"b5-24-44";176012;232180
"1201";"B52511";"b5-25-11";180012;232180
"1202";"B52512";"b5-25-12";180012;232180
"1203";"B52513";"b5-25-13";180012;232180
"1204";"B52514";"b5-25-14";180012;232180
"1205";"B52521";"b5-25-21";180012;232180
"1206";"B52522";"b5-25-22";180012;232180
"1207";"B52523";"b5-25-23";180012;232180
"1208";"B52524";"b5-25-24";180012;232180
"1209";"B52531";"b5-25-31";180012;232180
"1210";"B52532";"b5-25-32";180012;232180
"1211";"B52533";"b5-25-33";180012;232180
"1212";"B52534";"b5-25-34";180012;232180
"1213";"B52541";"b5-25-41";180012;232180
"1214";"B52542";"b5-25-42";180012;232180
"1215";"B52543";"b5-25-43";180012;232180
"1216";"B52544";"b5-25-44";180012;232180
"1217";"B52611";"b5-26-11";184012;232180
"1218";"B52612";"b5-26-12";184012;232180
"1219";"B52613";"b5-26-13";184012;232180
"1220";"B52614";"b5-26-14";184012;232180
"1221";"B52621";"b5-26-21";184012;232180
"1222";"B52622";"b5-26-22";184012;232180
"1223";"B52623";"b5-26-23";184012;232180
"1224";"B52624";"b5-26-24";184012;232180
"1225";"B52631";"b5-26-31";184012;232180
"1226";"B52632";"b5-26-32";184012;232180
"1227";"B52633";"b5-26-33";184012;232180
"1228";"B52634";"b5-26-34";184012;232180
"1229";"B52641";"b5-26-41";184012;232180
"1230";"B52642";"b5-26-42";184012;232180
"1231";"B52643";"b5-26-43";184012;232180
"1232";"B52644";"b5-26-44";184012;232180
"1233";"B52711";"b5-27-11";188012;232180
"1234";"B52712";"b5-27-12";188012;232180
"1235";"B52713";"b5-27-13";188012;232180
"1236";"B52714";"b5-27-14";188012;232180
"1237";"B52721";"b5-27-21";188012;232180
"1238";"B52722";"b5-27-22";188012;232180
"1239";"B52723";"b5-27-23";188012;232180
"1240";"B52724";"b5-27-24";188012;232180
"1241";"B52731";"b5-27-31";188012;232180
"1242";"B52732";"b5-27-32";188012;232180
"1243";"B52733";"b5-27-33";188012;232180
"1244";"B52734";"b5-27-34";188012;232180
"1245";"B52741";"b5-27-41";188012;232180
"1246";"B52742";"b5-27-42";188012;232180
"1247";"B52743";"b5-27-43";188012;232180
"1248";"B52744";"b5-27-44";188012;232180
"1249";"B52811";"b5-28-11";192012;232180
"1250";"B52812";"b5-28-12";192012;232180
"1251";"B52813";"b5-28-13";192012;232180
"1252";"B52814";"b5-28-14";192012;232180
"1253";"B52821";"b5-28-21";192012;232180
"1254";"B52822";"b5-28-22";192012;232180
"1255";"B52823";"b5-28-23";192012;232180
"1256";"B52824";"b5-28-24";192012;232180
"1257";"B52831";"b5-28-31";192012;232180
"1258";"B52832";"b5-28-32";192012;232180
"1259";"B52833";"b5-28-33";192012;232180
"1260";"B52834";"b5-28-34";192012;232180
"1261";"B52841";"b5-28-41";192012;232180
"1262";"B52842";"b5-28-42";192012;232180
"1263";"B52843";"b5-28-43";192012;232180
"1264";"B52844";"b5-28-44";192012;232180
"1265";"B53111";"b5-31-11";164012;228180
"1266";"B53112";"b5-31-12";164012;228180
"1267";"B53113";"b5-31-13";164012;228180
"1268";"B53114";"b5-31-14";164012;228180
"1269";"B53121";"b5-31-21";164012;228180
"1270";"B53122";"b5-31-22";164012;228180
"1271";"B53123";"b5-31-23";164012;228180
"1272";"B53124";"b5-31-24";164012;228180
"1273";"B53131";"b5-31-31";164012;228180
"1274";"B53132";"b5-31-32";164012;228180
"1275";"B53133";"b5-31-33";164012;228180
"1276";"B53134";"b5-31-34";164012;228180
"1277";"B53141";"b5-31-41";164012;228180
"1278";"B53142";"b5-31-42";164012;228180
"1279";"B53143";"b5-31-43";164012;228180
"1280";"B53144";"b5-31-44";164012;228180
"1281";"B53211";"b5-32-11";168012;228180
"1282";"B53212";"b5-32-12";168012;228180
"1283";"B53213";"b5-32-13";168012;228180
"1284";"B53214";"b5-32-14";168012;228180
"1285";"B53221";"b5-32-21";168012;228180
"1286";"B53222";"b5-32-22";168012;228180
"1287";"B53223";"b5-32-23";168012;228180
"1288";"B53224";"b5-32-24";168012;228180
"1289";"B53231";"b5-32-31";168012;228180
"1290";"B53232";"b5-32-32";168012;228180
"1291";"B53233";"b5-32-33";168012;228180
"1292";"B53234";"b5-32-34";168012;228180
"1293";"B53241";"b5-32-41";168012;228180
"1294";"B53242";"b5-32-42";168012;228180
"1295";"B53243";"b5-32-43";168012;228180
"1296";"B53244";"b5-32-44";168012;228180
"1297";"B53311";"b5-33-11";172012;228180
"1298";"B53312";"b5-33-12";172012;228180
"1299";"B53313";"b5-33-13";172012;228180
"1300";"B53314";"b5-33-14";172012;228180
"1301";"B53321";"b5-33-21";172012;228180
"1302";"B53322";"b5-33-22";172012;228180
"1303";"B53323";"b5-33-23";172012;228180
"1304";"B53324";"b5-33-24";172012;228180
"1305";"B53331";"b5-33-31";172012;228180
"1306";"B53332";"b5-33-32";172012;228180
"1307";"B53333";"b5-33-33";172012;228180
"1308";"B53334";"b5-33-34";172012;228180
"1309";"B53341";"b5-33-41";172012;228180
"1310";"B53342";"b5-33-42";172012;228180
"1311";"B53343";"b5-33-43";172012;228180
"1312";"B53344";"b5-33-44";172012;228180
"1313";"B53411";"b5-34-11";176012;228180
"1314";"B53412";"b5-34-12";176012;228180
"1315";"B53413";"b5-34-13";176012;228180
"1316";"B53414";"b5-34-14";176012;228180
"1317";"B53421";"b5-34-21";176012;228180
"1318";"B53422";"b5-34-22";176012;228180
"1319";"B53423";"b5-34-23";176012;228180
"1320";"B53424";"b5-34-24";176012;228180
"1321";"B53431";"b5-34-31";176012;228180
"1322";"B53432";"b5-34-32";176012;228180
"1323";"B53433";"b5-34-33";176012;228180
"1324";"B53434";"b5-34-34";176012;228180
"1325";"B53441";"b5-34-41";176012;228180
"1326";"B53442";"b5-34-42";176012;228180
"1327";"B53443";"b5-34-43";176012;228180
"1328";"B53444";"b5-34-44";176012;228180
"1329";"B53511";"b5-35-11";180012;228180
"1330";"B53512";"b5-35-12";180012;228180
"1331";"B53513";"b5-35-13";180012;228180
"1332";"B53514";"b5-35-14";180012;228180
"1333";"B53521";"b5-35-21";180012;228180
"1334";"B53522";"b5-35-22";180012;228180
"1335";"B53523";"b5-35-23";180012;228180
"1336";"B53524";"b5-35-24";180012;228180
"1337";"B53531";"b5-35-31";180012;228180
"1338";"B53532";"b5-35-32";180012;228180
"1339";"B53533";"b5-35-33";180012;228180
"1340";"B53534";"b5-35-34";180012;228180
"1341";"B53541";"b5-35-41";180012;228180
"1342";"B53542";"b5-35-42";180012;228180
"1343";"B53543";"b5-35-43";180012;228180
"1344";"B53544";"b5-35-44";180012;228180
"1345";"B53611";"b5-36-11";184012;228180
"1346";"B53612";"b5-36-12";184012;228180
"1347";"B53613";"b5-36-13";184012;228180
"1348";"B53614";"b5-36-14";184012;228180
"1349";"B53621";"b5-36-21";184012;228180
"1350";"B53622";"b5-36-22";184012;228180
"1351";"B53623";"b5-36-23";184012;228180
"1352";"B53624";"b5-36-24";184012;228180
"1353";"B53631";"b5-36-31";184012;228180
"1354";"B53632";"b5-36-32";184012;228180
"1355";"B53633";"b5-36-33";184012;228180
"1356";"B53634";"b5-36-34";184012;228180
"1357";"B53641";"b5-36-41";184012;228180
"1358";"B53642";"b5-36-42";184012;228180
"1359";"B53643";"b5-36-43";184012;228180
"1360";"B53644";"b5-36-44";184012;228180
"1361";"B53711";"b5-37-11";188012;228180
"1362";"B53712";"b5-37-12";188012;228180
"1363";"B53713";"b5-37-13";188012;228180
"1364";"B53714";"b5-37-14";188012;228180
"1365";"B53721";"b5-37-21";188012;228180
"1366";"B53722";"b5-37-22";188012;228180
"1367";"B53723";"b5-37-23";188012;228180
"1368";"B53724";"b5-37-24";188012;228180
"1369";"B53731";"b5-37-31";188012;228180
"1370";"B53732";"b5-37-32";188012;228180
"1371";"B53733";"b5-37-33";188012;228180
"1372";"B53734";"b5-37-34";188012;228180
"1373";"B53741";"b5-37-41";188012;228180
"1374";"B53742";"b5-37-42";188012;228180
"1375";"B53743";"b5-37-43";188012;228180
"1376";"B53744";"b5-37-44";188012;228180
"1377";"B53811";"b5-38-11";192012;228180
"1378";"B53812";"b5-38-12";192012;228180
"1379";"B53813";"b5-38-13";192012;228180
"1380";"B53814";"b5-38-14";192012;228180
"1381";"B53821";"b5-38-21";192012;228180
"1382";"B53822";"b5-38-22";192012;228180
"1383";"B53823";"b5-38-23";192012;228180
"1384";"B53824";"b5-38-24";192012;228180
"1385";"B53831";"b5-38-31";192012;228180
"1386";"B53832";"b5-38-32";192012;228180
"1387";"B53833";"b5-38-33";192012;228180
"1388";"B53834";"b5-38-34";192012;228180
"1389";"B53841";"b5-38-41";192012;228180
"1390";"B53842";"b5-38-42";192012;228180
"1391";"B53843";"b5-38-43";192012;228180
"1392";"B53844";"b5-38-44";192012;228180
"1393";"B54111";"b5-41-11";164012;224180
"1394";"B54112";"b5-41-12";164012;224180
"1395";"B54113";"b5-41-13";164012;224180
"1396";"B54114";"b5-41-14";164012;224180
"1397";"B54121";"b5-41-21";164012;224180
"1398";"B54122";"b5-41-22";164012;224180
"1399";"B54123";"b5-41-23";164012;224180
"1400";"B54124";"b5-41-24";164012;224180
"1401";"B54131";"b5-41-31";164012;224180
"1402";"B54132";"b5-41-32";164012;224180
"1403";"B54133";"b5-41-33";164012;224180
"1404";"B54134";"b5-41-34";164012;224180
"1405";"B54141";"b5-41-41";164012;224180
"1406";"B54142";"b5-41-42";164012;224180
"1407";"B54143";"b5-41-43";164012;224180
"1408";"B54144";"b5-41-44";164012;224180
"1409";"B54211";"b5-42-11";168012;224180
"1410";"B54212";"b5-42-12";168012;224180
"1411";"B54213";"b5-42-13";168012;224180
"1412";"B54214";"b5-42-14";168012;224180
"1413";"B54221";"b5-42-21";168012;224180
"1414";"B54222";"b5-42-22";168012;224180
"1415";"B54223";"b5-42-23";168012;224180
"1416";"B54224";"b5-42-24";168012;224180
"1417";"B54231";"b5-42-31";168012;224180
"1418";"B54232";"b5-42-32";168012;224180
"1419";"B54233";"b5-42-33";168012;224180
"1420";"B54234";"b5-42-34";168012;224180
"1421";"B54241";"b5-42-41";168012;224180
"1422";"B54242";"b5-42-42";168012;224180
"1423";"B54243";"b5-42-43";168012;224180
"1424";"B54244";"b5-42-44";168012;224180
"1425";"B54311";"b5-43-11";172012;224180
"1426";"B54312";"b5-43-12";172012;224180
"1427";"B54313";"b5-43-13";172012;224180
"1428";"B54314";"b5-43-14";172012;224180
"1429";"B54321";"b5-43-21";172012;224180
"1430";"B54322";"b5-43-22";172012;224180
"1431";"B54323";"b5-43-23";172012;224180
"1432";"B54324";"b5-43-24";172012;224180
"1433";"B54331";"b5-43-31";172012;224180
"1434";"B54332";"b5-43-32";172012;224180
"1435";"B54333";"b5-43-33";172012;224180
"1436";"B54334";"b5-43-34";172012;224180
"1437";"B54341";"b5-43-41";172012;224180
"1438";"B54342";"b5-43-42";172012;224180
"1439";"B54343";"b5-43-43";172012;224180
"1440";"B54344";"b5-43-44";172012;224180
"1441";"B54411";"b5-44-11";176012;224180
"1442";"B54412";"b5-44-12";176012;224180
"1443";"B54413";"b5-44-13";176012;224180
"1444";"B54414";"b5-44-14";176012;224180
"1445";"B54421";"b5-44-21";176012;224180
"1446";"B54422";"b5-44-22";176012;224180
"1447";"B54423";"b5-44-23";176012;224180
"1448";"B54424";"b5-44-24";176012;224180
"1449";"B54431";"b5-44-31";176012;224180
"1450";"B54432";"b5-44-32";176012;224180
"1451";"B54433";"b5-44-33";176012;224180
"1452";"B54434";"b5-44-34";176012;224180
"1453";"B54441";"b5-44-41";176012;224180
"1454";"B54442";"b5-44-42";176012;224180
"1455";"B54443";"b5-44-43";176012;224180
"1456";"B54444";"b5-44-44";176012;224180
"1457";"B54511";"b5-45-11";180012;224180
"1458";"B54512";"b5-45-12";180012;224180
"1459";"B54513";"b5-45-13";180012;224180
"1460";"B54514";"b5-45-14";180012;224180
"1461";"B54521";"b5-45-21";180012;224180
"1462";"B54522";"b5-45-22";180012;224180
"1463";"B54523";"b5-45-23";180012;224180
"1464";"B54524";"b5-45-24";180012;224180
"1465";"B54531";"b5-45-31";180012;224180
"1466";"B54532";"b5-45-32";180012;224180
"1467";"B54533";"b5-45-33";180012;224180
"1468";"B54534";"b5-45-34";180012;224180
"1469";"B54541";"b5-45-41";180012;224180
"1470";"B54542";"b5-45-42";180012;224180
"1471";"B54543";"b5-45-43";180012;224180
"1472";"B54544";"b5-45-44";180012;224180
"1473";"B54611";"b5-46-11";184012;224180
"1474";"B54612";"b5-46-12";184012;224180
"1475";"B54613";"b5-46-13";184012;224180
"1476";"B54614";"b5-46-14";184012;224180
"1477";"B54621";"b5-46-21";184012;224180
"1478";"B54622";"b5-46-22";184012;224180
"1479";"B54623";"b5-46-23";184012;224180
"1480";"B54624";"b5-46-24";184012;224180
"1481";"B54631";"b5-46-31";184012;224180
"1482";"B54632";"b5-46-32";184012;224180
"1483";"B54633";"b5-46-33";184012;224180
"1484";"B54634";"b5-46-34";184012;224180
"1485";"B54641";"b5-46-41";184012;224180
"1486";"B54642";"b5-46-42";184012;224180
"1487";"B54643";"b5-46-43";184012;224180
"1488";"B54644";"b5-46-44";184012;224180
"1489";"B54711";"b5-47-11";188012;224180
"1490";"B54712";"b5-47-12";188012;224180
"1491";"B54713";"b5-47-13";188012;224180
"1492";"B54714";"b5-47-14";188012;224180
"1493";"B54721";"b5-47-21";188012;224180
"1494";"B54722";"b5-47-22";188012;224180
"1495";"B54723";"b5-47-23";188012;224180
"1496";"B54724";"b5-47-24";188012;224180
"1497";"B54731";"b5-47-31";188012;224180
"1498";"B54732";"b5-47-32";188012;224180
"1499";"B54733";"b5-47-33";188012;224180
"1500";"B54734";"b5-47-34";188012;224180
"1501";"B54741";"b5-47-41";188012;224180
"1502";"B54742";"b5-47-42";188012;224180
"1503";"B54743";"b5-47-43";188012;224180
"1504";"B54744";"b5-47-44";188012;224180
"1505";"B54811";"b5-48-11";192012;224180
"1506";"B54812";"b5-48-12";192012;224180
"1507";"B54813";"b5-48-13";192012;224180
"1508";"B54814";"b5-48-14";192012;224180
"1509";"B54821";"b5-48-21";192012;224180
"1510";"B54822";"b5-48-22";192012;224180
"1511";"B54823";"b5-48-23";192012;224180
"1512";"B54824";"b5-48-24";192012;224180
"1513";"B54831";"b5-48-31";192012;224180
"1514";"B54832";"b5-48-32";192012;224180
"1515";"B54833";"b5-48-33";192012;224180
"1516";"B54834";"b5-48-34";192012;224180
"1517";"B54841";"b5-48-41";192012;224180
"1518";"B54842";"b5-48-42";192012;224180
"1519";"B54843";"b5-48-43";192012;224180
"1520";"B54844";"b5-48-44";192012;224180
"1521";"B55111";"b5-51-11";164012;220180
"1522";"B55112";"b5-51-12";164012;220180
"1523";"B55113";"b5-51-13";164012;220180
"1524";"B55114";"b5-51-14";164012;220180
"1525";"B55121";"b5-51-21";164012;220180
"1526";"B55122";"b5-51-22";164012;220180
"1527";"B55123";"b5-51-23";164012;220180
"1528";"B55124";"b5-51-24";164012;220180
"1529";"B55131";"b5-51-31";164012;220180
"1530";"B55132";"b5-51-32";164012;220180
"1531";"B55133";"b5-51-33";164012;220180
"1532";"B55134";"b5-51-34";164012;220180
"1533";"B55141";"b5-51-41";164012;220180
"1534";"B55142";"b5-51-42";164012;220180
"1535";"B55143";"b5-51-43";164012;220180
"1536";"B55144";"b5-51-44";164012;220180
"1537";"B55211";"b5-52-11";168012;220180
"1538";"B55212";"b5-52-12";168012;220180
"1539";"B55213";"b5-52-13";168012;220180
"1540";"B55214";"b5-52-14";168012;220180
"1541";"B55221";"b5-52-21";168012;220180
"1542";"B55222";"b5-52-22";168012;220180
"1543";"B55223";"b5-52-23";168012;220180
"1544";"B55224";"b5-52-24";168012;220180
"1545";"B55231";"b5-52-31";168012;220180
"1546";"B55232";"b5-52-32";168012;220180
"1547";"B55233";"b5-52-33";168012;220180
"1548";"B55234";"b5-52-34";168012;220180
"1549";"B55241";"b5-52-41";168012;220180
"1550";"B55242";"b5-52-42";168012;220180
"1551";"B55243";"b5-52-43";168012;220180
"1552";"B55244";"b5-52-44";168012;220180
"1553";"B55311";"b5-53-11";172012;220180
"1554";"B55312";"b5-53-12";172012;220180
"1555";"B55313";"b5-53-13";172012;220180
"1556";"B55314";"b5-53-14";172012;220180
"1557";"B55321";"b5-53-21";172012;220180
"1558";"B55322";"b5-53-22";172012;220180
"1559";"B55323";"b5-53-23";172012;220180
"1560";"B55324";"b5-53-24";172012;220180
"1561";"B55331";"b5-53-31";172012;220180
"1562";"B55332";"b5-53-32";172012;220180
"1563";"B55333";"b5-53-33";172012;220180
"1564";"B55334";"b5-53-34";172012;220180
"1565";"B55341";"b5-53-41";172012;220180
"1566";"B55342";"b5-53-42";172012;220180
"1567";"B55343";"b5-53-43";172012;220180
"1568";"B55344";"b5-53-44";172012;220180
"1569";"B55411";"b5-54-11";176012;220180
"1570";"B55412";"b5-54-12";176012;220180
"1571";"B55413";"b5-54-13";176012;220180
"1572";"B55414";"b5-54-14";176012;220180
"1573";"B55421";"b5-54-21";176012;220180
"1574";"B55422";"b5-54-22";176012;220180
"1575";"B55423";"b5-54-23";176012;220180
"1576";"B55424";"b5-54-24";176012;220180
"1577";"B55431";"b5-54-31";176012;220180
"1578";"B55432";"b5-54-32";176012;220180
"1579";"B55433";"b5-54-33";176012;220180
"1580";"B55434";"b5-54-34";176012;220180
"1581";"B55441";"b5-54-41";176012;220180
"1582";"B55442";"b5-54-42";176012;220180
"1583";"B55443";"b5-54-43";176012;220180
"1584";"B55444";"b5-54-44";176012;220180
"1585";"B55511";"b5-55-11";180012;220180
"1586";"B55512";"b5-55-12";180012;220180
"1587";"B55513";"b5-55-13";180012;220180
"1588";"B55514";"b5-55-14";180012;220180
"1589";"B55521";"b5-55-21";180012;220180
"1590";"B55522";"b5-55-22";180012;220180
"1591";"B55523";"b5-55-23";180012;220180
"1592";"B55524";"b5-55-24";180012;220180
"1593";"B55531";"b5-55-31";180012;220180
"1594";"B55532";"b5-55-32";180012;220180
"1595";"B55533";"b5-55-33";180012;220180
"1596";"B55534";"b5-55-34";180012;220180
"1597";"B55541";"b5-55-41";180012;220180
"1598";"B55542";"b5-55-42";180012;220180
"1599";"B55543";"b5-55-43";180012;220180
"1600";"B55544";"b5-55-44";180012;220180
"1601";"B55611";"b5-56-11";184012;220180
"1602";"B55612";"b5-56-12";184012;220180
"1603";"B55613";"b5-56-13";184012;220180
"1604";"B55614";"b5-56-14";184012;220180
"1605";"B55621";"b5-56-21";184012;220180
"1606";"B55622";"b5-56-22";184012;220180
"1607";"B55623";"b5-56-23";184012;220180
"1608";"B55624";"b5-56-24";184012;220180
"1609";"B55631";"b5-56-31";184012;220180
"1610";"B55632";"b5-56-32";184012;220180
"1611";"B55633";"b5-56-33";184012;220180
"1612";"B55634";"b5-56-34";184012;220180
"1613";"B55641";"b5-56-41";184012;220180
"1614";"B55642";"b5-56-42";184012;220180
"1615";"B55643";"b5-56-43";184012;220180
"1616";"B55644";"b5-56-44";184012;220180
"1617";"B55711";"b5-57-11";188012;220180
"1618";"B55712";"b5-57-12";188012;220180
"1619";"B55713";"b5-57-13";188012;220180
"1620";"B55714";"b5-57-14";188012;220180
"1621";"B55721";"b5-57-21";188012;220180
"1622";"B55722";"b5-57-22";188012;220180
"1623";"B55723";"b5-57-23";188012;220180
"1624";"B55724";"b5-57-24";188012;220180
"1625";"B55731";"b5-57-31";188012;220180
"1626";"B55732";"b5-57-32";188012;220180
"1627";"B55733";"b5-57-33";188012;220180
"1628";"B55734";"b5-57-34";188012;220180
"1629";"B55741";"b5-57-41";188012;220180
"1630";"B55742";"b5-57-42";188012;220180
"1631";"B55743";"b5-57-43";188012;220180
"1632";"B55744";"b5-57-44";188012;220180
"1633";"B55811";"b5-58-11";192012;220180
"1634";"B55812";"b5-58-12";192012;220180
"1635";"B55813";"b5-58-13";192012;220180
"1636";"B55814";"b5-58-14";192012;220180
"1637";"B55821";"b5-58-21";192012;220180
"1638";"B55822";"b5-58-22";192012;220180
"1639";"B55823";"b5-58-23";192012;220180
"1640";"B55824";"b5-58-24";192012;220180
"1641";"B55831";"b5-58-31";192012;220180
"1642";"B55832";"b5-58-32";192012;220180
"1643";"B55833";"b5-58-33";192012;220180
"1644";"B55834";"b5-58-34";192012;220180
"1645";"B55841";"b5-58-41";192012;220180
"1646";"B55842";"b5-58-42";192012;220180
"1647";"B55843";"b5-58-43";192012;220180
"1648";"B55844";"b5-58-44";192012;220180
"1649";"B61111";"b6-11-11";196012;236180
"1650";"B61112";"b6-11-12";196012;236180
"1651";"B61113";"b6-11-13";196012;236180
"1652";"B61114";"b6-11-14";196012;236180
"1653";"B61121";"b6-11-21";196012;236180
"1654";"B61122";"b6-11-22";196012;236180
"1655";"B61123";"b6-11-23";196012;236180
"1656";"B61124";"b6-11-24";196012;236180
"1657";"B61131";"b6-11-31";196012;236180
"1658";"B61132";"b6-11-32";196012;236180
"1659";"B61133";"b6-11-33";196012;236180
"1660";"B61134";"b6-11-34";196012;236180
"1661";"B61141";"b6-11-41";196012;236180
"1662";"B61142";"b6-11-42";196012;236180
"1663";"B61143";"b6-11-43";196012;236180
"1664";"B61144";"b6-11-44";196012;236180
"1665";"B61211";"b6-12-11";200012;236180
"1666";"B61212";"b6-12-12";200012;236180
"1667";"B61213";"b6-12-13";200012;236180
"1668";"B61214";"b6-12-14";200012;236180
"1669";"B61221";"b6-12-21";200012;236180
"1670";"B61222";"b6-12-22";200012;236180
"1671";"B61223";"b6-12-23";200012;236180
"1672";"B61224";"b6-12-24";200012;236180
"1673";"B61231";"b6-12-31";200012;236180
"1674";"B61232";"b6-12-32";200012;236180
"1675";"B61233";"b6-12-33";200012;236180
"1676";"B61234";"b6-12-34";200012;236180
"1677";"B61241";"b6-12-41";200012;236180
"1678";"B61242";"b6-12-42";200012;236180
"1679";"B61243";"b6-12-43";200012;236180
"1680";"B61244";"b6-12-44";200012;236180
"1681";"B62111";"b6-21-11";196012;232180
"1682";"B62112";"b6-21-12";196012;232180
"1683";"B62113";"b6-21-13";196012;232180
"1684";"B62114";"b6-21-14";196012;232180
"1685";"B62121";"b6-21-21";196012;232180
"1686";"B62122";"b6-21-22";196012;232180
"1687";"B62123";"b6-21-23";196012;232180
"1688";"B62124";"b6-21-24";196012;232180
"1689";"B62131";"b6-21-31";196012;232180
"1690";"B62132";"b6-21-32";196012;232180
"1691";"B62133";"b6-21-33";196012;232180
"1692";"B62134";"b6-21-34";196012;232180
"1693";"B62141";"b6-21-41";196012;232180
"1694";"B62142";"b6-21-42";196012;232180
"1695";"B62143";"b6-21-43";196012;232180
"1696";"B62144";"b6-21-44";196012;232180
"1697";"B62211";"b6-22-11";200012;232180
"1698";"B62212";"b6-22-12";200012;232180
"1699";"B62213";"b6-22-13";200012;232180
"1700";"B62214";"b6-22-14";200012;232180
"1701";"B62221";"b6-22-21";200012;232180
"1702";"B62222";"b6-22-22";200012;232180
"1703";"B62223";"b6-22-23";200012;232180
"1704";"B62224";"b6-22-24";200012;232180
"1705";"B62231";"b6-22-31";200012;232180
"1706";"B62232";"b6-22-32";200012;232180
"1707";"B62233";"b6-22-33";200012;232180
"1708";"B62234";"b6-22-34";200012;232180
"1709";"B62241";"b6-22-41";200012;232180
"1710";"B62242";"b6-22-42";200012;232180
"1711";"B62243";"b6-22-43";200012;232180
"1712";"B62244";"b6-22-44";200012;232180
"1713";"B63111";"b6-31-11";196012;228180
"1714";"B63112";"b6-31-12";196012;228180
"1715";"B63113";"b6-31-13";196012;228180
"1716";"B63114";"b6-31-14";196012;228180
"1717";"B63121";"b6-31-21";196012;228180
"1718";"B63122";"b6-31-22";196012;228180
"1719";"B63123";"b6-31-23";196012;228180
"1720";"B63124";"b6-31-24";196012;228180
"1721";"B63131";"b6-31-31";196012;228180
"1722";"B63132";"b6-31-32";196012;228180
"1723";"B63133";"b6-31-33";196012;228180
"1724";"B63134";"b6-31-34";196012;228180
"1725";"B63141";"b6-31-41";196012;228180
"1726";"B63142";"b6-31-42";196012;228180
"1727";"B63143";"b6-31-43";196012;228180
"1728";"B63144";"b6-31-44";196012;228180
"1729";"B63211";"b6-32-11";200012;228180
"1730";"B63212";"b6-32-12";200012;228180
"1731";"B63213";"b6-32-13";200012;228180
"1732";"B63214";"b6-32-14";200012;228180
"1733";"B63221";"b6-32-21";200012;228180
"1734";"B63222";"b6-32-22";200012;228180
"1735";"B63223";"b6-32-23";200012;228180
"1736";"B63224";"b6-32-24";200012;228180
"1737";"B63231";"b6-32-31";200012;228180
"1738";"B63232";"b6-32-32";200012;228180
"1739";"B63233";"b6-32-33";200012;228180
"1740";"B63234";"b6-32-34";200012;228180
"1741";"B63241";"b6-32-41";200012;228180
"1742";"B63242";"b6-32-42";200012;228180
"1743";"B63243";"b6-32-43";200012;228180
"1744";"B63244";"b6-32-44";200012;228180
"1745";"B63311";"b6-33-11";204012;228180
"1746";"B63312";"b6-33-12";204012;228180
"1747";"B63313";"b6-33-13";204012;228180
"1748";"B63314";"b6-33-14";204012;228180
"1749";"B63321";"b6-33-21";204012;228180
"1750";"B63322";"b6-33-22";204012;228180
"1751";"B63323";"b6-33-23";204012;228180
"1752";"B63324";"b6-33-24";204012;228180
"1753";"B63331";"b6-33-31";204012;228180
"1754";"B63332";"b6-33-32";204012;228180
"1755";"B63333";"b6-33-33";204012;228180
"1756";"B63334";"b6-33-34";204012;228180
"1757";"B63341";"b6-33-41";204012;228180
"1758";"B63342";"b6-33-42";204012;228180
"1759";"B63343";"b6-33-43";204012;228180
"1760";"B63344";"b6-33-44";204012;228180
"1761";"B64111";"b6-41-11";196012;224180
"1762";"B64112";"b6-41-12";196012;224180
"1763";"B64113";"b6-41-13";196012;224180
"1764";"B64114";"b6-41-14";196012;224180
"1765";"B64121";"b6-41-21";196012;224180
"1766";"B64122";"b6-41-22";196012;224180
"1767";"B64123";"b6-41-23";196012;224180
"1768";"B64124";"b6-41-24";196012;224180
"1769";"B64131";"b6-41-31";196012;224180
"1770";"B64132";"b6-41-32";196012;224180
"1771";"B64133";"b6-41-33";196012;224180
"1772";"B64134";"b6-41-34";196012;224180
"1773";"B64141";"b6-41-41";196012;224180
"1774";"B64142";"b6-41-42";196012;224180
"1775";"B64143";"b6-41-43";196012;224180
"1776";"B64144";"b6-41-44";196012;224180
"1777";"B64211";"b6-42-11";200012;224180
"1778";"B64212";"b6-42-12";200012;224180
"1779";"B64213";"b6-42-13";200012;224180
"1780";"B64214";"b6-42-14";200012;224180
"1781";"B64221";"b6-42-21";200012;224180
"1782";"B64222";"b6-42-22";200012;224180
"1783";"B64223";"b6-42-23";200012;224180
"1784";"B64224";"b6-42-24";200012;224180
"1785";"B64231";"b6-42-31";200012;224180
"1786";"B64232";"b6-42-32";200012;224180
"1787";"B64233";"b6-42-33";200012;224180
"1788";"B64234";"b6-42-34";200012;224180
"1789";"B64241";"b6-42-41";200012;224180
"1790";"B64242";"b6-42-42";200012;224180
"1791";"B64243";"b6-42-43";200012;224180
"1792";"B64244";"b6-42-44";200012;224180
"1793";"B64311";"b6-43-11";204012;224180
"1794";"B64312";"b6-43-12";204012;224180
"1795";"B64313";"b6-43-13";204012;224180
"1796";"B64314";"b6-43-14";204012;224180
"1797";"B64321";"b6-43-21";204012;224180
"1798";"B64322";"b6-43-22";204012;224180
"1799";"B64323";"b6-43-23";204012;224180
"1800";"B64324";"b6-43-24";204012;224180
"1801";"B64331";"b6-43-31";204012;224180
"1802";"B64332";"b6-43-32";204012;224180
"1803";"B64333";"b6-43-33";204012;224180
"1804";"B64334";"b6-43-34";204012;224180
"1805";"B64341";"b6-43-41";204012;224180
"1806";"B64342";"b6-43-42";204012;224180
"1807";"B64343";"b6-43-43";204012;224180
"1808";"B64344";"b6-43-44";204012;224180
"1809";"B64411";"b6-44-11";208012;224180
"1810";"B64412";"b6-44-12";208012;224180
"1811";"B64413";"b6-44-13";208012;224180
"1812";"B64414";"b6-44-14";208012;224180
"1813";"B64421";"b6-44-21";208012;224180
"1814";"B64422";"b6-44-22";208012;224180
"1815";"B64423";"b6-44-23";208012;224180
"1816";"B64424";"b6-44-24";208012;224180
"1817";"B64431";"b6-44-31";208012;224180
"1818";"B64432";"b6-44-32";208012;224180
"1819";"B64433";"b6-44-33";208012;224180
"1820";"B64434";"b6-44-34";208012;224180
"1821";"B64441";"b6-44-41";208012;224180
"1822";"B64442";"b6-44-42";208012;224180
"1823";"B64443";"b6-44-43";208012;224180
"1824";"B64444";"b6-44-44";208012;224180
"1825";"B64511";"b6-45-11";212012;224180
"1826";"B64512";"b6-45-12";212012;224180
"1827";"B64513";"b6-45-13";212012;224180
"1828";"B64514";"b6-45-14";212012;224180
"1829";"B64521";"b6-45-21";212012;224180
"1830";"B64522";"b6-45-22";212012;224180
"1831";"B64523";"b6-45-23";212012;224180
"1832";"B64524";"b6-45-24";212012;224180
"1833";"B64531";"b6-45-31";212012;224180
"1834";"B64532";"b6-45-32";212012;224180
"1835";"B64533";"b6-45-33";212012;224180
"1836";"B64534";"b6-45-34";212012;224180
"1837";"B64541";"b6-45-41";212012;224180
"1838";"B64542";"b6-45-42";212012;224180
"1839";"B64543";"b6-45-43";212012;224180
"1840";"B64544";"b6-45-44";212012;224180
"1841";"B65111";"b6-51-11";196012;220180
"1842";"B65112";"b6-51-12";196012;220180
"1843";"B65113";"b6-51-13";196012;220180
"1844";"B65114";"b6-51-14";196012;220180
"1845";"B65121";"b6-51-21";196012;220180
"1846";"B65122";"b6-51-22";196012;220180
"1847";"B65123";"b6-51-23";196012;220180
"1848";"B65124";"b6-51-24";196012;220180
"1849";"B65131";"b6-51-31";196012;220180
"1850";"B65132";"b6-51-32";196012;220180
"1851";"B65133";"b6-51-33";196012;220180
"1852";"B65134";"b6-51-34";196012;220180
"1853";"B65141";"b6-51-41";196012;220180
"1854";"B65142";"b6-51-42";196012;220180
"1855";"B65143";"b6-51-43";196012;220180
"1856";"B65144";"b6-51-44";196012;220180
"1857";"B65211";"b6-52-11";200012;220180
"1858";"B65212";"b6-52-12";200012;220180
"1859";"B65213";"b6-52-13";200012;220180
"1860";"B65214";"b6-52-14";200012;220180
"1861";"B65221";"b6-52-21";200012;220180
"1862";"B65222";"b6-52-22";200012;220180
"1863";"B65223";"b6-52-23";200012;220180
"1864";"B65224";"b6-52-24";200012;220180
"1865";"B65231";"b6-52-31";200012;220180
"1866";"B65232";"b6-52-32";200012;220180
"1867";"B65233";"b6-52-33";200012;220180
"1868";"B65234";"b6-52-34";200012;220180
"1869";"B65241";"b6-52-41";200012;220180
"1870";"B65242";"b6-52-42";200012;220180
"1871";"B65243";"b6-52-43";200012;220180
"1872";"B65244";"b6-52-44";200012;220180
"1873";"B65311";"b6-53-11";204012;220180
"1874";"B65312";"b6-53-12";204012;220180
"1875";"B65313";"b6-53-13";204012;220180
"1876";"B65314";"b6-53-14";204012;220180
"1877";"B65321";"b6-53-21";204012;220180
"1878";"B65322";"b6-53-22";204012;220180
"1879";"B65323";"b6-53-23";204012;220180
"1880";"B65324";"b6-53-24";204012;220180
"1881";"B65331";"b6-53-31";204012;220180
"1882";"B65332";"b6-53-32";204012;220180
"1883";"B65333";"b6-53-33";204012;220180
"1884";"B65334";"b6-53-34";204012;220180
"1885";"B65341";"b6-53-41";204012;220180
"1886";"B65342";"b6-53-42";204012;220180
"1887";"B65343";"b6-53-43";204012;220180
"1888";"B65344";"b6-53-44";204012;220180
"1889";"B65411";"b6-54-11";208012;220180
"1890";"B65412";"b6-54-12";208012;220180
"1891";"B65413";"b6-54-13";208012;220180
"1892";"B65414";"b6-54-14";208012;220180
"1893";"B65421";"b6-54-21";208012;220180
"1894";"B65422";"b6-54-22";208012;220180
"1895";"B65423";"b6-54-23";208012;220180
"1896";"B65424";"b6-54-24";208012;220180
"1897";"B65431";"b6-54-31";208012;220180
"1898";"B65432";"b6-54-32";208012;220180
"1899";"B65433";"b6-54-33";208012;220180
"1900";"B65434";"b6-54-34";208012;220180
"1901";"B65441";"b6-54-41";208012;220180
"1902";"B65442";"b6-54-42";208012;220180
"1903";"B65443";"b6-54-43";208012;220180
"1904";"B65444";"b6-54-44";208012;220180
"1905";"B65511";"b6-55-11";212012;220180
"1906";"B65512";"b6-55-12";212012;220180
"1907";"B65513";"b6-55-13";212012;220180
"1908";"B65514";"b6-55-14";212012;220180
"1909";"B65521";"b6-55-21";212012;220180
"1910";"B65522";"b6-55-22";212012;220180
"1911";"B65523";"b6-55-23";212012;220180
"1912";"B65524";"b6-55-24";212012;220180
"1913";"B65531";"b6-55-31";212012;220180
"1914";"B65532";"b6-55-32";212012;220180
"1915";"B65533";"b6-55-33";212012;220180
"1916";"B65534";"b6-55-34";212012;220180
"1917";"B65541";"b6-55-41";212012;220180
"1918";"B65542";"b6-55-42";212012;220180
"1919";"B65543";"b6-55-43";212012;220180
"1920";"B65544";"b6-55-44";212012;220180
"1921";"B65711";"b6-57-11";220012;220180
"1922";"B65712";"b6-57-12";220012;220180
"1923";"B65713";"b6-57-13";220012;220180
"1924";"B65714";"b6-57-14";220012;220180
"1925";"B65721";"b6-57-21";220012;220180
"1926";"B65722";"b6-57-22";220012;220180
"1927";"B65723";"b6-57-23";220012;220180
"1928";"B65724";"b6-57-24";220012;220180
"1929";"B65731";"b6-57-31";220012;220180
"1930";"B65732";"b6-57-32";220012;220180
"1931";"B65733";"b6-57-33";220012;220180
"1932";"B65734";"b6-57-34";220012;220180
"1933";"B65741";"b6-57-41";220012;220180
"1934";"B65742";"b6-57-42";220012;220180
"1935";"B65743";"b6-57-43";220012;220180
"1936";"B65744";"b6-57-44";220012;220180
"1937";"B65811";"b6-58-11";224012;220180
"1938";"B65812";"b6-58-12";224012;220180
"1939";"B65813";"b6-58-13";224012;220180
"1940";"B65814";"b6-58-14";224012;220180
"1941";"B65821";"b6-58-21";224012;220180
"1942";"B65822";"b6-58-22";224012;220180
"1943";"B65823";"b6-58-23";224012;220180
"1944";"B65824";"b6-58-24";224012;220180
"1945";"B65831";"b6-58-31";224012;220180
"1946";"B65832";"b6-58-32";224012;220180
"1947";"B65833";"b6-58-33";224012;220180
"1948";"B65834";"b6-58-34";224012;220180
"1949";"B65841";"b6-58-41";224012;220180
"1950";"B65842";"b6-58-42";224012;220180
"1951";"B65843";"b6-58-43";224012;220180
"1952";"B65844";"b6-58-44";224012;220180
"1953";"B75111";"b7-51-11";228012;220180
"1954";"B75112";"b7-51-12";228012;220180
"1955";"B75113";"b7-51-13";228012;220180
"1956";"B75114";"b7-51-14";228012;220180
"1957";"B75121";"b7-51-21";228012;220180
"1958";"B75122";"b7-51-22";228012;220180
"1959";"B75123";"b7-51-23";228012;220180
"1960";"B75124";"b7-51-24";228012;220180
"1961";"B75131";"b7-51-31";228012;220180
"1962";"B75132";"b7-51-32";228012;220180
"1963";"B75133";"b7-51-33";228012;220180
"1964";"B75134";"b7-51-34";228012;220180
"1965";"B75141";"b7-51-41";228012;220180
"1966";"B75142";"b7-51-42";228012;220180
"1967";"B75143";"b7-51-43";228012;220180
"1968";"B75144";"b7-51-44";228012;220180
"1969";"B75211";"b7-52-11";232012;220180
"1970";"B75212";"b7-52-12";232012;220180
"1971";"B75213";"b7-52-13";232012;220180
"1972";"B75214";"b7-52-14";232012;220180
"1973";"B75221";"b7-52-21";232012;220180
"1974";"B75222";"b7-52-22";232012;220180
"1975";"B75223";"b7-52-23";232012;220180
"1976";"B75224";"b7-52-24";232012;220180
"1977";"B75231";"b7-52-31";232012;220180
"1978";"B75232";"b7-52-32";232012;220180
"1979";"B75233";"b7-52-33";232012;220180
"1980";"B75234";"b7-52-34";232012;220180
"1981";"B75241";"b7-52-41";232012;220180
"1982";"B75242";"b7-52-42";232012;220180
"1983";"B75243";"b7-52-43";232012;220180
"1984";"B75244";"b7-52-44";232012;220180
"1985";"C04711";"c0-47-11";28012;204180
"1986";"C04712";"c0-47-12";28012;204180
"1987";"C04713";"c0-47-13";28012;204180
"1988";"C04714";"c0-47-14";28012;204180
"1989";"C04721";"c0-47-21";28012;204180
"1990";"C04722";"c0-47-22";28012;204180
"1991";"C04723";"c0-47-23";28012;204180
"1992";"C04724";"c0-47-24";28012;204180
"1993";"C04731";"c0-47-31";28012;204180
"1994";"C04732";"c0-47-32";28012;204180
"1995";"C04733";"c0-47-33";28012;204180
"1996";"C04734";"c0-47-34";28012;204180
"1997";"C04741";"c0-47-41";28012;204180
"1998";"C04742";"c0-47-42";28012;204180
"1999";"C04743";"c0-47-43";28012;204180
"2000";"C04744";"c0-47-44";28012;204180
"2001";"C04811";"c0-48-11";32012;204180
"2002";"C04812";"c0-48-12";32012;204180
"2003";"C04813";"c0-48-13";32012;204180
"2004";"C04814";"c0-48-14";32012;204180
"2005";"C04821";"c0-48-21";32012;204180
"2006";"C04822";"c0-48-22";32012;204180
"2007";"C04823";"c0-48-23";32012;204180
"2008";"C04824";"c0-48-24";32012;204180
"2009";"C04831";"c0-48-31";32012;204180
"2010";"C04832";"c0-48-32";32012;204180
"2011";"C04833";"c0-48-33";32012;204180
"2012";"C04834";"c0-48-34";32012;204180
"2013";"C04841";"c0-48-41";32012;204180
"2014";"C04842";"c0-48-42";32012;204180
"2015";"C04843";"c0-48-43";32012;204180
"2016";"C04844";"c0-48-44";32012;204180
"2017";"C05611";"c0-56-11";24012;200180
"2018";"C05612";"c0-56-12";24012;200180
"2019";"C05613";"c0-56-13";24012;200180
"2020";"C05614";"c0-56-14";24012;200180
"2021";"C05621";"c0-56-21";24012;200180
"2022";"C05622";"c0-56-22";24012;200180
"2023";"C05623";"c0-56-23";24012;200180
"2024";"C05624";"c0-56-24";24012;200180
"2025";"C05631";"c0-56-31";24012;200180
"2026";"C05632";"c0-56-32";24012;200180
"2027";"C05633";"c0-56-33";24012;200180
"2028";"C05634";"c0-56-34";24012;200180
"2029";"C05641";"c0-56-41";24012;200180
"2030";"C05642";"c0-56-42";24012;200180
"2031";"C05643";"c0-56-43";24012;200180
"2032";"C05644";"c0-56-44";24012;200180
"2033";"C05711";"c0-57-11";28012;200180
"2034";"C05712";"c0-57-12";28012;200180
"2035";"C05713";"c0-57-13";28012;200180
"2036";"C05714";"c0-57-14";28012;200180
"2037";"C05721";"c0-57-21";28012;200180
"2038";"C05722";"c0-57-22";28012;200180
"2039";"C05723";"c0-57-23";28012;200180
"2040";"C05724";"c0-57-24";28012;200180
"2041";"C05731";"c0-57-31";28012;200180
"2042";"C05732";"c0-57-32";28012;200180
"2043";"C05733";"c0-57-33";28012;200180
"2044";"C05734";"c0-57-34";28012;200180
"2045";"C05741";"c0-57-41";28012;200180
"2046";"C05742";"c0-57-42";28012;200180
"2047";"C05743";"c0-57-43";28012;200180
"2048";"C05744";"c0-57-44";28012;200180
"2049";"C05811";"c0-58-11";32012;200180
"2050";"C05812";"c0-58-12";32012;200180
"2051";"C05813";"c0-58-13";32012;200180
"2052";"C05814";"c0-58-14";32012;200180
"2053";"C05821";"c0-58-21";32012;200180
"2054";"C05822";"c0-58-22";32012;200180
"2055";"C05823";"c0-58-23";32012;200180
"2056";"C05824";"c0-58-24";32012;200180
"2057";"C05831";"c0-58-31";32012;200180
"2058";"C05832";"c0-58-32";32012;200180
"2059";"C05833";"c0-58-33";32012;200180
"2060";"C05834";"c0-58-34";32012;200180
"2061";"C05841";"c0-58-41";32012;200180
"2062";"C05842";"c0-58-42";32012;200180
"2063";"C05843";"c0-58-43";32012;200180
"2064";"C05844";"c0-58-44";32012;200180
"2065";"C11411";"c1-14-11";48012;216180
"2066";"C11412";"c1-14-12";48012;216180
"2067";"C11413";"c1-14-13";48012;216180
"2068";"C11414";"c1-14-14";48012;216180
"2069";"C11421";"c1-14-21";48012;216180
"2070";"C11422";"c1-14-22";48012;216180
"2071";"C11423";"c1-14-23";48012;216180
"2072";"C11424";"c1-14-24";48012;216180
"2073";"C11431";"c1-14-31";48012;216180
"2074";"C11432";"c1-14-32";48012;216180
"2075";"C11433";"c1-14-33";48012;216180
"2076";"C11434";"c1-14-34";48012;216180
"2077";"C11441";"c1-14-41";48012;216180
"2078";"C11442";"c1-14-42";48012;216180
"2079";"C11443";"c1-14-43";48012;216180
"2080";"C11444";"c1-14-44";48012;216180
"2081";"C11511";"c1-15-11";52012;216180
"2082";"C11512";"c1-15-12";52012;216180
"2083";"C11513";"c1-15-13";52012;216180
"2084";"C11514";"c1-15-14";52012;216180
"2085";"C11521";"c1-15-21";52012;216180
"2086";"C11522";"c1-15-22";52012;216180
"2087";"C11523";"c1-15-23";52012;216180
"2088";"C11524";"c1-15-24";52012;216180
"2089";"C11531";"c1-15-31";52012;216180
"2090";"C11532";"c1-15-32";52012;216180
"2091";"C11533";"c1-15-33";52012;216180
"2092";"C11534";"c1-15-34";52012;216180
"2093";"C11541";"c1-15-41";52012;216180
"2094";"C11542";"c1-15-42";52012;216180
"2095";"C11543";"c1-15-43";52012;216180
"2096";"C11544";"c1-15-44";52012;216180
"2097";"C11611";"c1-16-11";56012;216180
"2098";"C11612";"c1-16-12";56012;216180
"2099";"C11613";"c1-16-13";56012;216180
"2100";"C11614";"c1-16-14";56012;216180
"2101";"C11621";"c1-16-21";56012;216180
"2102";"C11622";"c1-16-22";56012;216180
"2103";"C11623";"c1-16-23";56012;216180
"2104";"C11624";"c1-16-24";56012;216180
"2105";"C11631";"c1-16-31";56012;216180
"2106";"C11632";"c1-16-32";56012;216180
"2107";"C11633";"c1-16-33";56012;216180
"2108";"C11634";"c1-16-34";56012;216180
"2109";"C11641";"c1-16-41";56012;216180
"2110";"C11642";"c1-16-42";56012;216180
"2111";"C11643";"c1-16-43";56012;216180
"2112";"C11644";"c1-16-44";56012;216180
"2113";"C11711";"c1-17-11";60012;216180
"2114";"C11712";"c1-17-12";60012;216180
"2115";"C11713";"c1-17-13";60012;216180
"2116";"C11714";"c1-17-14";60012;216180
"2117";"C11721";"c1-17-21";60012;216180
"2118";"C11722";"c1-17-22";60012;216180
"2119";"C11723";"c1-17-23";60012;216180
"2120";"C11724";"c1-17-24";60012;216180
"2121";"C11731";"c1-17-31";60012;216180
"2122";"C11732";"c1-17-32";60012;216180
"2123";"C11733";"c1-17-33";60012;216180
"2124";"C11734";"c1-17-34";60012;216180
"2125";"C11741";"c1-17-41";60012;216180
"2126";"C11742";"c1-17-42";60012;216180
"2127";"C11743";"c1-17-43";60012;216180
"2128";"C11744";"c1-17-44";60012;216180
"2129";"C11811";"c1-18-11";64012;216180
"2130";"C11812";"c1-18-12";64012;216180
"2131";"C11813";"c1-18-13";64012;216180
"2132";"C11814";"c1-18-14";64012;216180
"2133";"C11821";"c1-18-21";64012;216180
"2134";"C11822";"c1-18-22";64012;216180
"2135";"C11823";"c1-18-23";64012;216180
"2136";"C11824";"c1-18-24";64012;216180
"2137";"C11831";"c1-18-31";64012;216180
"2138";"C11832";"c1-18-32";64012;216180
"2139";"C11833";"c1-18-33";64012;216180
"2140";"C11834";"c1-18-34";64012;216180
"2141";"C11841";"c1-18-41";64012;216180
"2142";"C11842";"c1-18-42";64012;216180
"2143";"C11843";"c1-18-43";64012;216180
"2144";"C11844";"c1-18-44";64012;216180
"2145";"C12211";"c1-22-11";40012;212180
"2146";"C12212";"c1-22-12";40012;212180
"2147";"C12213";"c1-22-13";40012;212180
"2148";"C12214";"c1-22-14";40012;212180
"2149";"C12221";"c1-22-21";40012;212180
"2150";"C12222";"c1-22-22";40012;212180
"2151";"C12223";"c1-22-23";40012;212180
"2152";"C12224";"c1-22-24";40012;212180
"2153";"C12231";"c1-22-31";40012;212180
"2154";"C12232";"c1-22-32";40012;212180
"2155";"C12233";"c1-22-33";40012;212180
"2156";"C12234";"c1-22-34";40012;212180
"2157";"C12241";"c1-22-41";40012;212180
"2158";"C12242";"c1-22-42";40012;212180
"2159";"C12243";"c1-22-43";40012;212180
"2160";"C12244";"c1-22-44";40012;212180
"2161";"C12311";"c1-23-11";44012;212180
"2162";"C12312";"c1-23-12";44012;212180
"2163";"C12313";"c1-23-13";44012;212180
"2164";"C12314";"c1-23-14";44012;212180
"2165";"C12321";"c1-23-21";44012;212180
"2166";"C12322";"c1-23-22";44012;212180
"2167";"C12323";"c1-23-23";44012;212180
"2168";"C12324";"c1-23-24";44012;212180
"2169";"C12331";"c1-23-31";44012;212180
"2170";"C12332";"c1-23-32";44012;212180
"2171";"C12333";"c1-23-33";44012;212180
"2172";"C12334";"c1-23-34";44012;212180
"2173";"C12341";"c1-23-41";44012;212180
"2174";"C12342";"c1-23-42";44012;212180
"2175";"C12343";"c1-23-43";44012;212180
"2176";"C12344";"c1-23-44";44012;212180
"2177";"C12411";"c1-24-11";48012;212180
"2178";"C12412";"c1-24-12";48012;212180
"2179";"C12413";"c1-24-13";48012;212180
"2180";"C12414";"c1-24-14";48012;212180
"2181";"C12421";"c1-24-21";48012;212180
"2182";"C12422";"c1-24-22";48012;212180
"2183";"C12423";"c1-24-23";48012;212180
"2184";"C12424";"c1-24-24";48012;212180
"2185";"C12431";"c1-24-31";48012;212180
"2186";"C12432";"c1-24-32";48012;212180
"2187";"C12433";"c1-24-33";48012;212180
"2188";"C12434";"c1-24-34";48012;212180
"2189";"C12441";"c1-24-41";48012;212180
"2190";"C12442";"c1-24-42";48012;212180
"2191";"C12443";"c1-24-43";48012;212180
"2192";"C12444";"c1-24-44";48012;212180
"2193";"C12511";"c1-25-11";52012;212180
"2194";"C12512";"c1-25-12";52012;212180
"2195";"C12513";"c1-25-13";52012;212180
"2196";"C12514";"c1-25-14";52012;212180
"2197";"C12521";"c1-25-21";52012;212180
"2198";"C12522";"c1-25-22";52012;212180
"2199";"C12523";"c1-25-23";52012;212180
"2200";"C12524";"c1-25-24";52012;212180
"2201";"C12531";"c1-25-31";52012;212180
"2202";"C12532";"c1-25-32";52012;212180
"2203";"C12533";"c1-25-33";52012;212180
"2204";"C12534";"c1-25-34";52012;212180
"2205";"C12541";"c1-25-41";52012;212180
"2206";"C12542";"c1-25-42";52012;212180
"2207";"C12543";"c1-25-43";52012;212180
"2208";"C12544";"c1-25-44";52012;212180
"2209";"C12611";"c1-26-11";56012;212180
"2210";"C12612";"c1-26-12";56012;212180
"2211";"C12613";"c1-26-13";56012;212180
"2212";"C12614";"c1-26-14";56012;212180
"2213";"C12621";"c1-26-21";56012;212180
"2214";"C12622";"c1-26-22";56012;212180
"2215";"C12623";"c1-26-23";56012;212180
"2216";"C12624";"c1-26-24";56012;212180
"2217";"C12631";"c1-26-31";56012;212180
"2218";"C12632";"c1-26-32";56012;212180
"2219";"C12633";"c1-26-33";56012;212180
"2220";"C12634";"c1-26-34";56012;212180
"2221";"C12641";"c1-26-41";56012;212180
"2222";"C12642";"c1-26-42";56012;212180
"2223";"C12643";"c1-26-43";56012;212180
"2224";"C12644";"c1-26-44";56012;212180
"2225";"C12711";"c1-27-11";60012;212180
"2226";"C12712";"c1-27-12";60012;212180
"2227";"C12713";"c1-27-13";60012;212180
"2228";"C12714";"c1-27-14";60012;212180
"2229";"C12721";"c1-27-21";60012;212180
"2230";"C12722";"c1-27-22";60012;212180
"2231";"C12723";"c1-27-23";60012;212180
"2232";"C12724";"c1-27-24";60012;212180
"2233";"C12731";"c1-27-31";60012;212180
"2234";"C12732";"c1-27-32";60012;212180
"2235";"C12733";"c1-27-33";60012;212180
"2236";"C12734";"c1-27-34";60012;212180
"2237";"C12741";"c1-27-41";60012;212180
"2238";"C12742";"c1-27-42";60012;212180
"2239";"C12743";"c1-27-43";60012;212180
"2240";"C12744";"c1-27-44";60012;212180
"2241";"C12811";"c1-28-11";64012;212180
"2242";"C12812";"c1-28-12";64012;212180
"2243";"C12813";"c1-28-13";64012;212180
"2244";"C12814";"c1-28-14";64012;212180
"2245";"C12821";"c1-28-21";64012;212180
"2246";"C12822";"c1-28-22";64012;212180
"2247";"C12823";"c1-28-23";64012;212180
"2248";"C12824";"c1-28-24";64012;212180
"2249";"C12831";"c1-28-31";64012;212180
"2250";"C12832";"c1-28-32";64012;212180
"2251";"C12833";"c1-28-33";64012;212180
"2252";"C12834";"c1-28-34";64012;212180
"2253";"C12841";"c1-28-41";64012;212180
"2254";"C12842";"c1-28-42";64012;212180
"2255";"C12843";"c1-28-43";64012;212180
"2256";"C12844";"c1-28-44";64012;212180
"2257";"C13111";"c1-31-11";36012;208180
"2258";"C13112";"c1-31-12";36012;208180
"2259";"C13113";"c1-31-13";36012;208180
"2260";"C13114";"c1-31-14";36012;208180
"2261";"C13121";"c1-31-21";36012;208180
"2262";"C13122";"c1-31-22";36012;208180
"2263";"C13123";"c1-31-23";36012;208180
"2264";"C13124";"c1-31-24";36012;208180
"2265";"C13131";"c1-31-31";36012;208180
"2266";"C13132";"c1-31-32";36012;208180
"2267";"C13133";"c1-31-33";36012;208180
"2268";"C13134";"c1-31-34";36012;208180
"2269";"C13141";"c1-31-41";36012;208180
"2270";"C13142";"c1-31-42";36012;208180
"2271";"C13143";"c1-31-43";36012;208180
"2272";"C13144";"c1-31-44";36012;208180
"2273";"C13211";"c1-32-11";40012;208180
"2274";"C13212";"c1-32-12";40012;208180
"2275";"C13213";"c1-32-13";40012;208180
"2276";"C13214";"c1-32-14";40012;208180
"2277";"C13221";"c1-32-21";40012;208180
"2278";"C13222";"c1-32-22";40012;208180
"2279";"C13223";"c1-32-23";40012;208180
"2280";"C13224";"c1-32-24";40012;208180
"2281";"C13231";"c1-32-31";40012;208180
"2282";"C13232";"c1-32-32";40012;208180
"2283";"C13233";"c1-32-33";40012;208180
"2284";"C13234";"c1-32-34";40012;208180
"2285";"C13241";"c1-32-41";40012;208180
"2286";"C13242";"c1-32-42";40012;208180
"2287";"C13243";"c1-32-43";40012;208180
"2288";"C13244";"c1-32-44";40012;208180
"2289";"C13311";"c1-33-11";44012;208180
"2290";"C13312";"c1-33-12";44012;208180
"2291";"C13313";"c1-33-13";44012;208180
"2292";"C13314";"c1-33-14";44012;208180
"2293";"C13321";"c1-33-21";44012;208180
"2294";"C13322";"c1-33-22";44012;208180
"2295";"C13323";"c1-33-23";44012;208180
"2296";"C13324";"c1-33-24";44012;208180
"2297";"C13331";"c1-33-31";44012;208180
"2298";"C13332";"c1-33-32";44012;208180
"2299";"C13333";"c1-33-33";44012;208180
"2300";"C13334";"c1-33-34";44012;208180
"2301";"C13341";"c1-33-41";44012;208180
"2302";"C13342";"c1-33-42";44012;208180
"2303";"C13343";"c1-33-43";44012;208180
"2304";"C13344";"c1-33-44";44012;208180
"2305";"C13411";"c1-34-11";48012;208180
"2306";"C13412";"c1-34-12";48012;208180
"2307";"C13413";"c1-34-13";48012;208180
"2308";"C13414";"c1-34-14";48012;208180
"2309";"C13421";"c1-34-21";48012;208180
"2310";"C13422";"c1-34-22";48012;208180
"2311";"C13423";"c1-34-23";48012;208180
"2312";"C13424";"c1-34-24";48012;208180
"2313";"C13431";"c1-34-31";48012;208180
"2314";"C13432";"c1-34-32";48012;208180
"2315";"C13433";"c1-34-33";48012;208180
"2316";"C13434";"c1-34-34";48012;208180
"2317";"C13441";"c1-34-41";48012;208180
"2318";"C13442";"c1-34-42";48012;208180
"2319";"C13443";"c1-34-43";48012;208180
"2320";"C13444";"c1-34-44";48012;208180
"2321";"C13511";"c1-35-11";52012;208180
"2322";"C13512";"c1-35-12";52012;208180
"2323";"C13513";"c1-35-13";52012;208180
"2324";"C13514";"c1-35-14";52012;208180
"2325";"C13521";"c1-35-21";52012;208180
"2326";"C13522";"c1-35-22";52012;208180
"2327";"C13523";"c1-35-23";52012;208180
"2328";"C13524";"c1-35-24";52012;208180
"2329";"C13531";"c1-35-31";52012;208180
"2330";"C13532";"c1-35-32";52012;208180
"2331";"C13533";"c1-35-33";52012;208180
"2332";"C13534";"c1-35-34";52012;208180
"2333";"C13541";"c1-35-41";52012;208180
"2334";"C13542";"c1-35-42";52012;208180
"2335";"C13543";"c1-35-43";52012;208180
"2336";"C13544";"c1-35-44";52012;208180
"2337";"C13611";"c1-36-11";56012;208180
"2338";"C13612";"c1-36-12";56012;208180
"2339";"C13613";"c1-36-13";56012;208180
"2340";"C13614";"c1-36-14";56012;208180
"2341";"C13621";"c1-36-21";56012;208180
"2342";"C13622";"c1-36-22";56012;208180
"2343";"C13623";"c1-36-23";56012;208180
"2344";"C13624";"c1-36-24";56012;208180
"2345";"C13631";"c1-36-31";56012;208180
"2346";"C13632";"c1-36-32";56012;208180
"2347";"C13633";"c1-36-33";56012;208180
"2348";"C13634";"c1-36-34";56012;208180
"2349";"C13641";"c1-36-41";56012;208180
"2350";"C13642";"c1-36-42";56012;208180
"2351";"C13643";"c1-36-43";56012;208180
"2352";"C13644";"c1-36-44";56012;208180
"2353";"C13711";"c1-37-11";60012;208180
"2354";"C13712";"c1-37-12";60012;208180
"2355";"C13713";"c1-37-13";60012;208180
"2356";"C13714";"c1-37-14";60012;208180
"2357";"C13721";"c1-37-21";60012;208180
"2358";"C13722";"c1-37-22";60012;208180
"2359";"C13723";"c1-37-23";60012;208180
"2360";"C13724";"c1-37-24";60012;208180
"2361";"C13731";"c1-37-31";60012;208180
"2362";"C13732";"c1-37-32";60012;208180
"2363";"C13733";"c1-37-33";60012;208180
"2364";"C13734";"c1-37-34";60012;208180
"2365";"C13741";"c1-37-41";60012;208180
"2366";"C13742";"c1-37-42";60012;208180
"2367";"C13743";"c1-37-43";60012;208180
"2368";"C13744";"c1-37-44";60012;208180
"2369";"C13811";"c1-38-11";64012;208180
"2370";"C13812";"c1-38-12";64012;208180
"2371";"C13813";"c1-38-13";64012;208180
"2372";"C13814";"c1-38-14";64012;208180
"2373";"C13821";"c1-38-21";64012;208180
"2374";"C13822";"c1-38-22";64012;208180
"2375";"C13823";"c1-38-23";64012;208180
"2376";"C13824";"c1-38-24";64012;208180
"2377";"C13831";"c1-38-31";64012;208180
"2378";"C13832";"c1-38-32";64012;208180
"2379";"C13833";"c1-38-33";64012;208180
"2380";"C13834";"c1-38-34";64012;208180
"2381";"C13841";"c1-38-41";64012;208180
"2382";"C13842";"c1-38-42";64012;208180
"2383";"C13843";"c1-38-43";64012;208180
"2384";"C13844";"c1-38-44";64012;208180
"2385";"C14111";"c1-41-11";36012;204180
"2386";"C14112";"c1-41-12";36012;204180
"2387";"C14113";"c1-41-13";36012;204180
"2388";"C14114";"c1-41-14";36012;204180
"2389";"C14121";"c1-41-21";36012;204180
"2390";"C14122";"c1-41-22";36012;204180
"2391";"C14123";"c1-41-23";36012;204180
"2392";"C14124";"c1-41-24";36012;204180
"2393";"C14131";"c1-41-31";36012;204180
"2394";"C14132";"c1-41-32";36012;204180
"2395";"C14133";"c1-41-33";36012;204180
"2396";"C14134";"c1-41-34";36012;204180
"2397";"C14141";"c1-41-41";36012;204180
"2398";"C14142";"c1-41-42";36012;204180
"2399";"C14143";"c1-41-43";36012;204180
"2400";"C14144";"c1-41-44";36012;204180
"2401";"C14211";"c1-42-11";40012;204180
"2402";"C14212";"c1-42-12";40012;204180
"2403";"C14213";"c1-42-13";40012;204180
"2404";"C14214";"c1-42-14";40012;204180
"2405";"C14221";"c1-42-21";40012;204180
"2406";"C14222";"c1-42-22";40012;204180
"2407";"C14223";"c1-42-23";40012;204180
"2408";"C14224";"c1-42-24";40012;204180
"2409";"C14231";"c1-42-31";40012;204180
"2410";"C14232";"c1-42-32";40012;204180
"2411";"C14233";"c1-42-33";40012;204180
"2412";"C14234";"c1-42-34";40012;204180
"2413";"C14241";"c1-42-41";40012;204180
"2414";"C14242";"c1-42-42";40012;204180
"2415";"C14243";"c1-42-43";40012;204180
"2416";"C14244";"c1-42-44";40012;204180
"2417";"C14311";"c1-43-11";44012;204180
"2418";"C14312";"c1-43-12";44012;204180
"2419";"C14313";"c1-43-13";44012;204180
"2420";"C14314";"c1-43-14";44012;204180
"2421";"C14321";"c1-43-21";44012;204180
"2422";"C14322";"c1-43-22";44012;204180
"2423";"C14323";"c1-43-23";44012;204180
"2424";"C14324";"c1-43-24";44012;204180
"2425";"C14331";"c1-43-31";44012;204180
"2426";"C14332";"c1-43-32";44012;204180
"2427";"C14333";"c1-43-33";44012;204180
"2428";"C14334";"c1-43-34";44012;204180
"2429";"C14341";"c1-43-41";44012;204180
"2430";"C14342";"c1-43-42";44012;204180
"2431";"C14343";"c1-43-43";44012;204180
"2432";"C14344";"c1-43-44";44012;204180
"2433";"C14411";"c1-44-11";48012;204180
"2434";"C14412";"c1-44-12";48012;204180
"2435";"C14413";"c1-44-13";48012;204180
"2436";"C14414";"c1-44-14";48012;204180
"2437";"C14421";"c1-44-21";48012;204180
"2438";"C14422";"c1-44-22";48012;204180
"2439";"C14423";"c1-44-23";48012;204180
"2440";"C14424";"c1-44-24";48012;204180
"2441";"C14431";"c1-44-31";48012;204180
"2442";"C14432";"c1-44-32";48012;204180
"2443";"C14433";"c1-44-33";48012;204180
"2444";"C14434";"c1-44-34";48012;204180
"2445";"C14441";"c1-44-41";48012;204180
"2446";"C14442";"c1-44-42";48012;204180
"2447";"C14443";"c1-44-43";48012;204180
"2448";"C14444";"c1-44-44";48012;204180
"2449";"C14511";"c1-45-11";52012;204180
"2450";"C14512";"c1-45-12";52012;204180
"2451";"C14513";"c1-45-13";52012;204180
"2452";"C14514";"c1-45-14";52012;204180
"2453";"C14521";"c1-45-21";52012;204180
"2454";"C14522";"c1-45-22";52012;204180
"2455";"C14523";"c1-45-23";52012;204180
"2456";"C14524";"c1-45-24";52012;204180
"2457";"C14531";"c1-45-31";52012;204180
"2458";"C14532";"c1-45-32";52012;204180
"2459";"C14533";"c1-45-33";52012;204180
"2460";"C14534";"c1-45-34";52012;204180
"2461";"C14541";"c1-45-41";52012;204180
"2462";"C14542";"c1-45-42";52012;204180
"2463";"C14543";"c1-45-43";52012;204180
"2464";"C14544";"c1-45-44";52012;204180
"2465";"C14611";"c1-46-11";56012;204180
"2466";"C14612";"c1-46-12";56012;204180
"2467";"C14613";"c1-46-13";56012;204180
"2468";"C14614";"c1-46-14";56012;204180
"2469";"C14621";"c1-46-21";56012;204180
"2470";"C14622";"c1-46-22";56012;204180
"2471";"C14623";"c1-46-23";56012;204180
"2472";"C14624";"c1-46-24";56012;204180
"2473";"C14631";"c1-46-31";56012;204180
"2474";"C14632";"c1-46-32";56012;204180
"2475";"C14633";"c1-46-33";56012;204180
"2476";"C14634";"c1-46-34";56012;204180
"2477";"C14641";"c1-46-41";56012;204180
"2478";"C14642";"c1-46-42";56012;204180
"2479";"C14643";"c1-46-43";56012;204180
"2480";"C14644";"c1-46-44";56012;204180
"2481";"C14711";"c1-47-11";60012;204180
"2482";"C14712";"c1-47-12";60012;204180
"2483";"C14713";"c1-47-13";60012;204180
"2484";"C14714";"c1-47-14";60012;204180
"2485";"C14721";"c1-47-21";60012;204180
"2486";"C14722";"c1-47-22";60012;204180
"2487";"C14723";"c1-47-23";60012;204180
"2488";"C14724";"c1-47-24";60012;204180
"2489";"C14731";"c1-47-31";60012;204180
"2490";"C14732";"c1-47-32";60012;204180
"2491";"C14733";"c1-47-33";60012;204180
"2492";"C14734";"c1-47-34";60012;204180
"2493";"C14741";"c1-47-41";60012;204180
"2494";"C14742";"c1-47-42";60012;204180
"2495";"C14743";"c1-47-43";60012;204180
"2496";"C14744";"c1-47-44";60012;204180
"2497";"C14811";"c1-48-11";64012;204180
"2498";"C14812";"c1-48-12";64012;204180
"2499";"C14813";"c1-48-13";64012;204180
"2500";"C14814";"c1-48-14";64012;204180
"2501";"C14821";"c1-48-21";64012;204180
"2502";"C14822";"c1-48-22";64012;204180
"2503";"C14823";"c1-48-23";64012;204180
"2504";"C14824";"c1-48-24";64012;204180
"2505";"C14831";"c1-48-31";64012;204180
"2506";"C14832";"c1-48-32";64012;204180
"2507";"C14833";"c1-48-33";64012;204180
"2508";"C14834";"c1-48-34";64012;204180
"2509";"C14841";"c1-48-41";64012;204180
"2510";"C14842";"c1-48-42";64012;204180
"2511";"C14843";"c1-48-43";64012;204180
"2512";"C14844";"c1-48-44";64012;204180
"2513";"C15111";"c1-51-11";36012;200180
"2514";"C15112";"c1-51-12";36012;200180
"2515";"C15113";"c1-51-13";36012;200180
"2516";"C15114";"c1-51-14";36012;200180
"2517";"C15121";"c1-51-21";36012;200180
"2518";"C15122";"c1-51-22";36012;200180
"2519";"C15123";"c1-51-23";36012;200180
"2520";"C15124";"c1-51-24";36012;200180
"2521";"C15131";"c1-51-31";36012;200180
"2522";"C15132";"c1-51-32";36012;200180
"2523";"C15133";"c1-51-33";36012;200180
"2524";"C15134";"c1-51-34";36012;200180
"2525";"C15141";"c1-51-41";36012;200180
"2526";"C15142";"c1-51-42";36012;200180
"2527";"C15143";"c1-51-43";36012;200180
"2528";"C15144";"c1-51-44";36012;200180
"2529";"C15211";"c1-52-11";40012;200180
"2530";"C15212";"c1-52-12";40012;200180
"2531";"C15213";"c1-52-13";40012;200180
"2532";"C15214";"c1-52-14";40012;200180
"2533";"C15221";"c1-52-21";40012;200180
"2534";"C15222";"c1-52-22";40012;200180
"2535";"C15223";"c1-52-23";40012;200180
"2536";"C15224";"c1-52-24";40012;200180
"2537";"C15231";"c1-52-31";40012;200180
"2538";"C15232";"c1-52-32";40012;200180
"2539";"C15233";"c1-52-33";40012;200180
"2540";"C15234";"c1-52-34";40012;200180
"2541";"C15241";"c1-52-41";40012;200180
"2542";"C15242";"c1-52-42";40012;200180
"2543";"C15243";"c1-52-43";40012;200180
"2544";"C15244";"c1-52-44";40012;200180
"2545";"C15311";"c1-53-11";44012;200180
"2546";"C15312";"c1-53-12";44012;200180
"2547";"C15313";"c1-53-13";44012;200180
"2548";"C15314";"c1-53-14";44012;200180
"2549";"C15321";"c1-53-21";44012;200180
"2550";"C15322";"c1-53-22";44012;200180
"2551";"C15323";"c1-53-23";44012;200180
"2552";"C15324";"c1-53-24";44012;200180
"2553";"C15331";"c1-53-31";44012;200180
"2554";"C15332";"c1-53-32";44012;200180
"2555";"C15333";"c1-53-33";44012;200180
"2556";"C15334";"c1-53-34";44012;200180
"2557";"C15341";"c1-53-41";44012;200180
"2558";"C15342";"c1-53-42";44012;200180
"2559";"C15343";"c1-53-43";44012;200180
"2560";"C15344";"c1-53-44";44012;200180
"2561";"C15411";"c1-54-11";48012;200180
"2562";"C15412";"c1-54-12";48012;200180
"2563";"C15413";"c1-54-13";48012;200180
"2564";"C15414";"c1-54-14";48012;200180
"2565";"C15421";"c1-54-21";48012;200180
"2566";"C15422";"c1-54-22";48012;200180
"2567";"C15423";"c1-54-23";48012;200180
"2568";"C15424";"c1-54-24";48012;200180
"2569";"C15431";"c1-54-31";48012;200180
"2570";"C15432";"c1-54-32";48012;200180
"2571";"C15433";"c1-54-33";48012;200180
"2572";"C15434";"c1-54-34";48012;200180
"2573";"C15441";"c1-54-41";48012;200180
"2574";"C15442";"c1-54-42";48012;200180
"2575";"C15443";"c1-54-43";48012;200180
"2576";"C15444";"c1-54-44";48012;200180
"2577";"C15511";"c1-55-11";52012;200180
"2578";"C15512";"c1-55-12";52012;200180
"2579";"C15513";"c1-55-13";52012;200180
"2580";"C15514";"c1-55-14";52012;200180
"2581";"C15521";"c1-55-21";52012;200180
"2582";"C15522";"c1-55-22";52012;200180
"2583";"C15523";"c1-55-23";52012;200180
"2584";"C15524";"c1-55-24";52012;200180
"2585";"C15531";"c1-55-31";52012;200180
"2586";"C15532";"c1-55-32";52012;200180
"2587";"C15533";"c1-55-33";52012;200180
"2588";"C15534";"c1-55-34";52012;200180
"2589";"C15541";"c1-55-41";52012;200180
"2590";"C15542";"c1-55-42";52012;200180
"2591";"C15543";"c1-55-43";52012;200180
"2592";"C15544";"c1-55-44";52012;200180
"2593";"C15611";"c1-56-11";56012;200180
"2594";"C15612";"c1-56-12";56012;200180
"2595";"C15613";"c1-56-13";56012;200180
"2596";"C15614";"c1-56-14";56012;200180
"2597";"C15621";"c1-56-21";56012;200180
"2598";"C15622";"c1-56-22";56012;200180
"2599";"C15623";"c1-56-23";56012;200180
"2600";"C15624";"c1-56-24";56012;200180
"2601";"C15631";"c1-56-31";56012;200180
"2602";"C15632";"c1-56-32";56012;200180
"2603";"C15633";"c1-56-33";56012;200180
"2604";"C15634";"c1-56-34";56012;200180
"2605";"C15641";"c1-56-41";56012;200180
"2606";"C15642";"c1-56-42";56012;200180
"2607";"C15643";"c1-56-43";56012;200180
"2608";"C15644";"c1-56-44";56012;200180
"2609";"C15711";"c1-57-11";60012;200180
"2610";"C15712";"c1-57-12";60012;200180
"2611";"C15713";"c1-57-13";60012;200180
"2612";"C15714";"c1-57-14";60012;200180
"2613";"C15721";"c1-57-21";60012;200180
"2614";"C15722";"c1-57-22";60012;200180
"2615";"C15723";"c1-57-23";60012;200180
"2616";"C15724";"c1-57-24";60012;200180
"2617";"C15731";"c1-57-31";60012;200180
"2618";"C15732";"c1-57-32";60012;200180
"2619";"C15733";"c1-57-33";60012;200180
"2620";"C15734";"c1-57-34";60012;200180
"2621";"C15741";"c1-57-41";60012;200180
"2622";"C15742";"c1-57-42";60012;200180
"2623";"C15743";"c1-57-43";60012;200180
"2624";"C15744";"c1-57-44";60012;200180
"2625";"C15811";"c1-58-11";64012;200180
"2626";"C15812";"c1-58-12";64012;200180
"2627";"C15813";"c1-58-13";64012;200180
"2628";"C15814";"c1-58-14";64012;200180
"2629";"C15821";"c1-58-21";64012;200180
"2630";"C15822";"c1-58-22";64012;200180
"2631";"C15823";"c1-58-23";64012;200180
"2632";"C15824";"c1-58-24";64012;200180
"2633";"C15831";"c1-58-31";64012;200180
"2634";"C15832";"c1-58-32";64012;200180
"2635";"C15833";"c1-58-33";64012;200180
"2636";"C15834";"c1-58-34";64012;200180
"2637";"C15841";"c1-58-41";64012;200180
"2638";"C15842";"c1-58-42";64012;200180
"2639";"C15843";"c1-58-43";64012;200180
"2640";"C15844";"c1-58-44";64012;200180
"2641";"C21111";"c2-11-11";68012;216180
"2642";"C21112";"c2-11-12";68012;216180
"2643";"C21113";"c2-11-13";68012;216180
"2644";"C21114";"c2-11-14";68012;216180
"2645";"C21121";"c2-11-21";68012;216180
"2646";"C21122";"c2-11-22";68012;216180
"2647";"C21123";"c2-11-23";68012;216180
"2648";"C21124";"c2-11-24";68012;216180
"2649";"C21131";"c2-11-31";68012;216180
"2650";"C21132";"c2-11-32";68012;216180
"2651";"C21133";"c2-11-33";68012;216180
"2652";"C21134";"c2-11-34";68012;216180
"2653";"C21141";"c2-11-41";68012;216180
"2654";"C21142";"c2-11-42";68012;216180
"2655";"C21143";"c2-11-43";68012;216180
"2656";"C21144";"c2-11-44";68012;216180
"2657";"C21211";"c2-12-11";72012;216180
"2658";"C21212";"c2-12-12";72012;216180
"2659";"C21213";"c2-12-13";72012;216180
"2660";"C21214";"c2-12-14";72012;216180
"2661";"C21221";"c2-12-21";72012;216180
"2662";"C21222";"c2-12-22";72012;216180
"2663";"C21223";"c2-12-23";72012;216180
"2664";"C21224";"c2-12-24";72012;216180
"2665";"C21231";"c2-12-31";72012;216180
"2666";"C21232";"c2-12-32";72012;216180
"2667";"C21233";"c2-12-33";72012;216180
"2668";"C21234";"c2-12-34";72012;216180
"2669";"C21241";"c2-12-41";72012;216180
"2670";"C21242";"c2-12-42";72012;216180
"2671";"C21243";"c2-12-43";72012;216180
"2672";"C21244";"c2-12-44";72012;216180
"2673";"C21311";"c2-13-11";76012;216180
"2674";"C21312";"c2-13-12";76012;216180
"2675";"C21313";"c2-13-13";76012;216180
"2676";"C21314";"c2-13-14";76012;216180
"2677";"C21321";"c2-13-21";76012;216180
"2678";"C21322";"c2-13-22";76012;216180
"2679";"C21323";"c2-13-23";76012;216180
"2680";"C21324";"c2-13-24";76012;216180
"2681";"C21331";"c2-13-31";76012;216180
"2682";"C21332";"c2-13-32";76012;216180
"2683";"C21333";"c2-13-33";76012;216180
"2684";"C21334";"c2-13-34";76012;216180
"2685";"C21341";"c2-13-41";76012;216180
"2686";"C21342";"c2-13-42";76012;216180
"2687";"C21343";"c2-13-43";76012;216180
"2688";"C21344";"c2-13-44";76012;216180
"2689";"C21411";"c2-14-11";80012;216180
"2690";"C21412";"c2-14-12";80012;216180
"2691";"C21413";"c2-14-13";80012;216180
"2692";"C21414";"c2-14-14";80012;216180
"2693";"C21421";"c2-14-21";80012;216180
"2694";"C21422";"c2-14-22";80012;216180
"2695";"C21423";"c2-14-23";80012;216180
"2696";"C21424";"c2-14-24";80012;216180
"2697";"C21431";"c2-14-31";80012;216180
"2698";"C21432";"c2-14-32";80012;216180
"2699";"C21433";"c2-14-33";80012;216180
"2700";"C21434";"c2-14-34";80012;216180
"2701";"C21441";"c2-14-41";80012;216180
"2702";"C21442";"c2-14-42";80012;216180
"2703";"C21443";"c2-14-43";80012;216180
"2704";"C21444";"c2-14-44";80012;216180
"2705";"C21511";"c2-15-11";84012;216180
"2706";"C21512";"c2-15-12";84012;216180
"2707";"C21513";"c2-15-13";84012;216180
"2708";"C21514";"c2-15-14";84012;216180
"2709";"C21521";"c2-15-21";84012;216180
"2710";"C21522";"c2-15-22";84012;216180
"2711";"C21523";"c2-15-23";84012;216180
"2712";"C21524";"c2-15-24";84012;216180
"2713";"C21531";"c2-15-31";84012;216180
"2714";"C21532";"c2-15-32";84012;216180
"2715";"C21533";"c2-15-33";84012;216180
"2716";"C21534";"c2-15-34";84012;216180
"2717";"C21541";"c2-15-41";84012;216180
"2718";"C21542";"c2-15-42";84012;216180
"2719";"C21543";"c2-15-43";84012;216180
"2720";"C21544";"c2-15-44";84012;216180
"2721";"C21611";"c2-16-11";88012;216180
"2722";"C21612";"c2-16-12";88012;216180
"2723";"C21613";"c2-16-13";88012;216180
"2724";"C21614";"c2-16-14";88012;216180
"2725";"C21621";"c2-16-21";88012;216180
"2726";"C21622";"c2-16-22";88012;216180
"2727";"C21623";"c2-16-23";88012;216180
"2728";"C21624";"c2-16-24";88012;216180
"2729";"C21631";"c2-16-31";88012;216180
"2730";"C21632";"c2-16-32";88012;216180
"2731";"C21633";"c2-16-33";88012;216180
"2732";"C21634";"c2-16-34";88012;216180
"2733";"C21641";"c2-16-41";88012;216180
"2734";"C21642";"c2-16-42";88012;216180
"2735";"C21643";"c2-16-43";88012;216180
"2736";"C21644";"c2-16-44";88012;216180
"2737";"C21711";"c2-17-11";92012;216180
"2738";"C21712";"c2-17-12";92012;216180
"2739";"C21713";"c2-17-13";92012;216180
"2740";"C21714";"c2-17-14";92012;216180
"2741";"C21721";"c2-17-21";92012;216180
"2742";"C21722";"c2-17-22";92012;216180
"2743";"C21723";"c2-17-23";92012;216180
"2744";"C21724";"c2-17-24";92012;216180
"2745";"C21731";"c2-17-31";92012;216180
"2746";"C21732";"c2-17-32";92012;216180
"2747";"C21733";"c2-17-33";92012;216180
"2748";"C21734";"c2-17-34";92012;216180
"2749";"C21741";"c2-17-41";92012;216180
"2750";"C21742";"c2-17-42";92012;216180
"2751";"C21743";"c2-17-43";92012;216180
"2752";"C21744";"c2-17-44";92012;216180
"2753";"C21811";"c2-18-11";96012;216180
"2754";"C21812";"c2-18-12";96012;216180
"2755";"C21813";"c2-18-13";96012;216180
"2756";"C21814";"c2-18-14";96012;216180
"2757";"C21821";"c2-18-21";96012;216180
"2758";"C21822";"c2-18-22";96012;216180
"2759";"C21823";"c2-18-23";96012;216180
"2760";"C21824";"c2-18-24";96012;216180
"2761";"C21831";"c2-18-31";96012;216180
"2762";"C21832";"c2-18-32";96012;216180
"2763";"C21833";"c2-18-33";96012;216180
"2764";"C21834";"c2-18-34";96012;216180
"2765";"C21841";"c2-18-41";96012;216180
"2766";"C21842";"c2-18-42";96012;216180
"2767";"C21843";"c2-18-43";96012;216180
"2768";"C21844";"c2-18-44";96012;216180
"2769";"C22111";"c2-21-11";68012;212180
"2770";"C22112";"c2-21-12";68012;212180
"2771";"C22113";"c2-21-13";68012;212180
"2772";"C22114";"c2-21-14";68012;212180
"2773";"C22121";"c2-21-21";68012;212180
"2774";"C22122";"c2-21-22";68012;212180
"2775";"C22123";"c2-21-23";68012;212180
"2776";"C22124";"c2-21-24";68012;212180
"2777";"C22131";"c2-21-31";68012;212180
"2778";"C22132";"c2-21-32";68012;212180
"2779";"C22133";"c2-21-33";68012;212180
"2780";"C22134";"c2-21-34";68012;212180
"2781";"C22141";"c2-21-41";68012;212180
"2782";"C22142";"c2-21-42";68012;212180
"2783";"C22143";"c2-21-43";68012;212180
"2784";"C22144";"c2-21-44";68012;212180
"2785";"C22211";"c2-22-11";72012;212180
"2786";"C22212";"c2-22-12";72012;212180
"2787";"C22213";"c2-22-13";72012;212180
"2788";"C22214";"c2-22-14";72012;212180
"2789";"C22221";"c2-22-21";72012;212180
"2790";"C22222";"c2-22-22";72012;212180
"2791";"C22223";"c2-22-23";72012;212180
"2792";"C22224";"c2-22-24";72012;212180
"2793";"C22231";"c2-22-31";72012;212180
"2794";"C22232";"c2-22-32";72012;212180
"2795";"C22233";"c2-22-33";72012;212180
"2796";"C22234";"c2-22-34";72012;212180
"2797";"C22241";"c2-22-41";72012;212180
"2798";"C22242";"c2-22-42";72012;212180
"2799";"C22243";"c2-22-43";72012;212180
"2800";"C22244";"c2-22-44";72012;212180
"2801";"C22311";"c2-23-11";76012;212180
"2802";"C22312";"c2-23-12";76012;212180
"2803";"C22313";"c2-23-13";76012;212180
"2804";"C22314";"c2-23-14";76012;212180
"2805";"C22321";"c2-23-21";76012;212180
"2806";"C22322";"c2-23-22";76012;212180
"2807";"C22323";"c2-23-23";76012;212180
"2808";"C22324";"c2-23-24";76012;212180
"2809";"C22331";"c2-23-31";76012;212180
"2810";"C22332";"c2-23-32";76012;212180
"2811";"C22333";"c2-23-33";76012;212180
"2812";"C22334";"c2-23-34";76012;212180
"2813";"C22341";"c2-23-41";76012;212180
"2814";"C22342";"c2-23-42";76012;212180
"2815";"C22343";"c2-23-43";76012;212180
"2816";"C22344";"c2-23-44";76012;212180
"2817";"C22411";"c2-24-11";80012;212180
"2818";"C22412";"c2-24-12";80012;212180
"2819";"C22413";"c2-24-13";80012;212180
"2820";"C22414";"c2-24-14";80012;212180
"2821";"C22421";"c2-24-21";80012;212180
"2822";"C22422";"c2-24-22";80012;212180
"2823";"C22423";"c2-24-23";80012;212180
"2824";"C22424";"c2-24-24";80012;212180
"2825";"C22431";"c2-24-31";80012;212180
"2826";"C22432";"c2-24-32";80012;212180
"2827";"C22433";"c2-24-33";80012;212180
"2828";"C22434";"c2-24-34";80012;212180
"2829";"C22441";"c2-24-41";80012;212180
"2830";"C22442";"c2-24-42";80012;212180
"2831";"C22443";"c2-24-43";80012;212180
"2832";"C22444";"c2-24-44";80012;212180
"2833";"C22511";"c2-25-11";84012;212180
"2834";"C22512";"c2-25-12";84012;212180
"2835";"C22513";"c2-25-13";84012;212180
"2836";"C22514";"c2-25-14";84012;212180
"2837";"C22521";"c2-25-21";84012;212180
"2838";"C22522";"c2-25-22";84012;212180
"2839";"C22523";"c2-25-23";84012;212180
"2840";"C22524";"c2-25-24";84012;212180
"2841";"C22531";"c2-25-31";84012;212180
"2842";"C22532";"c2-25-32";84012;212180
"2843";"C22533";"c2-25-33";84012;212180
"2844";"C22534";"c2-25-34";84012;212180
"2845";"C22541";"c2-25-41";84012;212180
"2846";"C22542";"c2-25-42";84012;212180
"2847";"C22543";"c2-25-43";84012;212180
"2848";"C22544";"c2-25-44";84012;212180
"2849";"C22611";"c2-26-11";88012;212180
"2850";"C22612";"c2-26-12";88012;212180
"2851";"C22613";"c2-26-13";88012;212180
"2852";"C22614";"c2-26-14";88012;212180
"2853";"C22621";"c2-26-21";88012;212180
"2854";"C22622";"c2-26-22";88012;212180
"2855";"C22623";"c2-26-23";88012;212180
"2856";"C22624";"c2-26-24";88012;212180
"2857";"C22631";"c2-26-31";88012;212180
"2858";"C22632";"c2-26-32";88012;212180
"2859";"C22633";"c2-26-33";88012;212180
"2860";"C22634";"c2-26-34";88012;212180
"2861";"C22641";"c2-26-41";88012;212180
"2862";"C22642";"c2-26-42";88012;212180
"2863";"C22643";"c2-26-43";88012;212180
"2864";"C22644";"c2-26-44";88012;212180
"2865";"C22711";"c2-27-11";92012;212180
"2866";"C22712";"c2-27-12";92012;212180
"2867";"C22713";"c2-27-13";92012;212180
"2868";"C22714";"c2-27-14";92012;212180
"2869";"C22721";"c2-27-21";92012;212180
"2870";"C22722";"c2-27-22";92012;212180
"2871";"C22723";"c2-27-23";92012;212180
"2872";"C22724";"c2-27-24";92012;212180
"2873";"C22731";"c2-27-31";92012;212180
"2874";"C22732";"c2-27-32";92012;212180
"2875";"C22733";"c2-27-33";92012;212180
"2876";"C22734";"c2-27-34";92012;212180
"2877";"C22741";"c2-27-41";92012;212180
"2878";"C22742";"c2-27-42";92012;212180
"2879";"C22743";"c2-27-43";92012;212180
"2880";"C22744";"c2-27-44";92012;212180
"2881";"C22811";"c2-28-11";96012;212180
"2882";"C22812";"c2-28-12";96012;212180
"2883";"C22813";"c2-28-13";96012;212180
"2884";"C22814";"c2-28-14";96012;212180
"2885";"C22821";"c2-28-21";96012;212180
"2886";"C22822";"c2-28-22";96012;212180
"2887";"C22823";"c2-28-23";96012;212180
"2888";"C22824";"c2-28-24";96012;212180
"2889";"C22831";"c2-28-31";96012;212180
"2890";"C22832";"c2-28-32";96012;212180
"2891";"C22833";"c2-28-33";96012;212180
"2892";"C22834";"c2-28-34";96012;212180
"2893";"C22841";"c2-28-41";96012;212180
"2894";"C22842";"c2-28-42";96012;212180
"2895";"C22843";"c2-28-43";96012;212180
"2896";"C22844";"c2-28-44";96012;212180
"2897";"C23111";"c2-31-11";68012;208180
"2898";"C23112";"c2-31-12";68012;208180
"2899";"C23113";"c2-31-13";68012;208180
"2900";"C23114";"c2-31-14";68012;208180
"2901";"C23121";"c2-31-21";68012;208180
"2902";"C23122";"c2-31-22";68012;208180
"2903";"C23123";"c2-31-23";68012;208180
"2904";"C23124";"c2-31-24";68012;208180
"2905";"C23131";"c2-31-31";68012;208180
"2906";"C23132";"c2-31-32";68012;208180
"2907";"C23133";"c2-31-33";68012;208180
"2908";"C23134";"c2-31-34";68012;208180
"2909";"C23141";"c2-31-41";68012;208180
"2910";"C23142";"c2-31-42";68012;208180
"2911";"C23143";"c2-31-43";68012;208180
"2912";"C23144";"c2-31-44";68012;208180
"2913";"C23211";"c2-32-11";72012;208180
"2914";"C23212";"c2-32-12";72012;208180
"2915";"C23213";"c2-32-13";72012;208180
"2916";"C23214";"c2-32-14";72012;208180
"2917";"C23221";"c2-32-21";72012;208180
"2918";"C23222";"c2-32-22";72012;208180
"2919";"C23223";"c2-32-23";72012;208180
"2920";"C23224";"c2-32-24";72012;208180
"2921";"C23231";"c2-32-31";72012;208180
"2922";"C23232";"c2-32-32";72012;208180
"2923";"C23233";"c2-32-33";72012;208180
"2924";"C23234";"c2-32-34";72012;208180
"2925";"C23241";"c2-32-41";72012;208180
"2926";"C23242";"c2-32-42";72012;208180
"2927";"C23243";"c2-32-43";72012;208180
"2928";"C23244";"c2-32-44";72012;208180
"2929";"C23311";"c2-33-11";76012;208180
"2930";"C23312";"c2-33-12";76012;208180
"2931";"C23313";"c2-33-13";76012;208180
"2932";"C23314";"c2-33-14";76012;208180
"2933";"C23321";"c2-33-21";76012;208180
"2934";"C23322";"c2-33-22";76012;208180
"2935";"C23323";"c2-33-23";76012;208180
"2936";"C23324";"c2-33-24";76012;208180
"2937";"C23331";"c2-33-31";76012;208180
"2938";"C23332";"c2-33-32";76012;208180
"2939";"C23333";"c2-33-33";76012;208180
"2940";"C23334";"c2-33-34";76012;208180
"2941";"C23341";"c2-33-41";76012;208180
"2942";"C23342";"c2-33-42";76012;208180
"2943";"C23343";"c2-33-43";76012;208180
"2944";"C23344";"c2-33-44";76012;208180
"2945";"C23411";"c2-34-11";80012;208180
"2946";"C23412";"c2-34-12";80012;208180
"2947";"C23413";"c2-34-13";80012;208180
"2948";"C23414";"c2-34-14";80012;208180
"2949";"C23421";"c2-34-21";80012;208180
"2950";"C23422";"c2-34-22";80012;208180
"2951";"C23423";"c2-34-23";80012;208180
"2952";"C23424";"c2-34-24";80012;208180
"2953";"C23431";"c2-34-31";80012;208180
"2954";"C23432";"c2-34-32";80012;208180
"2955";"C23433";"c2-34-33";80012;208180
"2956";"C23434";"c2-34-34";80012;208180
"2957";"C23441";"c2-34-41";80012;208180
"2958";"C23442";"c2-34-42";80012;208180
"2959";"C23443";"c2-34-43";80012;208180
"2960";"C23444";"c2-34-44";80012;208180
"2961";"C23511";"c2-35-11";84012;208180
"2962";"C23512";"c2-35-12";84012;208180
"2963";"C23513";"c2-35-13";84012;208180
"2964";"C23514";"c2-35-14";84012;208180
"2965";"C23521";"c2-35-21";84012;208180
"2966";"C23522";"c2-35-22";84012;208180
"2967";"C23523";"c2-35-23";84012;208180
"2968";"C23524";"c2-35-24";84012;208180
"2969";"C23531";"c2-35-31";84012;208180
"2970";"C23532";"c2-35-32";84012;208180
"2971";"C23533";"c2-35-33";84012;208180
"2972";"C23534";"c2-35-34";84012;208180
"2973";"C23541";"c2-35-41";84012;208180
"2974";"C23542";"c2-35-42";84012;208180
"2975";"C23543";"c2-35-43";84012;208180
"2976";"C23544";"c2-35-44";84012;208180
"2977";"C23611";"c2-36-11";88012;208180
"2978";"C23612";"c2-36-12";88012;208180
"2979";"C23613";"c2-36-13";88012;208180
"2980";"C23614";"c2-36-14";88012;208180
"2981";"C23621";"c2-36-21";88012;208180
"2982";"C23622";"c2-36-22";88012;208180
"2983";"C23623";"c2-36-23";88012;208180
"2984";"C23624";"c2-36-24";88012;208180
"2985";"C23631";"c2-36-31";88012;208180
"2986";"C23632";"c2-36-32";88012;208180
"2987";"C23633";"c2-36-33";88012;208180
"2988";"C23634";"c2-36-34";88012;208180
"2989";"C23641";"c2-36-41";88012;208180
"2990";"C23642";"c2-36-42";88012;208180
"2991";"C23643";"c2-36-43";88012;208180
"2992";"C23644";"c2-36-44";88012;208180
"2993";"C23711";"c2-37-11";92012;208180
"2994";"C23712";"c2-37-12";92012;208180
"2995";"C23713";"c2-37-13";92012;208180
"2996";"C23714";"c2-37-14";92012;208180
"2997";"C23721";"c2-37-21";92012;208180
"2998";"C23722";"c2-37-22";92012;208180
"2999";"C23723";"c2-37-23";92012;208180
"3000";"C23724";"c2-37-24";92012;208180
"3001";"C23731";"c2-37-31";92012;208180
"3002";"C23732";"c2-37-32";92012;208180
"3003";"C23733";"c2-37-33";92012;208180
"3004";"C23734";"c2-37-34";92012;208180
"3005";"C23741";"c2-37-41";92012;208180
"3006";"C23742";"c2-37-42";92012;208180
"3007";"C23743";"c2-37-43";92012;208180
"3008";"C23744";"c2-37-44";92012;208180
"3009";"C23811";"c2-38-11";96012;208180
"3010";"C23812";"c2-38-12";96012;208180
"3011";"C23813";"c2-38-13";96012;208180
"3012";"C23814";"c2-38-14";96012;208180
"3013";"C23821";"c2-38-21";96012;208180
"3014";"C23822";"c2-38-22";96012;208180
"3015";"C23823";"c2-38-23";96012;208180
"3016";"C23824";"c2-38-24";96012;208180
"3017";"C23831";"c2-38-31";96012;208180
"3018";"C23832";"c2-38-32";96012;208180
"3019";"C23833";"c2-38-33";96012;208180
"3020";"C23834";"c2-38-34";96012;208180
"3021";"C23841";"c2-38-41";96012;208180
"3022";"C23842";"c2-38-42";96012;208180
"3023";"C23843";"c2-38-43";96012;208180
"3024";"C23844";"c2-38-44";96012;208180
"3025";"C24111";"c2-41-11";68012;204180
"3026";"C24112";"c2-41-12";68012;204180
"3027";"C24113";"c2-41-13";68012;204180
"3028";"C24114";"c2-41-14";68012;204180
"3029";"C24121";"c2-41-21";68012;204180
"3030";"C24122";"c2-41-22";68012;204180
"3031";"C24123";"c2-41-23";68012;204180
"3032";"C24124";"c2-41-24";68012;204180
"3033";"C24131";"c2-41-31";68012;204180
"3034";"C24132";"c2-41-32";68012;204180
"3035";"C24133";"c2-41-33";68012;204180
"3036";"C24134";"c2-41-34";68012;204180
"3037";"C24141";"c2-41-41";68012;204180
"3038";"C24142";"c2-41-42";68012;204180
"3039";"C24143";"c2-41-43";68012;204180
"3040";"C24144";"c2-41-44";68012;204180
"3041";"C24211";"c2-42-11";72012;204180
"3042";"C24212";"c2-42-12";72012;204180
"3043";"C24213";"c2-42-13";72012;204180
"3044";"C24214";"c2-42-14";72012;204180
"3045";"C24221";"c2-42-21";72012;204180
"3046";"C24222";"c2-42-22";72012;204180
"3047";"C24223";"c2-42-23";72012;204180
"3048";"C24224";"c2-42-24";72012;204180
"3049";"C24231";"c2-42-31";72012;204180
"3050";"C24232";"c2-42-32";72012;204180
"3051";"C24233";"c2-42-33";72012;204180
"3052";"C24234";"c2-42-34";72012;204180
"3053";"C24241";"c2-42-41";72012;204180
"3054";"C24242";"c2-42-42";72012;204180
"3055";"C24243";"c2-42-43";72012;204180
"3056";"C24244";"c2-42-44";72012;204180
"3057";"C24311";"c2-43-11";76012;204180
"3058";"C24312";"c2-43-12";76012;204180
"3059";"C24313";"c2-43-13";76012;204180
"3060";"C24314";"c2-43-14";76012;204180
"3061";"C24321";"c2-43-21";76012;204180
"3062";"C24322";"c2-43-22";76012;204180
"3063";"C24323";"c2-43-23";76012;204180
"3064";"C24324";"c2-43-24";76012;204180
"3065";"C24331";"c2-43-31";76012;204180
"3066";"C24332";"c2-43-32";76012;204180
"3067";"C24333";"c2-43-33";76012;204180
"3068";"C24334";"c2-43-34";76012;204180
"3069";"C24341";"c2-43-41";76012;204180
"3070";"C24342";"c2-43-42";76012;204180
"3071";"C24343";"c2-43-43";76012;204180
"3072";"C24344";"c2-43-44";76012;204180
"3073";"C24411";"c2-44-11";80012;204180
"3074";"C24412";"c2-44-12";80012;204180
"3075";"C24413";"c2-44-13";80012;204180
"3076";"C24414";"c2-44-14";80012;204180
"3077";"C24421";"c2-44-21";80012;204180
"3078";"C24422";"c2-44-22";80012;204180
"3079";"C24423";"c2-44-23";80012;204180
"3080";"C24424";"c2-44-24";80012;204180
"3081";"C24431";"c2-44-31";80012;204180
"3082";"C24432";"c2-44-32";80012;204180
"3083";"C24433";"c2-44-33";80012;204180
"3084";"C24434";"c2-44-34";80012;204180
"3085";"C24441";"c2-44-41";80012;204180
"3086";"C24442";"c2-44-42";80012;204180
"3087";"C24443";"c2-44-43";80012;204180
"3088";"C24444";"c2-44-44";80012;204180
"3089";"C24511";"c2-45-11";84012;204180
"3090";"C24512";"c2-45-12";84012;204180
"3091";"C24513";"c2-45-13";84012;204180
"3092";"C24514";"c2-45-14";84012;204180
"3093";"C24521";"c2-45-21";84012;204180
"3094";"C24522";"c2-45-22";84012;204180
"3095";"C24523";"c2-45-23";84012;204180
"3096";"C24524";"c2-45-24";84012;204180
"3097";"C24531";"c2-45-31";84012;204180
"3098";"C24532";"c2-45-32";84012;204180
"3099";"C24533";"c2-45-33";84012;204180
"3100";"C24534";"c2-45-34";84012;204180
"3101";"C24541";"c2-45-41";84012;204180
"3102";"C24542";"c2-45-42";84012;204180
"3103";"C24543";"c2-45-43";84012;204180
"3104";"C24544";"c2-45-44";84012;204180
"3105";"C24611";"c2-46-11";88012;204180
"3106";"C24612";"c2-46-12";88012;204180
"3107";"C24613";"c2-46-13";88012;204180
"3108";"C24614";"c2-46-14";88012;204180
"3109";"C24621";"c2-46-21";88012;204180
"3110";"C24622";"c2-46-22";88012;204180
"3111";"C24623";"c2-46-23";88012;204180
"3112";"C24624";"c2-46-24";88012;204180
"3113";"C24631";"c2-46-31";88012;204180
"3114";"C24632";"c2-46-32";88012;204180
"3115";"C24633";"c2-46-33";88012;204180
"3116";"C24634";"c2-46-34";88012;204180
"3117";"C24641";"c2-46-41";88012;204180
"3118";"C24642";"c2-46-42";88012;204180
"3119";"C24643";"c2-46-43";88012;204180
"3120";"C24644";"c2-46-44";88012;204180
"3121";"C24711";"c2-47-11";92012;204180
"3122";"C24712";"c2-47-12";92012;204180
"3123";"C24713";"c2-47-13";92012;204180
"3124";"C24714";"c2-47-14";92012;204180
"3125";"C24721";"c2-47-21";92012;204180
"3126";"C24722";"c2-47-22";92012;204180
"3127";"C24723";"c2-47-23";92012;204180
"3128";"C24724";"c2-47-24";92012;204180
"3129";"C24731";"c2-47-31";92012;204180
"3130";"C24732";"c2-47-32";92012;204180
"3131";"C24733";"c2-47-33";92012;204180
"3132";"C24734";"c2-47-34";92012;204180
"3133";"C24741";"c2-47-41";92012;204180
"3134";"C24742";"c2-47-42";92012;204180
"3135";"C24743";"c2-47-43";92012;204180
"3136";"C24744";"c2-47-44";92012;204180
"3137";"C24811";"c2-48-11";96012;204180
"3138";"C24812";"c2-48-12";96012;204180
"3139";"C24813";"c2-48-13";96012;204180
"3140";"C24814";"c2-48-14";96012;204180
"3141";"C24821";"c2-48-21";96012;204180
"3142";"C24822";"c2-48-22";96012;204180
"3143";"C24823";"c2-48-23";96012;204180
"3144";"C24824";"c2-48-24";96012;204180
"3145";"C24831";"c2-48-31";96012;204180
"3146";"C24832";"c2-48-32";96012;204180
"3147";"C24833";"c2-48-33";96012;204180
"3148";"C24834";"c2-48-34";96012;204180
"3149";"C24841";"c2-48-41";96012;204180
"3150";"C24842";"c2-48-42";96012;204180
"3151";"C24843";"c2-48-43";96012;204180
"3152";"C24844";"c2-48-44";96012;204180
"3153";"C25111";"c2-51-11";68012;200180
"3154";"C25112";"c2-51-12";68012;200180
"3155";"C25113";"c2-51-13";68012;200180
"3156";"C25114";"c2-51-14";68012;200180
"3157";"C25121";"c2-51-21";68012;200180
"3158";"C25122";"c2-51-22";68012;200180
"3159";"C25123";"c2-51-23";68012;200180
"3160";"C25124";"c2-51-24";68012;200180
"3161";"C25131";"c2-51-31";68012;200180
"3162";"C25132";"c2-51-32";68012;200180
"3163";"C25133";"c2-51-33";68012;200180
"3164";"C25134";"c2-51-34";68012;200180
"3165";"C25141";"c2-51-41";68012;200180
"3166";"C25142";"c2-51-42";68012;200180
"3167";"C25143";"c2-51-43";68012;200180
"3168";"C25144";"c2-51-44";68012;200180
"3169";"C25211";"c2-52-11";72012;200180
"3170";"C25212";"c2-52-12";72012;200180
"3171";"C25213";"c2-52-13";72012;200180
"3172";"C25214";"c2-52-14";72012;200180
"3173";"C25221";"c2-52-21";72012;200180
"3174";"C25222";"c2-52-22";72012;200180
"3175";"C25223";"c2-52-23";72012;200180
"3176";"C25224";"c2-52-24";72012;200180
"3177";"C25231";"c2-52-31";72012;200180
"3178";"C25232";"c2-52-32";72012;200180
"3179";"C25233";"c2-52-33";72012;200180
"3180";"C25234";"c2-52-34";72012;200180
"3181";"C25241";"c2-52-41";72012;200180
"3182";"C25242";"c2-52-42";72012;200180
"3183";"C25243";"c2-52-43";72012;200180
"3184";"C25244";"c2-52-44";72012;200180
"3185";"C25311";"c2-53-11";76012;200180
"3186";"C25312";"c2-53-12";76012;200180
"3187";"C25313";"c2-53-13";76012;200180
"3188";"C25314";"c2-53-14";76012;200180
"3189";"C25321";"c2-53-21";76012;200180
"3190";"C25322";"c2-53-22";76012;200180
"3191";"C25323";"c2-53-23";76012;200180
"3192";"C25324";"c2-53-24";76012;200180
"3193";"C25331";"c2-53-31";76012;200180
"3194";"C25332";"c2-53-32";76012;200180
"3195";"C25333";"c2-53-33";76012;200180
"3196";"C25334";"c2-53-34";76012;200180
"3197";"C25341";"c2-53-41";76012;200180
"3198";"C25342";"c2-53-42";76012;200180
"3199";"C25343";"c2-53-43";76012;200180
"3200";"C25344";"c2-53-44";76012;200180
"3201";"C25411";"c2-54-11";80012;200180
"3202";"C25412";"c2-54-12";80012;200180
"3203";"C25413";"c2-54-13";80012;200180
"3204";"C25414";"c2-54-14";80012;200180
"3205";"C25421";"c2-54-21";80012;200180
"3206";"C25422";"c2-54-22";80012;200180
"3207";"C25423";"c2-54-23";80012;200180
"3208";"C25424";"c2-54-24";80012;200180
"3209";"C25431";"c2-54-31";80012;200180
"3210";"C25432";"c2-54-32";80012;200180
"3211";"C25433";"c2-54-33";80012;200180
"3212";"C25434";"c2-54-34";80012;200180
"3213";"C25441";"c2-54-41";80012;200180
"3214";"C25442";"c2-54-42";80012;200180
"3215";"C25443";"c2-54-43";80012;200180
"3216";"C25444";"c2-54-44";80012;200180
"3217";"C25511";"c2-55-11";84012;200180
"3218";"C25512";"c2-55-12";84012;200180
"3219";"C25513";"c2-55-13";84012;200180
"3220";"C25514";"c2-55-14";84012;200180
"3221";"C25521";"c2-55-21";84012;200180
"3222";"C25522";"c2-55-22";84012;200180
"3223";"C25523";"c2-55-23";84012;200180
"3224";"C25524";"c2-55-24";84012;200180
"3225";"C25531";"c2-55-31";84012;200180
"3226";"C25532";"c2-55-32";84012;200180
"3227";"C25533";"c2-55-33";84012;200180
"3228";"C25534";"c2-55-34";84012;200180
"3229";"C25541";"c2-55-41";84012;200180
"3230";"C25542";"c2-55-42";84012;200180
"3231";"C25543";"c2-55-43";84012;200180
"3232";"C25544";"c2-55-44";84012;200180
"3233";"C25611";"c2-56-11";88012;200180
"3234";"C25612";"c2-56-12";88012;200180
"3235";"C25613";"c2-56-13";88012;200180
"3236";"C25614";"c2-56-14";88012;200180
"3237";"C25621";"c2-56-21";88012;200180
"3238";"C25622";"c2-56-22";88012;200180
"3239";"C25623";"c2-56-23";88012;200180
"3240";"C25624";"c2-56-24";88012;200180
"3241";"C25631";"c2-56-31";88012;200180
"3242";"C25632";"c2-56-32";88012;200180
"3243";"C25633";"c2-56-33";88012;200180
"3244";"C25634";"c2-56-34";88012;200180
"3245";"C25641";"c2-56-41";88012;200180
"3246";"C25642";"c2-56-42";88012;200180
"3247";"C25643";"c2-56-43";88012;200180
"3248";"C25644";"c2-56-44";88012;200180
"3249";"C25711";"c2-57-11";92012;200180
"3250";"C25712";"c2-57-12";92012;200180
"3251";"C25713";"c2-57-13";92012;200180
"3252";"C25714";"c2-57-14";92012;200180
"3253";"C25721";"c2-57-21";92012;200180
"3254";"C25722";"c2-57-22";92012;200180
"3255";"C25723";"c2-57-23";92012;200180
"3256";"C25724";"c2-57-24";92012;200180
"3257";"C25731";"c2-57-31";92012;200180
"3258";"C25732";"c2-57-32";92012;200180
"3259";"C25733";"c2-57-33";92012;200180
"3260";"C25734";"c2-57-34";92012;200180
"3261";"C25741";"c2-57-41";92012;200180
"3262";"C25742";"c2-57-42";92012;200180
"3263";"C25743";"c2-57-43";92012;200180
"3264";"C25744";"c2-57-44";92012;200180
"3265";"C25811";"c2-58-11";96012;200180
"3266";"C25812";"c2-58-12";96012;200180
"3267";"C25813";"c2-58-13";96012;200180
"3268";"C25814";"c2-58-14";96012;200180
"3269";"C25821";"c2-58-21";96012;200180
"3270";"C25822";"c2-58-22";96012;200180
"3271";"C25823";"c2-58-23";96012;200180
"3272";"C25824";"c2-58-24";96012;200180
"3273";"C25831";"c2-58-31";96012;200180
"3274";"C25832";"c2-58-32";96012;200180
"3275";"C25833";"c2-58-33";96012;200180
"3276";"C25834";"c2-58-34";96012;200180
"3277";"C25841";"c2-58-41";96012;200180
"3278";"C25842";"c2-58-42";96012;200180
"3279";"C25843";"c2-58-43";96012;200180
"3280";"C25844";"c2-58-44";96012;200180
"3281";"C31111";"c3-11-11";100012;216180
"3282";"C31112";"c3-11-12";100012;216180
"3283";"C31113";"c3-11-13";100012;216180
"3284";"C31114";"c3-11-14";100012;216180
"3285";"C31121";"c3-11-21";100012;216180
"3286";"C31122";"c3-11-22";100012;216180
"3287";"C31123";"c3-11-23";100012;216180
"3288";"C31124";"c3-11-24";100012;216180
"3289";"C31131";"c3-11-31";100012;216180
"3290";"C31132";"c3-11-32";100012;216180
"3291";"C31133";"c3-11-33";100012;216180
"3292";"C31134";"c3-11-34";100012;216180
"3293";"C31141";"c3-11-41";100012;216180
"3294";"C31142";"c3-11-42";100012;216180
"3295";"C31143";"c3-11-43";100012;216180
"3296";"C31144";"c3-11-44";100012;216180
"3297";"C31211";"c3-12-11";104012;216180
"3298";"C31212";"c3-12-12";104012;216180
"3299";"C31213";"c3-12-13";104012;216180
"3300";"C31214";"c3-12-14";104012;216180
"3301";"C31221";"c3-12-21";104012;216180
"3302";"C31222";"c3-12-22";104012;216180
"3303";"C31223";"c3-12-23";104012;216180
"3304";"C31224";"c3-12-24";104012;216180
"3305";"C31231";"c3-12-31";104012;216180
"3306";"C31232";"c3-12-32";104012;216180
"3307";"C31233";"c3-12-33";104012;216180
"3308";"C31234";"c3-12-34";104012;216180
"3309";"C31241";"c3-12-41";104012;216180
"3310";"C31242";"c3-12-42";104012;216180
"3311";"C31243";"c3-12-43";104012;216180
"3312";"C31244";"c3-12-44";104012;216180
"3313";"C31311";"c3-13-11";108012;216180
"3314";"C31312";"c3-13-12";108012;216180
"3315";"C31313";"c3-13-13";108012;216180
"3316";"C31314";"c3-13-14";108012;216180
"3317";"C31321";"c3-13-21";108012;216180
"3318";"C31322";"c3-13-22";108012;216180
"3319";"C31323";"c3-13-23";108012;216180
"3320";"C31324";"c3-13-24";108012;216180
"3321";"C31331";"c3-13-31";108012;216180
"3322";"C31332";"c3-13-32";108012;216180
"3323";"C31333";"c3-13-33";108012;216180
"3324";"C31334";"c3-13-34";108012;216180
"3325";"C31341";"c3-13-41";108012;216180
"3326";"C31342";"c3-13-42";108012;216180
"3327";"C31343";"c3-13-43";108012;216180
"3328";"C31344";"c3-13-44";108012;216180
"3329";"C31711";"c3-17-11";124012;216180
"3330";"C31712";"c3-17-12";124012;216180
"3331";"C31713";"c3-17-13";124012;216180
"3332";"C31714";"c3-17-14";124012;216180
"3333";"C31721";"c3-17-21";124012;216180
"3334";"C31722";"c3-17-22";124012;216180
"3335";"C31723";"c3-17-23";124012;216180
"3336";"C31724";"c3-17-24";124012;216180
"3337";"C31731";"c3-17-31";124012;216180
"3338";"C31732";"c3-17-32";124012;216180
"3339";"C31733";"c3-17-33";124012;216180
"3340";"C31734";"c3-17-34";124012;216180
"3341";"C31741";"c3-17-41";124012;216180
"3342";"C31742";"c3-17-42";124012;216180
"3343";"C31743";"c3-17-43";124012;216180
"3344";"C31744";"c3-17-44";124012;216180
"3345";"C31811";"c3-18-11";128012;216180
"3346";"C31812";"c3-18-12";128012;216180
"3347";"C31813";"c3-18-13";128012;216180
"3348";"C31814";"c3-18-14";128012;216180
"3349";"C31821";"c3-18-21";128012;216180
"3350";"C31822";"c3-18-22";128012;216180
"3351";"C31823";"c3-18-23";128012;216180
"3352";"C31824";"c3-18-24";128012;216180
"3353";"C31831";"c3-18-31";128012;216180
"3354";"C31832";"c3-18-32";128012;216180
"3355";"C31833";"c3-18-33";128012;216180
"3356";"C31834";"c3-18-34";128012;216180
"3357";"C31841";"c3-18-41";128012;216180
"3358";"C31842";"c3-18-42";128012;216180
"3359";"C31843";"c3-18-43";128012;216180
"3360";"C31844";"c3-18-44";128012;216180
"3361";"C32111";"c3-21-11";100012;212180
"3362";"C32112";"c3-21-12";100012;212180
"3363";"C32113";"c3-21-13";100012;212180
"3364";"C32114";"c3-21-14";100012;212180
"3365";"C32121";"c3-21-21";100012;212180
"3366";"C32122";"c3-21-22";100012;212180
"3367";"C32123";"c3-21-23";100012;212180
"3368";"C32124";"c3-21-24";100012;212180
"3369";"C32131";"c3-21-31";100012;212180
"3370";"C32132";"c3-21-32";100012;212180
"3371";"C32133";"c3-21-33";100012;212180
"3372";"C32134";"c3-21-34";100012;212180
"3373";"C32141";"c3-21-41";100012;212180
"3374";"C32142";"c3-21-42";100012;212180
"3375";"C32143";"c3-21-43";100012;212180
"3376";"C32144";"c3-21-44";100012;212180
"3377";"C32211";"c3-22-11";104012;212180
"3378";"C32212";"c3-22-12";104012;212180
"3379";"C32213";"c3-22-13";104012;212180
"3380";"C32214";"c3-22-14";104012;212180
"3381";"C32221";"c3-22-21";104012;212180
"3382";"C32222";"c3-22-22";104012;212180
"3383";"C32223";"c3-22-23";104012;212180
"3384";"C32224";"c3-22-24";104012;212180
"3385";"C32231";"c3-22-31";104012;212180
"3386";"C32232";"c3-22-32";104012;212180
"3387";"C32233";"c3-22-33";104012;212180
"3388";"C32234";"c3-22-34";104012;212180
"3389";"C32241";"c3-22-41";104012;212180
"3390";"C32242";"c3-22-42";104012;212180
"3391";"C32243";"c3-22-43";104012;212180
"3392";"C32244";"c3-22-44";104012;212180
"3393";"C32311";"c3-23-11";108012;212180
"3394";"C32312";"c3-23-12";108012;212180
"3395";"C32313";"c3-23-13";108012;212180
"3396";"C32314";"c3-23-14";108012;212180
"3397";"C32321";"c3-23-21";108012;212180
"3398";"C32322";"c3-23-22";108012;212180
"3399";"C32323";"c3-23-23";108012;212180
"3400";"C32324";"c3-23-24";108012;212180
"3401";"C32331";"c3-23-31";108012;212180
"3402";"C32332";"c3-23-32";108012;212180
"3403";"C32333";"c3-23-33";108012;212180
"3404";"C32334";"c3-23-34";108012;212180
"3405";"C32341";"c3-23-41";108012;212180
"3406";"C32342";"c3-23-42";108012;212180
"3407";"C32343";"c3-23-43";108012;212180
"3408";"C32344";"c3-23-44";108012;212180
"3409";"C32411";"c3-24-11";112012;212180
"3410";"C32412";"c3-24-12";112012;212180
"3411";"C32413";"c3-24-13";112012;212180
"3412";"C32414";"c3-24-14";112012;212180
"3413";"C32421";"c3-24-21";112012;212180
"3414";"C32422";"c3-24-22";112012;212180
"3415";"C32423";"c3-24-23";112012;212180
"3416";"C32424";"c3-24-24";112012;212180
"3417";"C32431";"c3-24-31";112012;212180
"3418";"C32432";"c3-24-32";112012;212180
"3419";"C32433";"c3-24-33";112012;212180
"3420";"C32434";"c3-24-34";112012;212180
"3421";"C32441";"c3-24-41";112012;212180
"3422";"C32442";"c3-24-42";112012;212180
"3423";"C32443";"c3-24-43";112012;212180
"3424";"C32444";"c3-24-44";112012;212180
"3425";"C32511";"c3-25-11";116012;212180
"3426";"C32512";"c3-25-12";116012;212180
"3427";"C32513";"c3-25-13";116012;212180
"3428";"C32514";"c3-25-14";116012;212180
"3429";"C32521";"c3-25-21";116012;212180
"3430";"C32522";"c3-25-22";116012;212180
"3431";"C32523";"c3-25-23";116012;212180
"3432";"C32524";"c3-25-24";116012;212180
"3433";"C32531";"c3-25-31";116012;212180
"3434";"C32532";"c3-25-32";116012;212180
"3435";"C32533";"c3-25-33";116012;212180
"3436";"C32534";"c3-25-34";116012;212180
"3437";"C32541";"c3-25-41";116012;212180
"3438";"C32542";"c3-25-42";116012;212180
"3439";"C32543";"c3-25-43";116012;212180
"3440";"C32544";"c3-25-44";116012;212180
"3441";"C32611";"c3-26-11";120012;212180
"3442";"C32612";"c3-26-12";120012;212180
"3443";"C32613";"c3-26-13";120012;212180
"3444";"C32614";"c3-26-14";120012;212180
"3445";"C32621";"c3-26-21";120012;212180
"3446";"C32622";"c3-26-22";120012;212180
"3447";"C32623";"c3-26-23";120012;212180
"3448";"C32624";"c3-26-24";120012;212180
"3449";"C32631";"c3-26-31";120012;212180
"3450";"C32632";"c3-26-32";120012;212180
"3451";"C32633";"c3-26-33";120012;212180
"3452";"C32634";"c3-26-34";120012;212180
"3453";"C32641";"c3-26-41";120012;212180
"3454";"C32642";"c3-26-42";120012;212180
"3455";"C32643";"c3-26-43";120012;212180
"3456";"C32644";"c3-26-44";120012;212180
"3457";"C32711";"c3-27-11";124012;212180
"3458";"C32712";"c3-27-12";124012;212180
"3459";"C32713";"c3-27-13";124012;212180
"3460";"C32714";"c3-27-14";124012;212180
"3461";"C32721";"c3-27-21";124012;212180
"3462";"C32722";"c3-27-22";124012;212180
"3463";"C32723";"c3-27-23";124012;212180
"3464";"C32724";"c3-27-24";124012;212180
"3465";"C32731";"c3-27-31";124012;212180
"3466";"C32732";"c3-27-32";124012;212180
"3467";"C32733";"c3-27-33";124012;212180
"3468";"C32734";"c3-27-34";124012;212180
"3469";"C32741";"c3-27-41";124012;212180
"3470";"C32742";"c3-27-42";124012;212180
"3471";"C32743";"c3-27-43";124012;212180
"3472";"C32744";"c3-27-44";124012;212180
"3473";"C32811";"c3-28-11";128012;212180
"3474";"C32812";"c3-28-12";128012;212180
"3475";"C32813";"c3-28-13";128012;212180
"3476";"C32814";"c3-28-14";128012;212180
"3477";"C32821";"c3-28-21";128012;212180
"3478";"C32822";"c3-28-22";128012;212180
"3479";"C32823";"c3-28-23";128012;212180
"3480";"C32824";"c3-28-24";128012;212180
"3481";"C32831";"c3-28-31";128012;212180
"3482";"C32832";"c3-28-32";128012;212180
"3483";"C32833";"c3-28-33";128012;212180
"3484";"C32834";"c3-28-34";128012;212180
"3485";"C32841";"c3-28-41";128012;212180
"3486";"C32842";"c3-28-42";128012;212180
"3487";"C32843";"c3-28-43";128012;212180
"3488";"C32844";"c3-28-44";128012;212180
"3489";"C33111";"c3-31-11";100012;208180
"3490";"C33112";"c3-31-12";100012;208180
"3491";"C33113";"c3-31-13";100012;208180
"3492";"C33114";"c3-31-14";100012;208180
"3493";"C33121";"c3-31-21";100012;208180
"3494";"C33122";"c3-31-22";100012;208180
"3495";"C33123";"c3-31-23";100012;208180
"3496";"C33124";"c3-31-24";100012;208180
"3497";"C33131";"c3-31-31";100012;208180
"3498";"C33132";"c3-31-32";100012;208180
"3499";"C33133";"c3-31-33";100012;208180
"3500";"C33134";"c3-31-34";100012;208180
"3501";"C33141";"c3-31-41";100012;208180
"3502";"C33142";"c3-31-42";100012;208180
"3503";"C33143";"c3-31-43";100012;208180
"3504";"C33144";"c3-31-44";100012;208180
"3505";"C33211";"c3-32-11";104012;208180
"3506";"C33212";"c3-32-12";104012;208180
"3507";"C33213";"c3-32-13";104012;208180
"3508";"C33214";"c3-32-14";104012;208180
"3509";"C33221";"c3-32-21";104012;208180
"3510";"C33222";"c3-32-22";104012;208180
"3511";"C33223";"c3-32-23";104012;208180
"3512";"C33224";"c3-32-24";104012;208180
"3513";"C33231";"c3-32-31";104012;208180
"3514";"C33232";"c3-32-32";104012;208180
"3515";"C33233";"c3-32-33";104012;208180
"3516";"C33234";"c3-32-34";104012;208180
"3517";"C33241";"c3-32-41";104012;208180
"3518";"C33242";"c3-32-42";104012;208180
"3519";"C33243";"c3-32-43";104012;208180
"3520";"C33244";"c3-32-44";104012;208180
"3521";"C33311";"c3-33-11";108012;208180
"3522";"C33312";"c3-33-12";108012;208180
"3523";"C33313";"c3-33-13";108012;208180
"3524";"C33314";"c3-33-14";108012;208180
"3525";"C33321";"c3-33-21";108012;208180
"3526";"C33322";"c3-33-22";108012;208180
"3527";"C33323";"c3-33-23";108012;208180
"3528";"C33324";"c3-33-24";108012;208180
"3529";"C33331";"c3-33-31";108012;208180
"3530";"C33332";"c3-33-32";108012;208180
"3531";"C33333";"c3-33-33";108012;208180
"3532";"C33334";"c3-33-34";108012;208180
"3533";"C33341";"c3-33-41";108012;208180
"3534";"C33342";"c3-33-42";108012;208180
"3535";"C33343";"c3-33-43";108012;208180
"3536";"C33344";"c3-33-44";108012;208180
"3537";"C33411";"c3-34-11";112012;208180
"3538";"C33412";"c3-34-12";112012;208180
"3539";"C33413";"c3-34-13";112012;208180
"3540";"C33414";"c3-34-14";112012;208180
"3541";"C33421";"c3-34-21";112012;208180
"3542";"C33422";"c3-34-22";112012;208180
"3543";"C33423";"c3-34-23";112012;208180
"3544";"C33424";"c3-34-24";112012;208180
"3545";"C33431";"c3-34-31";112012;208180
"3546";"C33432";"c3-34-32";112012;208180
"3547";"C33433";"c3-34-33";112012;208180
"3548";"C33434";"c3-34-34";112012;208180
"3549";"C33441";"c3-34-41";112012;208180
"3550";"C33442";"c3-34-42";112012;208180
"3551";"C33443";"c3-34-43";112012;208180
"3552";"C33444";"c3-34-44";112012;208180
"3553";"C33511";"c3-35-11";116012;208180
"3554";"C33512";"c3-35-12";116012;208180
"3555";"C33513";"c3-35-13";116012;208180
"3556";"C33514";"c3-35-14";116012;208180
"3557";"C33521";"c3-35-21";116012;208180
"3558";"C33522";"c3-35-22";116012;208180
"3559";"C33523";"c3-35-23";116012;208180
"3560";"C33524";"c3-35-24";116012;208180
"3561";"C33531";"c3-35-31";116012;208180
"3562";"C33532";"c3-35-32";116012;208180
"3563";"C33533";"c3-35-33";116012;208180
"3564";"C33534";"c3-35-34";116012;208180
"3565";"C33541";"c3-35-41";116012;208180
"3566";"C33542";"c3-35-42";116012;208180
"3567";"C33543";"c3-35-43";116012;208180
"3568";"C33544";"c3-35-44";116012;208180
"3569";"C33611";"c3-36-11";120012;208180
"3570";"C33612";"c3-36-12";120012;208180
"3571";"C33613";"c3-36-13";120012;208180
"3572";"C33614";"c3-36-14";120012;208180
"3573";"C33621";"c3-36-21";120012;208180
"3574";"C33622";"c3-36-22";120012;208180
"3575";"C33623";"c3-36-23";120012;208180
"3576";"C33624";"c3-36-24";120012;208180
"3577";"C33631";"c3-36-31";120012;208180
"3578";"C33632";"c3-36-32";120012;208180
"3579";"C33633";"c3-36-33";120012;208180
"3580";"C33634";"c3-36-34";120012;208180
"3581";"C33641";"c3-36-41";120012;208180
"3582";"C33642";"c3-36-42";120012;208180
"3583";"C33643";"c3-36-43";120012;208180
"3584";"C33644";"c3-36-44";120012;208180
"3585";"C33711";"c3-37-11";124012;208180
"3586";"C33712";"c3-37-12";124012;208180
"3587";"C33713";"c3-37-13";124012;208180
"3588";"C33714";"c3-37-14";124012;208180
"3589";"C33721";"c3-37-21";124012;208180
"3590";"C33722";"c3-37-22";124012;208180
"3591";"C33723";"c3-37-23";124012;208180
"3592";"C33724";"c3-37-24";124012;208180
"3593";"C33731";"c3-37-31";124012;208180
"3594";"C33732";"c3-37-32";124012;208180
"3595";"C33733";"c3-37-33";124012;208180
"3596";"C33734";"c3-37-34";124012;208180
"3597";"C33741";"c3-37-41";124012;208180
"3598";"C33742";"c3-37-42";124012;208180
"3599";"C33743";"c3-37-43";124012;208180
"3600";"C33744";"c3-37-44";124012;208180
"3601";"C33811";"c3-38-11";128012;208180
"3602";"C33812";"c3-38-12";128012;208180
"3603";"C33813";"c3-38-13";128012;208180
"3604";"C33814";"c3-38-14";128012;208180
"3605";"C33821";"c3-38-21";128012;208180
"3606";"C33822";"c3-38-22";128012;208180
"3607";"C33823";"c3-38-23";128012;208180
"3608";"C33824";"c3-38-24";128012;208180
"3609";"C33831";"c3-38-31";128012;208180
"3610";"C33832";"c3-38-32";128012;208180
"3611";"C33833";"c3-38-33";128012;208180
"3612";"C33834";"c3-38-34";128012;208180
"3613";"C33841";"c3-38-41";128012;208180
"3614";"C33842";"c3-38-42";128012;208180
"3615";"C33843";"c3-38-43";128012;208180
"3616";"C33844";"c3-38-44";128012;208180
"3617";"C34111";"c3-41-11";100012;204180
"3618";"C34112";"c3-41-12";100012;204180
"3619";"C34113";"c3-41-13";100012;204180
"3620";"C34114";"c3-41-14";100012;204180
"3621";"C34121";"c3-41-21";100012;204180
"3622";"C34122";"c3-41-22";100012;204180
"3623";"C34123";"c3-41-23";100012;204180
"3624";"C34124";"c3-41-24";100012;204180
"3625";"C34131";"c3-41-31";100012;204180
"3626";"C34132";"c3-41-32";100012;204180
"3627";"C34133";"c3-41-33";100012;204180
"3628";"C34134";"c3-41-34";100012;204180
"3629";"C34141";"c3-41-41";100012;204180
"3630";"C34142";"c3-41-42";100012;204180
"3631";"C34143";"c3-41-43";100012;204180
"3632";"C34144";"c3-41-44";100012;204180
"3633";"C34211";"c3-42-11";104012;204180
"3634";"C34212";"c3-42-12";104012;204180
"3635";"C34213";"c3-42-13";104012;204180
"3636";"C34214";"c3-42-14";104012;204180
"3637";"C34221";"c3-42-21";104012;204180
"3638";"C34222";"c3-42-22";104012;204180
"3639";"C34223";"c3-42-23";104012;204180
"3640";"C34224";"c3-42-24";104012;204180
"3641";"C34231";"c3-42-31";104012;204180
"3642";"C34232";"c3-42-32";104012;204180
"3643";"C34233";"c3-42-33";104012;204180
"3644";"C34234";"c3-42-34";104012;204180
"3645";"C34241";"c3-42-41";104012;204180
"3646";"C34242";"c3-42-42";104012;204180
"3647";"C34243";"c3-42-43";104012;204180
"3648";"C34244";"c3-42-44";104012;204180
"3649";"C34311";"c3-43-11";108012;204180
"3650";"C34312";"c3-43-12";108012;204180
"3651";"C34313";"c3-43-13";108012;204180
"3652";"C34314";"c3-43-14";108012;204180
"3653";"C34321";"c3-43-21";108012;204180
"3654";"C34322";"c3-43-22";108012;204180
"3655";"C34323";"c3-43-23";108012;204180
"3656";"C34324";"c3-43-24";108012;204180
"3657";"C34331";"c3-43-31";108012;204180
"3658";"C34332";"c3-43-32";108012;204180
"3659";"C34333";"c3-43-33";108012;204180
"3660";"C34334";"c3-43-34";108012;204180
"3661";"C34341";"c3-43-41";108012;204180
"3662";"C34342";"c3-43-42";108012;204180
"3663";"C34343";"c3-43-43";108012;204180
"3664";"C34344";"c3-43-44";108012;204180
"3665";"C34411";"c3-44-11";112012;204180
"3666";"C34412";"c3-44-12";112012;204180
"3667";"C34413";"c3-44-13";112012;204180
"3668";"C34414";"c3-44-14";112012;204180
"3669";"C34421";"c3-44-21";112012;204180
"3670";"C34422";"c3-44-22";112012;204180
"3671";"C34423";"c3-44-23";112012;204180
"3672";"C34424";"c3-44-24";112012;204180
"3673";"C34431";"c3-44-31";112012;204180
"3674";"C34432";"c3-44-32";112012;204180
"3675";"C34433";"c3-44-33";112012;204180
"3676";"C34434";"c3-44-34";112012;204180
"3677";"C34441";"c3-44-41";112012;204180
"3678";"C34442";"c3-44-42";112012;204180
"3679";"C34443";"c3-44-43";112012;204180
"3680";"C34444";"c3-44-44";112012;204180
"3681";"C34511";"c3-45-11";116012;204180
"3682";"C34512";"c3-45-12";116012;204180
"3683";"C34513";"c3-45-13";116012;204180
"3684";"C34514";"c3-45-14";116012;204180
"3685";"C34521";"c3-45-21";116012;204180
"3686";"C34522";"c3-45-22";116012;204180
"3687";"C34523";"c3-45-23";116012;204180
"3688";"C34524";"c3-45-24";116012;204180
"3689";"C34531";"c3-45-31";116012;204180
"3690";"C34532";"c3-45-32";116012;204180
"3691";"C34533";"c3-45-33";116012;204180
"3692";"C34534";"c3-45-34";116012;204180
"3693";"C34541";"c3-45-41";116012;204180
"3694";"C34542";"c3-45-42";116012;204180
"3695";"C34543";"c3-45-43";116012;204180
"3696";"C34544";"c3-45-44";116012;204180
"3697";"C34611";"c3-46-11";120012;204180
"3698";"C34612";"c3-46-12";120012;204180
"3699";"C34613";"c3-46-13";120012;204180
"3700";"C34614";"c3-46-14";120012;204180
"3701";"C34621";"c3-46-21";120012;204180
"3702";"C34622";"c3-46-22";120012;204180
"3703";"C34623";"c3-46-23";120012;204180
"3704";"C34624";"c3-46-24";120012;204180
"3705";"C34631";"c3-46-31";120012;204180
"3706";"C34632";"c3-46-32";120012;204180
"3707";"C34633";"c3-46-33";120012;204180
"3708";"C34634";"c3-46-34";120012;204180
"3709";"C34641";"c3-46-41";120012;204180
"3710";"C34642";"c3-46-42";120012;204180
"3711";"C34643";"c3-46-43";120012;204180
"3712";"C34644";"c3-46-44";120012;204180
"3713";"C34711";"c3-47-11";124012;204180
"3714";"C34712";"c3-47-12";124012;204180
"3715";"C34713";"c3-47-13";124012;204180
"3716";"C34714";"c3-47-14";124012;204180
"3717";"C34721";"c3-47-21";124012;204180
"3718";"C34722";"c3-47-22";124012;204180
"3719";"C34723";"c3-47-23";124012;204180
"3720";"C34724";"c3-47-24";124012;204180
"3721";"C34731";"c3-47-31";124012;204180
"3722";"C34732";"c3-47-32";124012;204180
"3723";"C34733";"c3-47-33";124012;204180
"3724";"C34734";"c3-47-34";124012;204180
"3725";"C34741";"c3-47-41";124012;204180
"3726";"C34742";"c3-47-42";124012;204180
"3727";"C34743";"c3-47-43";124012;204180
"3728";"C34744";"c3-47-44";124012;204180
"3729";"C34811";"c3-48-11";128012;204180
"3730";"C34812";"c3-48-12";128012;204180
"3731";"C34813";"c3-48-13";128012;204180
"3732";"C34814";"c3-48-14";128012;204180
"3733";"C34821";"c3-48-21";128012;204180
"3734";"C34822";"c3-48-22";128012;204180
"3735";"C34823";"c3-48-23";128012;204180
"3736";"C34824";"c3-48-24";128012;204180
"3737";"C34831";"c3-48-31";128012;204180
"3738";"C34832";"c3-48-32";128012;204180
"3739";"C34833";"c3-48-33";128012;204180
"3740";"C34834";"c3-48-34";128012;204180
"3741";"C34841";"c3-48-41";128012;204180
"3742";"C34842";"c3-48-42";128012;204180
"3743";"C34843";"c3-48-43";128012;204180
"3744";"C34844";"c3-48-44";128012;204180
"3745";"C35111";"c3-51-11";100012;200180
"3746";"C35112";"c3-51-12";100012;200180
"3747";"C35113";"c3-51-13";100012;200180
"3748";"C35114";"c3-51-14";100012;200180
"3749";"C35121";"c3-51-21";100012;200180
"3750";"C35122";"c3-51-22";100012;200180
"3751";"C35123";"c3-51-23";100012;200180
"3752";"C35124";"c3-51-24";100012;200180
"3753";"C35131";"c3-51-31";100012;200180
"3754";"C35132";"c3-51-32";100012;200180
"3755";"C35133";"c3-51-33";100012;200180
"3756";"C35134";"c3-51-34";100012;200180
"3757";"C35141";"c3-51-41";100012;200180
"3758";"C35142";"c3-51-42";100012;200180
"3759";"C35143";"c3-51-43";100012;200180
"3760";"C35144";"c3-51-44";100012;200180
"3761";"C35211";"c3-52-11";104012;200180
"3762";"C35212";"c3-52-12";104012;200180
"3763";"C35213";"c3-52-13";104012;200180
"3764";"C35214";"c3-52-14";104012;200180
"3765";"C35221";"c3-52-21";104012;200180
"3766";"C35222";"c3-52-22";104012;200180
"3767";"C35223";"c3-52-23";104012;200180
"3768";"C35224";"c3-52-24";104012;200180
"3769";"C35231";"c3-52-31";104012;200180
"3770";"C35232";"c3-52-32";104012;200180
"3771";"C35233";"c3-52-33";104012;200180
"3772";"C35234";"c3-52-34";104012;200180
"3773";"C35241";"c3-52-41";104012;200180
"3774";"C35242";"c3-52-42";104012;200180
"3775";"C35243";"c3-52-43";104012;200180
"3776";"C35244";"c3-52-44";104012;200180
"3777";"C35311";"c3-53-11";108012;200180
"3778";"C35312";"c3-53-12";108012;200180
"3779";"C35313";"c3-53-13";108012;200180
"3780";"C35314";"c3-53-14";108012;200180
"3781";"C35321";"c3-53-21";108012;200180
"3782";"C35322";"c3-53-22";108012;200180
"3783";"C35323";"c3-53-23";108012;200180
"3784";"C35324";"c3-53-24";108012;200180
"3785";"C35331";"c3-53-31";108012;200180
"3786";"C35332";"c3-53-32";108012;200180
"3787";"C35333";"c3-53-33";108012;200180
"3788";"C35334";"c3-53-34";108012;200180
"3789";"C35341";"c3-53-41";108012;200180
"3790";"C35342";"c3-53-42";108012;200180
"3791";"C35343";"c3-53-43";108012;200180
"3792";"C35344";"c3-53-44";108012;200180
"3793";"C35411";"c3-54-11";112012;200180
"3794";"C35412";"c3-54-12";112012;200180
"3795";"C35413";"c3-54-13";112012;200180
"3796";"C35414";"c3-54-14";112012;200180
"3797";"C35421";"c3-54-21";112012;200180
"3798";"C35422";"c3-54-22";112012;200180
"3799";"C35423";"c3-54-23";112012;200180
"3800";"C35424";"c3-54-24";112012;200180
"3801";"C35431";"c3-54-31";112012;200180
"3802";"C35432";"c3-54-32";112012;200180
"3803";"C35433";"c3-54-33";112012;200180
"3804";"C35434";"c3-54-34";112012;200180
"3805";"C35441";"c3-54-41";112012;200180
"3806";"C35442";"c3-54-42";112012;200180
"3807";"C35443";"c3-54-43";112012;200180
"3808";"C35444";"c3-54-44";112012;200180
"3809";"C35511";"c3-55-11";116012;200180
"3810";"C35512";"c3-55-12";116012;200180
"3811";"C35513";"c3-55-13";116012;200180
"3812";"C35514";"c3-55-14";116012;200180
"3813";"C35521";"c3-55-21";116012;200180
"3814";"C35522";"c3-55-22";116012;200180
"3815";"C35523";"c3-55-23";116012;200180
"3816";"C35524";"c3-55-24";116012;200180
"3817";"C35531";"c3-55-31";116012;200180
"3818";"C35532";"c3-55-32";116012;200180
"3819";"C35533";"c3-55-33";116012;200180
"3820";"C35534";"c3-55-34";116012;200180
"3821";"C35541";"c3-55-41";116012;200180
"3822";"C35542";"c3-55-42";116012;200180
"3823";"C35543";"c3-55-43";116012;200180
"3824";"C35544";"c3-55-44";116012;200180
"3825";"C35611";"c3-56-11";120012;200180
"3826";"C35612";"c3-56-12";120012;200180
"3827";"C35613";"c3-56-13";120012;200180
"3828";"C35614";"c3-56-14";120012;200180
"3829";"C35621";"c3-56-21";120012;200180
"3830";"C35622";"c3-56-22";120012;200180
"3831";"C35623";"c3-56-23";120012;200180
"3832";"C35624";"c3-56-24";120012;200180
"3833";"C35631";"c3-56-31";120012;200180
"3834";"C35632";"c3-56-32";120012;200180
"3835";"C35633";"c3-56-33";120012;200180
"3836";"C35634";"c3-56-34";120012;200180
"3837";"C35641";"c3-56-41";120012;200180
"3838";"C35642";"c3-56-42";120012;200180
"3839";"C35643";"c3-56-43";120012;200180
"3840";"C35644";"c3-56-44";120012;200180
"3841";"C35711";"c3-57-11";124012;200180
"3842";"C35712";"c3-57-12";124012;200180
"3843";"C35713";"c3-57-13";124012;200180
"3844";"C35714";"c3-57-14";124012;200180
"3845";"C35721";"c3-57-21";124012;200180
"3846";"C35722";"c3-57-22";124012;200180
"3847";"C35723";"c3-57-23";124012;200180
"3848";"C35724";"c3-57-24";124012;200180
"3849";"C35731";"c3-57-31";124012;200180
"3850";"C35732";"c3-57-32";124012;200180
"3851";"C35733";"c3-57-33";124012;200180
"3852";"C35734";"c3-57-34";124012;200180
"3853";"C35741";"c3-57-41";124012;200180
"3854";"C35742";"c3-57-42";124012;200180
"3855";"C35743";"c3-57-43";124012;200180
"3856";"C35744";"c3-57-44";124012;200180
"3857";"C35811";"c3-58-11";128012;200180
"3858";"C35812";"c3-58-12";128012;200180
"3859";"C35813";"c3-58-13";128012;200180
"3860";"C35814";"c3-58-14";128012;200180
"3861";"C35821";"c3-58-21";128012;200180
"3862";"C35822";"c3-58-22";128012;200180
"3863";"C35823";"c3-58-23";128012;200180
"3864";"C35824";"c3-58-24";128012;200180
"3865";"C35831";"c3-58-31";128012;200180
"3866";"C35832";"c3-58-32";128012;200180
"3867";"C35833";"c3-58-33";128012;200180
"3868";"C35834";"c3-58-34";128012;200180
"3869";"C35841";"c3-58-41";128012;200180
"3870";"C35842";"c3-58-42";128012;200180
"3871";"C35843";"c3-58-43";128012;200180
"3872";"C35844";"c3-58-44";128012;200180
"3873";"C41111";"c4-11-11";132012;216180
"3874";"C41112";"c4-11-12";132012;216180
"3875";"C41113";"c4-11-13";132012;216180
"3876";"C41114";"c4-11-14";132012;216180
"3877";"C41121";"c4-11-21";132012;216180
"3878";"C41122";"c4-11-22";132012;216180
"3879";"C41123";"c4-11-23";132012;216180
"3880";"C41124";"c4-11-24";132012;216180
"3881";"C41131";"c4-11-31";132012;216180
"3882";"C41132";"c4-11-32";132012;216180
"3883";"C41133";"c4-11-33";132012;216180
"3884";"C41134";"c4-11-34";132012;216180
"3885";"C41141";"c4-11-41";132012;216180
"3886";"C41142";"c4-11-42";132012;216180
"3887";"C41143";"c4-11-43";132012;216180
"3888";"C41144";"c4-11-44";132012;216180
"3889";"C41211";"c4-12-11";136012;216180
"3890";"C41212";"c4-12-12";136012;216180
"3891";"C41213";"c4-12-13";136012;216180
"3892";"C41214";"c4-12-14";136012;216180
"3893";"C41221";"c4-12-21";136012;216180
"3894";"C41222";"c4-12-22";136012;216180
"3895";"C41223";"c4-12-23";136012;216180
"3896";"C41224";"c4-12-24";136012;216180
"3897";"C41231";"c4-12-31";136012;216180
"3898";"C41232";"c4-12-32";136012;216180
"3899";"C41233";"c4-12-33";136012;216180
"3900";"C41234";"c4-12-34";136012;216180
"3901";"C41241";"c4-12-41";136012;216180
"3902";"C41242";"c4-12-42";136012;216180
"3903";"C41243";"c4-12-43";136012;216180
"3904";"C41244";"c4-12-44";136012;216180
"3905";"C41311";"c4-13-11";140012;216180
"3906";"C41312";"c4-13-12";140012;216180
"3907";"C41313";"c4-13-13";140012;216180
"3908";"C41314";"c4-13-14";140012;216180
"3909";"C41321";"c4-13-21";140012;216180
"3910";"C41322";"c4-13-22";140012;216180
"3911";"C41323";"c4-13-23";140012;216180
"3912";"C41324";"c4-13-24";140012;216180
"3913";"C41331";"c4-13-31";140012;216180
"3914";"C41332";"c4-13-32";140012;216180
"3915";"C41333";"c4-13-33";140012;216180
"3916";"C41334";"c4-13-34";140012;216180
"3917";"C41341";"c4-13-41";140012;216180
"3918";"C41342";"c4-13-42";140012;216180
"3919";"C41343";"c4-13-43";140012;216180
"3920";"C41344";"c4-13-44";140012;216180
"3921";"C41411";"c4-14-11";144012;216180
"3922";"C41412";"c4-14-12";144012;216180
"3923";"C41413";"c4-14-13";144012;216180
"3924";"C41414";"c4-14-14";144012;216180
"3925";"C41421";"c4-14-21";144012;216180
"3926";"C41422";"c4-14-22";144012;216180
"3927";"C41423";"c4-14-23";144012;216180
"3928";"C41424";"c4-14-24";144012;216180
"3929";"C41431";"c4-14-31";144012;216180
"3930";"C41432";"c4-14-32";144012;216180
"3931";"C41433";"c4-14-33";144012;216180
"3932";"C41434";"c4-14-34";144012;216180
"3933";"C41441";"c4-14-41";144012;216180
"3934";"C41442";"c4-14-42";144012;216180
"3935";"C41443";"c4-14-43";144012;216180
"3936";"C41444";"c4-14-44";144012;216180
"3937";"C41511";"c4-15-11";148012;216180
"3938";"C41512";"c4-15-12";148012;216180
"3939";"C41513";"c4-15-13";148012;216180
"3940";"C41514";"c4-15-14";148012;216180
"3941";"C41521";"c4-15-21";148012;216180
"3942";"C41522";"c4-15-22";148012;216180
"3943";"C41523";"c4-15-23";148012;216180
"3944";"C41524";"c4-15-24";148012;216180
"3945";"C41531";"c4-15-31";148012;216180
"3946";"C41532";"c4-15-32";148012;216180
"3947";"C41533";"c4-15-33";148012;216180
"3948";"C41534";"c4-15-34";148012;216180
"3949";"C41541";"c4-15-41";148012;216180
"3950";"C41542";"c4-15-42";148012;216180
"3951";"C41543";"c4-15-43";148012;216180
"3952";"C41544";"c4-15-44";148012;216180
"3953";"C41611";"c4-16-11";152012;216180
"3954";"C41612";"c4-16-12";152012;216180
"3955";"C41613";"c4-16-13";152012;216180
"3956";"C41614";"c4-16-14";152012;216180
"3957";"C41621";"c4-16-21";152012;216180
"3958";"C41622";"c4-16-22";152012;216180
"3959";"C41623";"c4-16-23";152012;216180
"3960";"C41624";"c4-16-24";152012;216180
"3961";"C41631";"c4-16-31";152012;216180
"3962";"C41632";"c4-16-32";152012;216180
"3963";"C41633";"c4-16-33";152012;216180
"3964";"C41634";"c4-16-34";152012;216180
"3965";"C41641";"c4-16-41";152012;216180
"3966";"C41642";"c4-16-42";152012;216180
"3967";"C41643";"c4-16-43";152012;216180
"3968";"C41644";"c4-16-44";152012;216180
"3969";"C41711";"c4-17-11";156012;216180
"3970";"C41712";"c4-17-12";156012;216180
"3971";"C41713";"c4-17-13";156012;216180
"3972";"C41714";"c4-17-14";156012;216180
"3973";"C41721";"c4-17-21";156012;216180
"3974";"C41722";"c4-17-22";156012;216180
"3975";"C41723";"c4-17-23";156012;216180
"3976";"C41724";"c4-17-24";156012;216180
"3977";"C41731";"c4-17-31";156012;216180
"3978";"C41732";"c4-17-32";156012;216180
"3979";"C41733";"c4-17-33";156012;216180
"3980";"C41734";"c4-17-34";156012;216180
"3981";"C41741";"c4-17-41";156012;216180
"3982";"C41742";"c4-17-42";156012;216180
"3983";"C41743";"c4-17-43";156012;216180
"3984";"C41744";"c4-17-44";156012;216180
"3985";"C41811";"c4-18-11";160012;216180
"3986";"C41812";"c4-18-12";160012;216180
"3987";"C41813";"c4-18-13";160012;216180
"3988";"C41814";"c4-18-14";160012;216180
"3989";"C41821";"c4-18-21";160012;216180
"3990";"C41822";"c4-18-22";160012;216180
"3991";"C41823";"c4-18-23";160012;216180
"3992";"C41824";"c4-18-24";160012;216180
"3993";"C41831";"c4-18-31";160012;216180
"3994";"C41832";"c4-18-32";160012;216180
"3995";"C41833";"c4-18-33";160012;216180
"3996";"C41834";"c4-18-34";160012;216180
"3997";"C41841";"c4-18-41";160012;216180
"3998";"C41842";"c4-18-42";160012;216180
"3999";"C41843";"c4-18-43";160012;216180
"4000";"C41844";"c4-18-44";160012;216180
"4001";"C42111";"c4-21-11";132012;212180
"4002";"C42112";"c4-21-12";132012;212180
"4003";"C42113";"c4-21-13";132012;212180
"4004";"C42114";"c4-21-14";132012;212180
"4005";"C42121";"c4-21-21";132012;212180
"4006";"C42122";"c4-21-22";132012;212180
"4007";"C42123";"c4-21-23";132012;212180
"4008";"C42124";"c4-21-24";132012;212180
"4009";"C42131";"c4-21-31";132012;212180
"4010";"C42132";"c4-21-32";132012;212180
"4011";"C42133";"c4-21-33";132012;212180
"4012";"C42134";"c4-21-34";132012;212180
"4013";"C42141";"c4-21-41";132012;212180
"4014";"C42142";"c4-21-42";132012;212180
"4015";"C42143";"c4-21-43";132012;212180
"4016";"C42144";"c4-21-44";132012;212180
"4017";"C42211";"c4-22-11";136012;212180
"4018";"C42212";"c4-22-12";136012;212180
"4019";"C42213";"c4-22-13";136012;212180
"4020";"C42214";"c4-22-14";136012;212180
"4021";"C42221";"c4-22-21";136012;212180
"4022";"C42222";"c4-22-22";136012;212180
"4023";"C42223";"c4-22-23";136012;212180
"4024";"C42224";"c4-22-24";136012;212180
"4025";"C42231";"c4-22-31";136012;212180
"4026";"C42232";"c4-22-32";136012;212180
"4027";"C42233";"c4-22-33";136012;212180
"4028";"C42234";"c4-22-34";136012;212180
"4029";"C42241";"c4-22-41";136012;212180
"4030";"C42242";"c4-22-42";136012;212180
"4031";"C42243";"c4-22-43";136012;212180
"4032";"C42244";"c4-22-44";136012;212180
"4033";"C42311";"c4-23-11";140012;212180
"4034";"C42312";"c4-23-12";140012;212180
"4035";"C42313";"c4-23-13";140012;212180
"4036";"C42314";"c4-23-14";140012;212180
"4037";"C42321";"c4-23-21";140012;212180
"4038";"C42322";"c4-23-22";140012;212180
"4039";"C42323";"c4-23-23";140012;212180
"4040";"C42324";"c4-23-24";140012;212180
"4041";"C42331";"c4-23-31";140012;212180
"4042";"C42332";"c4-23-32";140012;212180
"4043";"C42333";"c4-23-33";140012;212180
"4044";"C42334";"c4-23-34";140012;212180
"4045";"C42341";"c4-23-41";140012;212180
"4046";"C42342";"c4-23-42";140012;212180
"4047";"C42343";"c4-23-43";140012;212180
"4048";"C42344";"c4-23-44";140012;212180
"4049";"C42411";"c4-24-11";144012;212180
"4050";"C42412";"c4-24-12";144012;212180
"4051";"C42413";"c4-24-13";144012;212180
"4052";"C42414";"c4-24-14";144012;212180
"4053";"C42421";"c4-24-21";144012;212180
"4054";"C42422";"c4-24-22";144012;212180
"4055";"C42423";"c4-24-23";144012;212180
"4056";"C42424";"c4-24-24";144012;212180
"4057";"C42431";"c4-24-31";144012;212180
"4058";"C42432";"c4-24-32";144012;212180
"4059";"C42433";"c4-24-33";144012;212180
"4060";"C42434";"c4-24-34";144012;212180
"4061";"C42441";"c4-24-41";144012;212180
"4062";"C42442";"c4-24-42";144012;212180
"4063";"C42443";"c4-24-43";144012;212180
"4064";"C42444";"c4-24-44";144012;212180
"4065";"C42511";"c4-25-11";148012;212180
"4066";"C42512";"c4-25-12";148012;212180
"4067";"C42513";"c4-25-13";148012;212180
"4068";"C42514";"c4-25-14";148012;212180
"4069";"C42521";"c4-25-21";148012;212180
"4070";"C42522";"c4-25-22";148012;212180
"4071";"C42523";"c4-25-23";148012;212180
"4072";"C42524";"c4-25-24";148012;212180
"4073";"C42531";"c4-25-31";148012;212180
"4074";"C42532";"c4-25-32";148012;212180
"4075";"C42533";"c4-25-33";148012;212180
"4076";"C42534";"c4-25-34";148012;212180
"4077";"C42541";"c4-25-41";148012;212180
"4078";"C42542";"c4-25-42";148012;212180
"4079";"C42543";"c4-25-43";148012;212180
"4080";"C42544";"c4-25-44";148012;212180
"4081";"C42611";"c4-26-11";152012;212180
"4082";"C42612";"c4-26-12";152012;212180
"4083";"C42613";"c4-26-13";152012;212180
"4084";"C42614";"c4-26-14";152012;212180
"4085";"C42621";"c4-26-21";152012;212180
"4086";"C42622";"c4-26-22";152012;212180
"4087";"C42623";"c4-26-23";152012;212180
"4088";"C42624";"c4-26-24";152012;212180
"4089";"C42631";"c4-26-31";152012;212180
"4090";"C42632";"c4-26-32";152012;212180
"4091";"C42633";"c4-26-33";152012;212180
"4092";"C42634";"c4-26-34";152012;212180
"4093";"C42641";"c4-26-41";152012;212180
"4094";"C42642";"c4-26-42";152012;212180
"4095";"C42643";"c4-26-43";152012;212180
"4096";"C42644";"c4-26-44";152012;212180
"4097";"C42711";"c4-27-11";156012;212180
"4098";"C42712";"c4-27-12";156012;212180
"4099";"C42713";"c4-27-13";156012;212180
"4100";"C42714";"c4-27-14";156012;212180
"4101";"C42721";"c4-27-21";156012;212180
"4102";"C42722";"c4-27-22";156012;212180
"4103";"C42723";"c4-27-23";156012;212180
"4104";"C42724";"c4-27-24";156012;212180
"4105";"C42731";"c4-27-31";156012;212180
"4106";"C42732";"c4-27-32";156012;212180
"4107";"C42733";"c4-27-33";156012;212180
"4108";"C42734";"c4-27-34";156012;212180
"4109";"C42741";"c4-27-41";156012;212180
"4110";"C42742";"c4-27-42";156012;212180
"4111";"C42743";"c4-27-43";156012;212180
"4112";"C42744";"c4-27-44";156012;212180
"4113";"C42811";"c4-28-11";160012;212180
"4114";"C42812";"c4-28-12";160012;212180
"4115";"C42813";"c4-28-13";160012;212180
"4116";"C42814";"c4-28-14";160012;212180
"4117";"C42821";"c4-28-21";160012;212180
"4118";"C42822";"c4-28-22";160012;212180
"4119";"C42823";"c4-28-23";160012;212180
"4120";"C42824";"c4-28-24";160012;212180
"4121";"C42831";"c4-28-31";160012;212180
"4122";"C42832";"c4-28-32";160012;212180
"4123";"C42833";"c4-28-33";160012;212180
"4124";"C42834";"c4-28-34";160012;212180
"4125";"C42841";"c4-28-41";160012;212180
"4126";"C42842";"c4-28-42";160012;212180
"4127";"C42843";"c4-28-43";160012;212180
"4128";"C42844";"c4-28-44";160012;212180
"4129";"C43111";"c4-31-11";132012;208180
"4130";"C43112";"c4-31-12";132012;208180
"4131";"C43113";"c4-31-13";132012;208180
"4132";"C43114";"c4-31-14";132012;208180
"4133";"C43121";"c4-31-21";132012;208180
"4134";"C43122";"c4-31-22";132012;208180
"4135";"C43123";"c4-31-23";132012;208180
"4136";"C43124";"c4-31-24";132012;208180
"4137";"C43131";"c4-31-31";132012;208180
"4138";"C43132";"c4-31-32";132012;208180
"4139";"C43133";"c4-31-33";132012;208180
"4140";"C43134";"c4-31-34";132012;208180
"4141";"C43141";"c4-31-41";132012;208180
"4142";"C43142";"c4-31-42";132012;208180
"4143";"C43143";"c4-31-43";132012;208180
"4144";"C43144";"c4-31-44";132012;208180
"4145";"C43211";"c4-32-11";136012;208180
"4146";"C43212";"c4-32-12";136012;208180
"4147";"C43213";"c4-32-13";136012;208180
"4148";"C43214";"c4-32-14";136012;208180
"4149";"C43221";"c4-32-21";136012;208180
"4150";"C43222";"c4-32-22";136012;208180
"4151";"C43223";"c4-32-23";136012;208180
"4152";"C43224";"c4-32-24";136012;208180
"4153";"C43231";"c4-32-31";136012;208180
"4154";"C43232";"c4-32-32";136012;208180
"4155";"C43233";"c4-32-33";136012;208180
"4156";"C43234";"c4-32-34";136012;208180
"4157";"C43241";"c4-32-41";136012;208180
"4158";"C43242";"c4-32-42";136012;208180
"4159";"C43243";"c4-32-43";136012;208180
"4160";"C43244";"c4-32-44";136012;208180
"4161";"C43311";"c4-33-11";140012;208180
"4162";"C43312";"c4-33-12";140012;208180
"4163";"C43313";"c4-33-13";140012;208180
"4164";"C43314";"c4-33-14";140012;208180
"4165";"C43321";"c4-33-21";140012;208180
"4166";"C43322";"c4-33-22";140012;208180
"4167";"C43323";"c4-33-23";140012;208180
"4168";"C43324";"c4-33-24";140012;208180
"4169";"C43331";"c4-33-31";140012;208180
"4170";"C43332";"c4-33-32";140012;208180
"4171";"C43333";"c4-33-33";140012;208180
"4172";"C43334";"c4-33-34";140012;208180
"4173";"C43341";"c4-33-41";140012;208180
"4174";"C43342";"c4-33-42";140012;208180
"4175";"C43343";"c4-33-43";140012;208180
"4176";"C43344";"c4-33-44";140012;208180
"4177";"C43411";"c4-34-11";144012;208180
"4178";"C43412";"c4-34-12";144012;208180
"4179";"C43413";"c4-34-13";144012;208180
"4180";"C43414";"c4-34-14";144012;208180
"4181";"C43421";"c4-34-21";144012;208180
"4182";"C43422";"c4-34-22";144012;208180
"4183";"C43423";"c4-34-23";144012;208180
"4184";"C43424";"c4-34-24";144012;208180
"4185";"C43431";"c4-34-31";144012;208180
"4186";"C43432";"c4-34-32";144012;208180
"4187";"C43433";"c4-34-33";144012;208180
"4188";"C43434";"c4-34-34";144012;208180
"4189";"C43441";"c4-34-41";144012;208180
"4190";"C43442";"c4-34-42";144012;208180
"4191";"C43443";"c4-34-43";144012;208180
"4192";"C43444";"c4-34-44";144012;208180
"4193";"C43511";"c4-35-11";148012;208180
"4194";"C43512";"c4-35-12";148012;208180
"4195";"C43513";"c4-35-13";148012;208180
"4196";"C43514";"c4-35-14";148012;208180
"4197";"C43521";"c4-35-21";148012;208180
"4198";"C43522";"c4-35-22";148012;208180
"4199";"C43523";"c4-35-23";148012;208180
"4200";"C43524";"c4-35-24";148012;208180
"4201";"C43531";"c4-35-31";148012;208180
"4202";"C43532";"c4-35-32";148012;208180
"4203";"C43533";"c4-35-33";148012;208180
"4204";"C43534";"c4-35-34";148012;208180
"4205";"C43541";"c4-35-41";148012;208180
"4206";"C43542";"c4-35-42";148012;208180
"4207";"C43543";"c4-35-43";148012;208180
"4208";"C43544";"c4-35-44";148012;208180
"4209";"C43611";"c4-36-11";152012;208180
"4210";"C43612";"c4-36-12";152012;208180
"4211";"C43613";"c4-36-13";152012;208180
"4212";"C43614";"c4-36-14";152012;208180
"4213";"C43621";"c4-36-21";152012;208180
"4214";"C43622";"c4-36-22";152012;208180
"4215";"C43623";"c4-36-23";152012;208180
"4216";"C43624";"c4-36-24";152012;208180
"4217";"C43631";"c4-36-31";152012;208180
"4218";"C43632";"c4-36-32";152012;208180
"4219";"C43633";"c4-36-33";152012;208180
"4220";"C43634";"c4-36-34";152012;208180
"4221";"C43641";"c4-36-41";152012;208180
"4222";"C43642";"c4-36-42";152012;208180
"4223";"C43643";"c4-36-43";152012;208180
"4224";"C43644";"c4-36-44";152012;208180
"4225";"C43711";"c4-37-11";156012;208180
"4226";"C43712";"c4-37-12";156012;208180
"4227";"C43713";"c4-37-13";156012;208180
"4228";"C43714";"c4-37-14";156012;208180
"4229";"C43721";"c4-37-21";156012;208180
"4230";"C43722";"c4-37-22";156012;208180
"4231";"C43723";"c4-37-23";156012;208180
"4232";"C43724";"c4-37-24";156012;208180
"4233";"C43731";"c4-37-31";156012;208180
"4234";"C43732";"c4-37-32";156012;208180
"4235";"C43733";"c4-37-33";156012;208180
"4236";"C43734";"c4-37-34";156012;208180
"4237";"C43741";"c4-37-41";156012;208180
"4238";"C43742";"c4-37-42";156012;208180
"4239";"C43743";"c4-37-43";156012;208180
"4240";"C43744";"c4-37-44";156012;208180
"4241";"C43811";"c4-38-11";160012;208180
"4242";"C43812";"c4-38-12";160012;208180
"4243";"C43813";"c4-38-13";160012;208180
"4244";"C43814";"c4-38-14";160012;208180
"4245";"C43821";"c4-38-21";160012;208180
"4246";"C43822";"c4-38-22";160012;208180
"4247";"C43823";"c4-38-23";160012;208180
"4248";"C43824";"c4-38-24";160012;208180
"4249";"C43831";"c4-38-31";160012;208180
"4250";"C43832";"c4-38-32";160012;208180
"4251";"C43833";"c4-38-33";160012;208180
"4252";"C43834";"c4-38-34";160012;208180
"4253";"C43841";"c4-38-41";160012;208180
"4254";"C43842";"c4-38-42";160012;208180
"4255";"C43843";"c4-38-43";160012;208180
"4256";"C43844";"c4-38-44";160012;208180
"4257";"C44111";"c4-41-11";132012;204180
"4258";"C44112";"c4-41-12";132012;204180
"4259";"C44113";"c4-41-13";132012;204180
"4260";"C44114";"c4-41-14";132012;204180
"4261";"C44121";"c4-41-21";132012;204180
"4262";"C44122";"c4-41-22";132012;204180
"4263";"C44123";"c4-41-23";132012;204180
"4264";"C44124";"c4-41-24";132012;204180
"4265";"C44131";"c4-41-31";132012;204180
"4266";"C44132";"c4-41-32";132012;204180
"4267";"C44133";"c4-41-33";132012;204180
"4268";"C44134";"c4-41-34";132012;204180
"4269";"C44141";"c4-41-41";132012;204180
"4270";"C44142";"c4-41-42";132012;204180
"4271";"C44143";"c4-41-43";132012;204180
"4272";"C44144";"c4-41-44";132012;204180
"4273";"C44211";"c4-42-11";136012;204180
"4274";"C44212";"c4-42-12";136012;204180
"4275";"C44213";"c4-42-13";136012;204180
"4276";"C44214";"c4-42-14";136012;204180
"4277";"C44221";"c4-42-21";136012;204180
"4278";"C44222";"c4-42-22";136012;204180
"4279";"C44223";"c4-42-23";136012;204180
"4280";"C44224";"c4-42-24";136012;204180
"4281";"C44231";"c4-42-31";136012;204180
"4282";"C44232";"c4-42-32";136012;204180
"4283";"C44233";"c4-42-33";136012;204180
"4284";"C44234";"c4-42-34";136012;204180
"4285";"C44241";"c4-42-41";136012;204180
"4286";"C44242";"c4-42-42";136012;204180
"4287";"C44243";"c4-42-43";136012;204180
"4288";"C44244";"c4-42-44";136012;204180
"4289";"C44311";"c4-43-11";140012;204180
"4290";"C44312";"c4-43-12";140012;204180
"4291";"C44313";"c4-43-13";140012;204180
"4292";"C44314";"c4-43-14";140012;204180
"4293";"C44321";"c4-43-21";140012;204180
"4294";"C44322";"c4-43-22";140012;204180
"4295";"C44323";"c4-43-23";140012;204180
"4296";"C44324";"c4-43-24";140012;204180
"4297";"C44331";"c4-43-31";140012;204180
"4298";"C44332";"c4-43-32";140012;204180
"4299";"C44333";"c4-43-33";140012;204180
"4300";"C44334";"c4-43-34";140012;204180
"4301";"C44341";"c4-43-41";140012;204180
"4302";"C44342";"c4-43-42";140012;204180
"4303";"C44343";"c4-43-43";140012;204180
"4304";"C44344";"c4-43-44";140012;204180
"4305";"C44411";"c4-44-11";144012;204180
"4306";"C44412";"c4-44-12";144012;204180
"4307";"C44413";"c4-44-13";144012;204180
"4308";"C44414";"c4-44-14";144012;204180
"4309";"C44421";"c4-44-21";144012;204180
"4310";"C44422";"c4-44-22";144012;204180
"4311";"C44423";"c4-44-23";144012;204180
"4312";"C44424";"c4-44-24";144012;204180
"4313";"C44431";"c4-44-31";144012;204180
"4314";"C44432";"c4-44-32";144012;204180
"4315";"C44433";"c4-44-33";144012;204180
"4316";"C44434";"c4-44-34";144012;204180
"4317";"C44441";"c4-44-41";144012;204180
"4318";"C44442";"c4-44-42";144012;204180
"4319";"C44443";"c4-44-43";144012;204180
"4320";"C44444";"c4-44-44";144012;204180
"4321";"C44511";"c4-45-11";148012;204180
"4322";"C44512";"c4-45-12";148012;204180
"4323";"C44513";"c4-45-13";148012;204180
"4324";"C44514";"c4-45-14";148012;204180
"4325";"C44521";"c4-45-21";148012;204180
"4326";"C44522";"c4-45-22";148012;204180
"4327";"C44523";"c4-45-23";148012;204180
"4328";"C44524";"c4-45-24";148012;204180
"4329";"C44531";"c4-45-31";148012;204180
"4330";"C44532";"c4-45-32";148012;204180
"4331";"C44533";"c4-45-33";148012;204180
"4332";"C44534";"c4-45-34";148012;204180
"4333";"C44541";"c4-45-41";148012;204180
"4334";"C44542";"c4-45-42";148012;204180
"4335";"C44543";"c4-45-43";148012;204180
"4336";"C44544";"c4-45-44";148012;204180
"4337";"C44611";"c4-46-11";152012;204180
"4338";"C44612";"c4-46-12";152012;204180
"4339";"C44613";"c4-46-13";152012;204180
"4340";"C44614";"c4-46-14";152012;204180
"4341";"C44621";"c4-46-21";152012;204180
"4342";"C44622";"c4-46-22";152012;204180
"4343";"C44623";"c4-46-23";152012;204180
"4344";"C44624";"c4-46-24";152012;204180
"4345";"C44631";"c4-46-31";152012;204180
"4346";"C44632";"c4-46-32";152012;204180
"4347";"C44633";"c4-46-33";152012;204180
"4348";"C44634";"c4-46-34";152012;204180
"4349";"C44641";"c4-46-41";152012;204180
"4350";"C44642";"c4-46-42";152012;204180
"4351";"C44643";"c4-46-43";152012;204180
"4352";"C44644";"c4-46-44";152012;204180
"4353";"C44711";"c4-47-11";156012;204180
"4354";"C44712";"c4-47-12";156012;204180
"4355";"C44713";"c4-47-13";156012;204180
"4356";"C44714";"c4-47-14";156012;204180
"4357";"C44721";"c4-47-21";156012;204180
"4358";"C44722";"c4-47-22";156012;204180
"4359";"C44723";"c4-47-23";156012;204180
"4360";"C44724";"c4-47-24";156012;204180
"4361";"C44731";"c4-47-31";156012;204180
"4362";"C44732";"c4-47-32";156012;204180
"4363";"C44733";"c4-47-33";156012;204180
"4364";"C44734";"c4-47-34";156012;204180
"4365";"C44741";"c4-47-41";156012;204180
"4366";"C44742";"c4-47-42";156012;204180
"4367";"C44743";"c4-47-43";156012;204180
"4368";"C44744";"c4-47-44";156012;204180
"4369";"C44811";"c4-48-11";160012;204180
"4370";"C44812";"c4-48-12";160012;204180
"4371";"C44813";"c4-48-13";160012;204180
"4372";"C44814";"c4-48-14";160012;204180
"4373";"C44821";"c4-48-21";160012;204180
"4374";"C44822";"c4-48-22";160012;204180
"4375";"C44823";"c4-48-23";160012;204180
"4376";"C44824";"c4-48-24";160012;204180
"4377";"C44831";"c4-48-31";160012;204180
"4378";"C44832";"c4-48-32";160012;204180
"4379";"C44833";"c4-48-33";160012;204180
"4380";"C44834";"c4-48-34";160012;204180
"4381";"C44841";"c4-48-41";160012;204180
"4382";"C44842";"c4-48-42";160012;204180
"4383";"C44843";"c4-48-43";160012;204180
"4384";"C44844";"c4-48-44";160012;204180
"4385";"C45111";"c4-51-11";132012;200180
"4386";"C45112";"c4-51-12";132012;200180
"4387";"C45113";"c4-51-13";132012;200180
"4388";"C45114";"c4-51-14";132012;200180
"4389";"C45121";"c4-51-21";132012;200180
"4390";"C45122";"c4-51-22";132012;200180
"4391";"C45123";"c4-51-23";132012;200180
"4392";"C45124";"c4-51-24";132012;200180
"4393";"C45131";"c4-51-31";132012;200180
"4394";"C45132";"c4-51-32";132012;200180
"4395";"C45133";"c4-51-33";132012;200180
"4396";"C45134";"c4-51-34";132012;200180
"4397";"C45141";"c4-51-41";132012;200180
"4398";"C45142";"c4-51-42";132012;200180
"4399";"C45143";"c4-51-43";132012;200180
"4400";"C45144";"c4-51-44";132012;200180
"4401";"C45211";"c4-52-11";136012;200180
"4402";"C45212";"c4-52-12";136012;200180
"4403";"C45213";"c4-52-13";136012;200180
"4404";"C45214";"c4-52-14";136012;200180
"4405";"C45221";"c4-52-21";136012;200180
"4406";"C45222";"c4-52-22";136012;200180
"4407";"C45223";"c4-52-23";136012;200180
"4408";"C45224";"c4-52-24";136012;200180
"4409";"C45231";"c4-52-31";136012;200180
"4410";"C45232";"c4-52-32";136012;200180
"4411";"C45233";"c4-52-33";136012;200180
"4412";"C45234";"c4-52-34";136012;200180
"4413";"C45241";"c4-52-41";136012;200180
"4414";"C45242";"c4-52-42";136012;200180
"4415";"C45243";"c4-52-43";136012;200180
"4416";"C45244";"c4-52-44";136012;200180
"4417";"C45311";"c4-53-11";140012;200180
"4418";"C45312";"c4-53-12";140012;200180
"4419";"C45313";"c4-53-13";140012;200180
"4420";"C45314";"c4-53-14";140012;200180
"4421";"C45321";"c4-53-21";140012;200180
"4422";"C45322";"c4-53-22";140012;200180
"4423";"C45323";"c4-53-23";140012;200180
"4424";"C45324";"c4-53-24";140012;200180
"4425";"C45331";"c4-53-31";140012;200180
"4426";"C45332";"c4-53-32";140012;200180
"4427";"C45333";"c4-53-33";140012;200180
"4428";"C45334";"c4-53-34";140012;200180
"4429";"C45341";"c4-53-41";140012;200180
"4430";"C45342";"c4-53-42";140012;200180
"4431";"C45343";"c4-53-43";140012;200180
"4432";"C45344";"c4-53-44";140012;200180
"4433";"C45411";"c4-54-11";144012;200180
"4434";"C45412";"c4-54-12";144012;200180
"4435";"C45413";"c4-54-13";144012;200180
"4436";"C45414";"c4-54-14";144012;200180
"4437";"C45421";"c4-54-21";144012;200180
"4438";"C45422";"c4-54-22";144012;200180
"4439";"C45423";"c4-54-23";144012;200180
"4440";"C45424";"c4-54-24";144012;200180
"4441";"C45431";"c4-54-31";144012;200180
"4442";"C45432";"c4-54-32";144012;200180
"4443";"C45433";"c4-54-33";144012;200180
"4444";"C45434";"c4-54-34";144012;200180
"4445";"C45441";"c4-54-41";144012;200180
"4446";"C45442";"c4-54-42";144012;200180
"4447";"C45443";"c4-54-43";144012;200180
"4448";"C45444";"c4-54-44";144012;200180
"4449";"C45511";"c4-55-11";148012;200180
"4450";"C45512";"c4-55-12";148012;200180
"4451";"C45513";"c4-55-13";148012;200180
"4452";"C45514";"c4-55-14";148012;200180
"4453";"C45521";"c4-55-21";148012;200180
"4454";"C45522";"c4-55-22";148012;200180
"4455";"C45523";"c4-55-23";148012;200180
"4456";"C45524";"c4-55-24";148012;200180
"4457";"C45531";"c4-55-31";148012;200180
"4458";"C45532";"c4-55-32";148012;200180
"4459";"C45533";"c4-55-33";148012;200180
"4460";"C45534";"c4-55-34";148012;200180
"4461";"C45541";"c4-55-41";148012;200180
"4462";"C45542";"c4-55-42";148012;200180
"4463";"C45543";"c4-55-43";148012;200180
"4464";"C45544";"c4-55-44";148012;200180
"4465";"C45611";"c4-56-11";152012;200180
"4466";"C45612";"c4-56-12";152012;200180
"4467";"C45613";"c4-56-13";152012;200180
"4468";"C45614";"c4-56-14";152012;200180
"4469";"C45621";"c4-56-21";152012;200180
"4470";"C45622";"c4-56-22";152012;200180
"4471";"C45623";"c4-56-23";152012;200180
"4472";"C45624";"c4-56-24";152012;200180
"4473";"C45631";"c4-56-31";152012;200180
"4474";"C45632";"c4-56-32";152012;200180
"4475";"C45633";"c4-56-33";152012;200180
"4476";"C45634";"c4-56-34";152012;200180
"4477";"C45641";"c4-56-41";152012;200180
"4478";"C45642";"c4-56-42";152012;200180
"4479";"C45643";"c4-56-43";152012;200180
"4480";"C45644";"c4-56-44";152012;200180
"4481";"C45711";"c4-57-11";156012;200180
"4482";"C45712";"c4-57-12";156012;200180
"4483";"C45713";"c4-57-13";156012;200180
"4484";"C45714";"c4-57-14";156012;200180
"4485";"C45721";"c4-57-21";156012;200180
"4486";"C45722";"c4-57-22";156012;200180
"4487";"C45723";"c4-57-23";156012;200180
"4488";"C45724";"c4-57-24";156012;200180
"4489";"C45731";"c4-57-31";156012;200180
"4490";"C45732";"c4-57-32";156012;200180
"4491";"C45733";"c4-57-33";156012;200180
"4492";"C45734";"c4-57-34";156012;200180
"4493";"C45741";"c4-57-41";156012;200180
"4494";"C45742";"c4-57-42";156012;200180
"4495";"C45743";"c4-57-43";156012;200180
"4496";"C45744";"c4-57-44";156012;200180
"4497";"C45811";"c4-58-11";160012;200180
"4498";"C45812";"c4-58-12";160012;200180
"4499";"C45813";"c4-58-13";160012;200180
"4500";"C45814";"c4-58-14";160012;200180
"4501";"C45821";"c4-58-21";160012;200180
"4502";"C45822";"c4-58-22";160012;200180
"4503";"C45823";"c4-58-23";160012;200180
"4504";"C45824";"c4-58-24";160012;200180
"4505";"C45831";"c4-58-31";160012;200180
"4506";"C45832";"c4-58-32";160012;200180
"4507";"C45833";"c4-58-33";160012;200180
"4508";"C45834";"c4-58-34";160012;200180
"4509";"C45841";"c4-58-41";160012;200180
"4510";"C45842";"c4-58-42";160012;200180
"4511";"C45843";"c4-58-43";160012;200180
"4512";"C45844";"c4-58-44";160012;200180
"4513";"C51111";"c5-11-11";164012;216180
"4514";"C51112";"c5-11-12";164012;216180
"4515";"C51113";"c5-11-13";164012;216180
"4516";"C51114";"c5-11-14";164012;216180
"4517";"C51121";"c5-11-21";164012;216180
"4518";"C51122";"c5-11-22";164012;216180
"4519";"C51123";"c5-11-23";164012;216180
"4520";"C51124";"c5-11-24";164012;216180
"4521";"C51131";"c5-11-31";164012;216180
"4522";"C51132";"c5-11-32";164012;216180
"4523";"C51133";"c5-11-33";164012;216180
"4524";"C51134";"c5-11-34";164012;216180
"4525";"C51141";"c5-11-41";164012;216180
"4526";"C51142";"c5-11-42";164012;216180
"4527";"C51143";"c5-11-43";164012;216180
"4528";"C51144";"c5-11-44";164012;216180
"4529";"C51211";"c5-12-11";168012;216180
"4530";"C51212";"c5-12-12";168012;216180
"4531";"C51213";"c5-12-13";168012;216180
"4532";"C51214";"c5-12-14";168012;216180
"4533";"C51221";"c5-12-21";168012;216180
"4534";"C51222";"c5-12-22";168012;216180
"4535";"C51223";"c5-12-23";168012;216180
"4536";"C51224";"c5-12-24";168012;216180
"4537";"C51231";"c5-12-31";168012;216180
"4538";"C51232";"c5-12-32";168012;216180
"4539";"C51233";"c5-12-33";168012;216180
"4540";"C51234";"c5-12-34";168012;216180
"4541";"C51241";"c5-12-41";168012;216180
"4542";"C51242";"c5-12-42";168012;216180
"4543";"C51243";"c5-12-43";168012;216180
"4544";"C51244";"c5-12-44";168012;216180
"4545";"C51311";"c5-13-11";172012;216180
"4546";"C51312";"c5-13-12";172012;216180
"4547";"C51313";"c5-13-13";172012;216180
"4548";"C51314";"c5-13-14";172012;216180
"4549";"C51321";"c5-13-21";172012;216180
"4550";"C51322";"c5-13-22";172012;216180
"4551";"C51323";"c5-13-23";172012;216180
"4552";"C51324";"c5-13-24";172012;216180
"4553";"C51331";"c5-13-31";172012;216180
"4554";"C51332";"c5-13-32";172012;216180
"4555";"C51333";"c5-13-33";172012;216180
"4556";"C51334";"c5-13-34";172012;216180
"4557";"C51341";"c5-13-41";172012;216180
"4558";"C51342";"c5-13-42";172012;216180
"4559";"C51343";"c5-13-43";172012;216180
"4560";"C51344";"c5-13-44";172012;216180
"4561";"C51411";"c5-14-11";176012;216180
"4562";"C51412";"c5-14-12";176012;216180
"4563";"C51413";"c5-14-13";176012;216180
"4564";"C51414";"c5-14-14";176012;216180
"4565";"C51421";"c5-14-21";176012;216180
"4566";"C51422";"c5-14-22";176012;216180
"4567";"C51423";"c5-14-23";176012;216180
"4568";"C51424";"c5-14-24";176012;216180
"4569";"C51431";"c5-14-31";176012;216180
"4570";"C51432";"c5-14-32";176012;216180
"4571";"C51433";"c5-14-33";176012;216180
"4572";"C51434";"c5-14-34";176012;216180
"4573";"C51441";"c5-14-41";176012;216180
"4574";"C51442";"c5-14-42";176012;216180
"4575";"C51443";"c5-14-43";176012;216180
"4576";"C51444";"c5-14-44";176012;216180
"4577";"C51511";"c5-15-11";180012;216180
"4578";"C51512";"c5-15-12";180012;216180
"4579";"C51513";"c5-15-13";180012;216180
"4580";"C51514";"c5-15-14";180012;216180
"4581";"C51521";"c5-15-21";180012;216180
"4582";"C51522";"c5-15-22";180012;216180
"4583";"C51523";"c5-15-23";180012;216180
"4584";"C51524";"c5-15-24";180012;216180
"4585";"C51531";"c5-15-31";180012;216180
"4586";"C51532";"c5-15-32";180012;216180
"4587";"C51533";"c5-15-33";180012;216180
"4588";"C51534";"c5-15-34";180012;216180
"4589";"C51541";"c5-15-41";180012;216180
"4590";"C51542";"c5-15-42";180012;216180
"4591";"C51543";"c5-15-43";180012;216180
"4592";"C51544";"c5-15-44";180012;216180
"4593";"C51611";"c5-16-11";184012;216180
"4594";"C51612";"c5-16-12";184012;216180
"4595";"C51613";"c5-16-13";184012;216180
"4596";"C51614";"c5-16-14";184012;216180
"4597";"C51621";"c5-16-21";184012;216180
"4598";"C51622";"c5-16-22";184012;216180
"4599";"C51623";"c5-16-23";184012;216180
"4600";"C51624";"c5-16-24";184012;216180
"4601";"C51631";"c5-16-31";184012;216180
"4602";"C51632";"c5-16-32";184012;216180
"4603";"C51633";"c5-16-33";184012;216180
"4604";"C51634";"c5-16-34";184012;216180
"4605";"C51641";"c5-16-41";184012;216180
"4606";"C51642";"c5-16-42";184012;216180
"4607";"C51643";"c5-16-43";184012;216180
"4608";"C51644";"c5-16-44";184012;216180
"4609";"C51711";"c5-17-11";188012;216180
"4610";"C51712";"c5-17-12";188012;216180
"4611";"C51713";"c5-17-13";188012;216180
"4612";"C51714";"c5-17-14";188012;216180
"4613";"C51721";"c5-17-21";188012;216180
"4614";"C51722";"c5-17-22";188012;216180
"4615";"C51723";"c5-17-23";188012;216180
"4616";"C51724";"c5-17-24";188012;216180
"4617";"C51731";"c5-17-31";188012;216180
"4618";"C51732";"c5-17-32";188012;216180
"4619";"C51733";"c5-17-33";188012;216180
"4620";"C51734";"c5-17-34";188012;216180
"4621";"C51741";"c5-17-41";188012;216180
"4622";"C51742";"c5-17-42";188012;216180
"4623";"C51743";"c5-17-43";188012;216180
"4624";"C51744";"c5-17-44";188012;216180
"4625";"C51811";"c5-18-11";192012;216180
"4626";"C51812";"c5-18-12";192012;216180
"4627";"C51813";"c5-18-13";192012;216180
"4628";"C51814";"c5-18-14";192012;216180
"4629";"C51821";"c5-18-21";192012;216180
"4630";"C51822";"c5-18-22";192012;216180
"4631";"C51823";"c5-18-23";192012;216180
"4632";"C51824";"c5-18-24";192012;216180
"4633";"C51831";"c5-18-31";192012;216180
"4634";"C51832";"c5-18-32";192012;216180
"4635";"C51833";"c5-18-33";192012;216180
"4636";"C51834";"c5-18-34";192012;216180
"4637";"C51841";"c5-18-41";192012;216180
"4638";"C51842";"c5-18-42";192012;216180
"4639";"C51843";"c5-18-43";192012;216180
"4640";"C51844";"c5-18-44";192012;216180
"4641";"C52111";"c5-21-11";164012;212180
"4642";"C52112";"c5-21-12";164012;212180
"4643";"C52113";"c5-21-13";164012;212180
"4644";"C52114";"c5-21-14";164012;212180
"4645";"C52121";"c5-21-21";164012;212180
"4646";"C52122";"c5-21-22";164012;212180
"4647";"C52123";"c5-21-23";164012;212180
"4648";"C52124";"c5-21-24";164012;212180
"4649";"C52131";"c5-21-31";164012;212180
"4650";"C52132";"c5-21-32";164012;212180
"4651";"C52133";"c5-21-33";164012;212180
"4652";"C52134";"c5-21-34";164012;212180
"4653";"C52141";"c5-21-41";164012;212180
"4654";"C52142";"c5-21-42";164012;212180
"4655";"C52143";"c5-21-43";164012;212180
"4656";"C52144";"c5-21-44";164012;212180
"4657";"C52211";"c5-22-11";168012;212180
"4658";"C52212";"c5-22-12";168012;212180
"4659";"C52213";"c5-22-13";168012;212180
"4660";"C52214";"c5-22-14";168012;212180
"4661";"C52221";"c5-22-21";168012;212180
"4662";"C52222";"c5-22-22";168012;212180
"4663";"C52223";"c5-22-23";168012;212180
"4664";"C52224";"c5-22-24";168012;212180
"4665";"C52231";"c5-22-31";168012;212180
"4666";"C52232";"c5-22-32";168012;212180
"4667";"C52233";"c5-22-33";168012;212180
"4668";"C52234";"c5-22-34";168012;212180
"4669";"C52241";"c5-22-41";168012;212180
"4670";"C52242";"c5-22-42";168012;212180
"4671";"C52243";"c5-22-43";168012;212180
"4672";"C52244";"c5-22-44";168012;212180
"4673";"C52311";"c5-23-11";172012;212180
"4674";"C52312";"c5-23-12";172012;212180
"4675";"C52313";"c5-23-13";172012;212180
"4676";"C52314";"c5-23-14";172012;212180
"4677";"C52321";"c5-23-21";172012;212180
"4678";"C52322";"c5-23-22";172012;212180
"4679";"C52323";"c5-23-23";172012;212180
"4680";"C52324";"c5-23-24";172012;212180
"4681";"C52331";"c5-23-31";172012;212180
"4682";"C52332";"c5-23-32";172012;212180
"4683";"C52333";"c5-23-33";172012;212180
"4684";"C52334";"c5-23-34";172012;212180
"4685";"C52341";"c5-23-41";172012;212180
"4686";"C52342";"c5-23-42";172012;212180
"4687";"C52343";"c5-23-43";172012;212180
"4688";"C52344";"c5-23-44";172012;212180
"4689";"C52411";"c5-24-11";176012;212180
"4690";"C52412";"c5-24-12";176012;212180
"4691";"C52413";"c5-24-13";176012;212180
"4692";"C52414";"c5-24-14";176012;212180
"4693";"C52421";"c5-24-21";176012;212180
"4694";"C52422";"c5-24-22";176012;212180
"4695";"C52423";"c5-24-23";176012;212180
"4696";"C52424";"c5-24-24";176012;212180
"4697";"C52431";"c5-24-31";176012;212180
"4698";"C52432";"c5-24-32";176012;212180
"4699";"C52433";"c5-24-33";176012;212180
"4700";"C52434";"c5-24-34";176012;212180
"4701";"C52441";"c5-24-41";176012;212180
"4702";"C52442";"c5-24-42";176012;212180
"4703";"C52443";"c5-24-43";176012;212180
"4704";"C52444";"c5-24-44";176012;212180
"4705";"C52511";"c5-25-11";180012;212180
"4706";"C52512";"c5-25-12";180012;212180
"4707";"C52513";"c5-25-13";180012;212180
"4708";"C52514";"c5-25-14";180012;212180
"4709";"C52521";"c5-25-21";180012;212180
"4710";"C52522";"c5-25-22";180012;212180
"4711";"C52523";"c5-25-23";180012;212180
"4712";"C52524";"c5-25-24";180012;212180
"4713";"C52531";"c5-25-31";180012;212180
"4714";"C52532";"c5-25-32";180012;212180
"4715";"C52533";"c5-25-33";180012;212180
"4716";"C52534";"c5-25-34";180012;212180
"4717";"C52541";"c5-25-41";180012;212180
"4718";"C52542";"c5-25-42";180012;212180
"4719";"C52543";"c5-25-43";180012;212180
"4720";"C52544";"c5-25-44";180012;212180
"4721";"C52611";"c5-26-11";184012;212180
"4722";"C52612";"c5-26-12";184012;212180
"4723";"C52613";"c5-26-13";184012;212180
"4724";"C52614";"c5-26-14";184012;212180
"4725";"C52621";"c5-26-21";184012;212180
"4726";"C52622";"c5-26-22";184012;212180
"4727";"C52623";"c5-26-23";184012;212180
"4728";"C52624";"c5-26-24";184012;212180
"4729";"C52631";"c5-26-31";184012;212180
"4730";"C52632";"c5-26-32";184012;212180
"4731";"C52633";"c5-26-33";184012;212180
"4732";"C52634";"c5-26-34";184012;212180
"4733";"C52641";"c5-26-41";184012;212180
"4734";"C52642";"c5-26-42";184012;212180
"4735";"C52643";"c5-26-43";184012;212180
"4736";"C52644";"c5-26-44";184012;212180
"4737";"C52711";"c5-27-11";188012;212180
"4738";"C52712";"c5-27-12";188012;212180
"4739";"C52713";"c5-27-13";188012;212180
"4740";"C52714";"c5-27-14";188012;212180
"4741";"C52721";"c5-27-21";188012;212180
"4742";"C52722";"c5-27-22";188012;212180
"4743";"C52723";"c5-27-23";188012;212180
"4744";"C52724";"c5-27-24";188012;212180
"4745";"C52731";"c5-27-31";188012;212180
"4746";"C52732";"c5-27-32";188012;212180
"4747";"C52733";"c5-27-33";188012;212180
"4748";"C52734";"c5-27-34";188012;212180
"4749";"C52741";"c5-27-41";188012;212180
"4750";"C52742";"c5-27-42";188012;212180
"4751";"C52743";"c5-27-43";188012;212180
"4752";"C52744";"c5-27-44";188012;212180
"4753";"C52811";"c5-28-11";192012;212180
"4754";"C52812";"c5-28-12";192012;212180
"4755";"C52813";"c5-28-13";192012;212180
"4756";"C52814";"c5-28-14";192012;212180
"4757";"C52821";"c5-28-21";192012;212180
"4758";"C52822";"c5-28-22";192012;212180
"4759";"C52823";"c5-28-23";192012;212180
"4760";"C52824";"c5-28-24";192012;212180
"4761";"C52831";"c5-28-31";192012;212180
"4762";"C52832";"c5-28-32";192012;212180
"4763";"C52833";"c5-28-33";192012;212180
"4764";"C52834";"c5-28-34";192012;212180
"4765";"C52841";"c5-28-41";192012;212180
"4766";"C52842";"c5-28-42";192012;212180
"4767";"C52843";"c5-28-43";192012;212180
"4768";"C52844";"c5-28-44";192012;212180
"4769";"C53111";"c5-31-11";164012;208180
"4770";"C53112";"c5-31-12";164012;208180
"4771";"C53113";"c5-31-13";164012;208180
"4772";"C53114";"c5-31-14";164012;208180
"4773";"C53121";"c5-31-21";164012;208180
"4774";"C53122";"c5-31-22";164012;208180
"4775";"C53123";"c5-31-23";164012;208180
"4776";"C53124";"c5-31-24";164012;208180
"4777";"C53131";"c5-31-31";164012;208180
"4778";"C53132";"c5-31-32";164012;208180
"4779";"C53133";"c5-31-33";164012;208180
"4780";"C53134";"c5-31-34";164012;208180
"4781";"C53141";"c5-31-41";164012;208180
"4782";"C53142";"c5-31-42";164012;208180
"4783";"C53143";"c5-31-43";164012;208180
"4784";"C53144";"c5-31-44";164012;208180
"4785";"C53211";"c5-32-11";168012;208180
"4786";"C53212";"c5-32-12";168012;208180
"4787";"C53213";"c5-32-13";168012;208180
"4788";"C53214";"c5-32-14";168012;208180
"4789";"C53221";"c5-32-21";168012;208180
"4790";"C53222";"c5-32-22";168012;208180
"4791";"C53223";"c5-32-23";168012;208180
"4792";"C53224";"c5-32-24";168012;208180
"4793";"C53231";"c5-32-31";168012;208180
"4794";"C53232";"c5-32-32";168012;208180
"4795";"C53233";"c5-32-33";168012;208180
"4796";"C53234";"c5-32-34";168012;208180
"4797";"C53241";"c5-32-41";168012;208180
"4798";"C53242";"c5-32-42";168012;208180
"4799";"C53243";"c5-32-43";168012;208180
"4800";"C53244";"c5-32-44";168012;208180
"4801";"C53311";"c5-33-11";172012;208180
"4802";"C53312";"c5-33-12";172012;208180
"4803";"C53313";"c5-33-13";172012;208180
"4804";"C53314";"c5-33-14";172012;208180
"4805";"C53321";"c5-33-21";172012;208180
"4806";"C53322";"c5-33-22";172012;208180
"4807";"C53323";"c5-33-23";172012;208180
"4808";"C53324";"c5-33-24";172012;208180
"4809";"C53331";"c5-33-31";172012;208180
"4810";"C53332";"c5-33-32";172012;208180
"4811";"C53333";"c5-33-33";172012;208180
"4812";"C53334";"c5-33-34";172012;208180
"4813";"C53341";"c5-33-41";172012;208180
"4814";"C53342";"c5-33-42";172012;208180
"4815";"C53343";"c5-33-43";172012;208180
"4816";"C53344";"c5-33-44";172012;208180
"4817";"C53411";"c5-34-11";176012;208180
"4818";"C53412";"c5-34-12";176012;208180
"4819";"C53413";"c5-34-13";176012;208180
"4820";"C53414";"c5-34-14";176012;208180
"4821";"C53421";"c5-34-21";176012;208180
"4822";"C53422";"c5-34-22";176012;208180
"4823";"C53423";"c5-34-23";176012;208180
"4824";"C53424";"c5-34-24";176012;208180
"4825";"C53431";"c5-34-31";176012;208180
"4826";"C53432";"c5-34-32";176012;208180
"4827";"C53433";"c5-34-33";176012;208180
"4828";"C53434";"c5-34-34";176012;208180
"4829";"C53441";"c5-34-41";176012;208180
"4830";"C53442";"c5-34-42";176012;208180
"4831";"C53443";"c5-34-43";176012;208180
"4832";"C53444";"c5-34-44";176012;208180
"4833";"C53511";"c5-35-11";180012;208180
"4834";"C53512";"c5-35-12";180012;208180
"4835";"C53513";"c5-35-13";180012;208180
"4836";"C53514";"c5-35-14";180012;208180
"4837";"C53521";"c5-35-21";180012;208180
"4838";"C53522";"c5-35-22";180012;208180
"4839";"C53523";"c5-35-23";180012;208180
"4840";"C53524";"c5-35-24";180012;208180
"4841";"C53531";"c5-35-31";180012;208180
"4842";"C53532";"c5-35-32";180012;208180
"4843";"C53533";"c5-35-33";180012;208180
"4844";"C53534";"c5-35-34";180012;208180
"4845";"C53541";"c5-35-41";180012;208180
"4846";"C53542";"c5-35-42";180012;208180
"4847";"C53543";"c5-35-43";180012;208180
"4848";"C53544";"c5-35-44";180012;208180
"4849";"C53611";"c5-36-11";184012;208180
"4850";"C53612";"c5-36-12";184012;208180
"4851";"C53613";"c5-36-13";184012;208180
"4852";"C53614";"c5-36-14";184012;208180
"4853";"C53621";"c5-36-21";184012;208180
"4854";"C53622";"c5-36-22";184012;208180
"4855";"C53623";"c5-36-23";184012;208180
"4856";"C53624";"c5-36-24";184012;208180
"4857";"C53631";"c5-36-31";184012;208180
"4858";"C53632";"c5-36-32";184012;208180
"4859";"C53633";"c5-36-33";184012;208180
"4860";"C53634";"c5-36-34";184012;208180
"4861";"C53641";"c5-36-41";184012;208180
"4862";"C53642";"c5-36-42";184012;208180
"4863";"C53643";"c5-36-43";184012;208180
"4864";"C53644";"c5-36-44";184012;208180
"4865";"C53711";"c5-37-11";188012;208180
"4866";"C53712";"c5-37-12";188012;208180
"4867";"C53713";"c5-37-13";188012;208180
"4868";"C53714";"c5-37-14";188012;208180
"4869";"C53721";"c5-37-21";188012;208180
"4870";"C53722";"c5-37-22";188012;208180
"4871";"C53723";"c5-37-23";188012;208180
"4872";"C53724";"c5-37-24";188012;208180
"4873";"C53731";"c5-37-31";188012;208180
"4874";"C53732";"c5-37-32";188012;208180
"4875";"C53733";"c5-37-33";188012;208180
"4876";"C53734";"c5-37-34";188012;208180
"4877";"C53741";"c5-37-41";188012;208180
"4878";"C53742";"c5-37-42";188012;208180
"4879";"C53743";"c5-37-43";188012;208180
"4880";"C53744";"c5-37-44";188012;208180
"4881";"C53811";"c5-38-11";192012;208180
"4882";"C53812";"c5-38-12";192012;208180
"4883";"C53813";"c5-38-13";192012;208180
"4884";"C53814";"c5-38-14";192012;208180
"4885";"C53821";"c5-38-21";192012;208180
"4886";"C53822";"c5-38-22";192012;208180
"4887";"C53823";"c5-38-23";192012;208180
"4888";"C53824";"c5-38-24";192012;208180
"4889";"C53831";"c5-38-31";192012;208180
"4890";"C53832";"c5-38-32";192012;208180
"4891";"C53833";"c5-38-33";192012;208180
"4892";"C53834";"c5-38-34";192012;208180
"4893";"C53841";"c5-38-41";192012;208180
"4894";"C53842";"c5-38-42";192012;208180
"4895";"C53843";"c5-38-43";192012;208180
"4896";"C53844";"c5-38-44";192012;208180
"4897";"C54111";"c5-41-11";164012;204180
"4898";"C54112";"c5-41-12";164012;204180
"4899";"C54113";"c5-41-13";164012;204180
"4900";"C54114";"c5-41-14";164012;204180
"4901";"C54121";"c5-41-21";164012;204180
"4902";"C54122";"c5-41-22";164012;204180
"4903";"C54123";"c5-41-23";164012;204180
"4904";"C54124";"c5-41-24";164012;204180
"4905";"C54131";"c5-41-31";164012;204180
"4906";"C54132";"c5-41-32";164012;204180
"4907";"C54133";"c5-41-33";164012;204180
"4908";"C54134";"c5-41-34";164012;204180
"4909";"C54141";"c5-41-41";164012;204180
"4910";"C54142";"c5-41-42";164012;204180
"4911";"C54143";"c5-41-43";164012;204180
"4912";"C54144";"c5-41-44";164012;204180
"4913";"C54211";"c5-42-11";168012;204180
"4914";"C54212";"c5-42-12";168012;204180
"4915";"C54213";"c5-42-13";168012;204180
"4916";"C54214";"c5-42-14";168012;204180
"4917";"C54221";"c5-42-21";168012;204180
"4918";"C54222";"c5-42-22";168012;204180
"4919";"C54223";"c5-42-23";168012;204180
"4920";"C54224";"c5-42-24";168012;204180
"4921";"C54231";"c5-42-31";168012;204180
"4922";"C54232";"c5-42-32";168012;204180
"4923";"C54233";"c5-42-33";168012;204180
"4924";"C54234";"c5-42-34";168012;204180
"4925";"C54241";"c5-42-41";168012;204180
"4926";"C54242";"c5-42-42";168012;204180
"4927";"C54243";"c5-42-43";168012;204180
"4928";"C54244";"c5-42-44";168012;204180
"4929";"C54311";"c5-43-11";172012;204180
"4930";"C54312";"c5-43-12";172012;204180
"4931";"C54313";"c5-43-13";172012;204180
"4932";"C54314";"c5-43-14";172012;204180
"4933";"C54321";"c5-43-21";172012;204180
"4934";"C54322";"c5-43-22";172012;204180
"4935";"C54323";"c5-43-23";172012;204180
"4936";"C54324";"c5-43-24";172012;204180
"4937";"C54331";"c5-43-31";172012;204180
"4938";"C54332";"c5-43-32";172012;204180
"4939";"C54333";"c5-43-33";172012;204180
"4940";"C54334";"c5-43-34";172012;204180
"4941";"C54341";"c5-43-41";172012;204180
"4942";"C54342";"c5-43-42";172012;204180
"4943";"C54343";"c5-43-43";172012;204180
"4944";"C54344";"c5-43-44";172012;204180
"4945";"C54411";"c5-44-11";176012;204180
"4946";"C54412";"c5-44-12";176012;204180
"4947";"C54413";"c5-44-13";176012;204180
"4948";"C54414";"c5-44-14";176012;204180
"4949";"C54421";"c5-44-21";176012;204180
"4950";"C54422";"c5-44-22";176012;204180
"4951";"C54423";"c5-44-23";176012;204180
"4952";"C54424";"c5-44-24";176012;204180
"4953";"C54431";"c5-44-31";176012;204180
"4954";"C54432";"c5-44-32";176012;204180
"4955";"C54433";"c5-44-33";176012;204180
"4956";"C54434";"c5-44-34";176012;204180
"4957";"C54441";"c5-44-41";176012;204180
"4958";"C54442";"c5-44-42";176012;204180
"4959";"C54443";"c5-44-43";176012;204180
"4960";"C54444";"c5-44-44";176012;204180
"4961";"C54511";"c5-45-11";180012;204180
"4962";"C54512";"c5-45-12";180012;204180
"4963";"C54513";"c5-45-13";180012;204180
"4964";"C54514";"c5-45-14";180012;204180
"4965";"C54521";"c5-45-21";180012;204180
"4966";"C54522";"c5-45-22";180012;204180
"4967";"C54523";"c5-45-23";180012;204180
"4968";"C54524";"c5-45-24";180012;204180
"4969";"C54531";"c5-45-31";180012;204180
"4970";"C54532";"c5-45-32";180012;204180
"4971";"C54533";"c5-45-33";180012;204180
"4972";"C54534";"c5-45-34";180012;204180
"4973";"C54541";"c5-45-41";180012;204180
"4974";"C54542";"c5-45-42";180012;204180
"4975";"C54543";"c5-45-43";180012;204180
"4976";"C54544";"c5-45-44";180012;204180
"4977";"C54611";"c5-46-11";184012;204180
"4978";"C54612";"c5-46-12";184012;204180
"4979";"C54613";"c5-46-13";184012;204180
"4980";"C54614";"c5-46-14";184012;204180
"4981";"C54621";"c5-46-21";184012;204180
"4982";"C54622";"c5-46-22";184012;204180
"4983";"C54623";"c5-46-23";184012;204180
"4984";"C54624";"c5-46-24";184012;204180
"4985";"C54631";"c5-46-31";184012;204180
"4986";"C54632";"c5-46-32";184012;204180
"4987";"C54633";"c5-46-33";184012;204180
"4988";"C54634";"c5-46-34";184012;204180
"4989";"C54641";"c5-46-41";184012;204180
"4990";"C54642";"c5-46-42";184012;204180
"4991";"C54643";"c5-46-43";184012;204180
"4992";"C54644";"c5-46-44";184012;204180
"4993";"C54711";"c5-47-11";188012;204180
"4994";"C54712";"c5-47-12";188012;204180
"4995";"C54713";"c5-47-13";188012;204180
"4996";"C54714";"c5-47-14";188012;204180
"4997";"C54721";"c5-47-21";188012;204180
"4998";"C54722";"c5-47-22";188012;204180
"4999";"C54723";"c5-47-23";188012;204180
"5000";"C54724";"c5-47-24";188012;204180
"5001";"C54731";"c5-47-31";188012;204180
"5002";"C54732";"c5-47-32";188012;204180
"5003";"C54733";"c5-47-33";188012;204180
"5004";"C54734";"c5-47-34";188012;204180
"5005";"C54741";"c5-47-41";188012;204180
"5006";"C54742";"c5-47-42";188012;204180
"5007";"C54743";"c5-47-43";188012;204180
"5008";"C54744";"c5-47-44";188012;204180
"5009";"C54811";"c5-48-11";192012;204180
"5010";"C54812";"c5-48-12";192012;204180
"5011";"C54813";"c5-48-13";192012;204180
"5012";"C54814";"c5-48-14";192012;204180
"5013";"C54821";"c5-48-21";192012;204180
"5014";"C54822";"c5-48-22";192012;204180
"5015";"C54823";"c5-48-23";192012;204180
"5016";"C54824";"c5-48-24";192012;204180
"5017";"C54831";"c5-48-31";192012;204180
"5018";"C54832";"c5-48-32";192012;204180
"5019";"C54833";"c5-48-33";192012;204180
"5020";"C54834";"c5-48-34";192012;204180
"5021";"C54841";"c5-48-41";192012;204180
"5022";"C54842";"c5-48-42";192012;204180
"5023";"C54843";"c5-48-43";192012;204180
"5024";"C54844";"c5-48-44";192012;204180
"5025";"C55111";"c5-51-11";164012;200180
"5026";"C55112";"c5-51-12";164012;200180
"5027";"C55113";"c5-51-13";164012;200180
"5028";"C55114";"c5-51-14";164012;200180
"5029";"C55121";"c5-51-21";164012;200180
"5030";"C55122";"c5-51-22";164012;200180
"5031";"C55123";"c5-51-23";164012;200180
"5032";"C55124";"c5-51-24";164012;200180
"5033";"C55131";"c5-51-31";164012;200180
"5034";"C55132";"c5-51-32";164012;200180
"5035";"C55133";"c5-51-33";164012;200180
"5036";"C55134";"c5-51-34";164012;200180
"5037";"C55141";"c5-51-41";164012;200180
"5038";"C55142";"c5-51-42";164012;200180
"5039";"C55143";"c5-51-43";164012;200180
"5040";"C55144";"c5-51-44";164012;200180
"5041";"C55211";"c5-52-11";168012;200180
"5042";"C55212";"c5-52-12";168012;200180
"5043";"C55213";"c5-52-13";168012;200180
"5044";"C55214";"c5-52-14";168012;200180
"5045";"C55221";"c5-52-21";168012;200180
"5046";"C55222";"c5-52-22";168012;200180
"5047";"C55223";"c5-52-23";168012;200180
"5048";"C55224";"c5-52-24";168012;200180
"5049";"C55231";"c5-52-31";168012;200180
"5050";"C55232";"c5-52-32";168012;200180
"5051";"C55233";"c5-52-33";168012;200180
"5052";"C55234";"c5-52-34";168012;200180
"5053";"C55241";"c5-52-41";168012;200180
"5054";"C55242";"c5-52-42";168012;200180
"5055";"C55243";"c5-52-43";168012;200180
"5056";"C55244";"c5-52-44";168012;200180
"5057";"C55311";"c5-53-11";172012;200180
"5058";"C55312";"c5-53-12";172012;200180
"5059";"C55313";"c5-53-13";172012;200180
"5060";"C55314";"c5-53-14";172012;200180
"5061";"C55321";"c5-53-21";172012;200180
"5062";"C55322";"c5-53-22";172012;200180
"5063";"C55323";"c5-53-23";172012;200180
"5064";"C55324";"c5-53-24";172012;200180
"5065";"C55331";"c5-53-31";172012;200180
"5066";"C55332";"c5-53-32";172012;200180
"5067";"C55333";"c5-53-33";172012;200180
"5068";"C55334";"c5-53-34";172012;200180
"5069";"C55341";"c5-53-41";172012;200180
"5070";"C55342";"c5-53-42";172012;200180
"5071";"C55343";"c5-53-43";172012;200180
"5072";"C55344";"c5-53-44";172012;200180
"5073";"C55411";"c5-54-11";176012;200180
"5074";"C55412";"c5-54-12";176012;200180
"5075";"C55413";"c5-54-13";176012;200180
"5076";"C55414";"c5-54-14";176012;200180
"5077";"C55421";"c5-54-21";176012;200180
"5078";"C55422";"c5-54-22";176012;200180
"5079";"C55423";"c5-54-23";176012;200180
"5080";"C55424";"c5-54-24";176012;200180
"5081";"C55431";"c5-54-31";176012;200180
"5082";"C55432";"c5-54-32";176012;200180
"5083";"C55433";"c5-54-33";176012;200180
"5084";"C55434";"c5-54-34";176012;200180
"5085";"C55441";"c5-54-41";176012;200180
"5086";"C55442";"c5-54-42";176012;200180
"5087";"C55443";"c5-54-43";176012;200180
"5088";"C55444";"c5-54-44";176012;200180
"5089";"C55511";"c5-55-11";180012;200180
"5090";"C55512";"c5-55-12";180012;200180
"5091";"C55513";"c5-55-13";180012;200180
"5092";"C55514";"c5-55-14";180012;200180
"5093";"C55521";"c5-55-21";180012;200180
"5094";"C55522";"c5-55-22";180012;200180
"5095";"C55523";"c5-55-23";180012;200180
"5096";"C55524";"c5-55-24";180012;200180
"5097";"C55531";"c5-55-31";180012;200180
"5098";"C55532";"c5-55-32";180012;200180
"5099";"C55533";"c5-55-33";180012;200180
"5100";"C55534";"c5-55-34";180012;200180
"5101";"C55541";"c5-55-41";180012;200180
"5102";"C55542";"c5-55-42";180012;200180
"5103";"C55543";"c5-55-43";180012;200180
"5104";"C55544";"c5-55-44";180012;200180
"5105";"C55611";"c5-56-11";184012;200180
"5106";"C55612";"c5-56-12";184012;200180
"5107";"C55613";"c5-56-13";184012;200180
"5108";"C55614";"c5-56-14";184012;200180
"5109";"C55621";"c5-56-21";184012;200180
"5110";"C55622";"c5-56-22";184012;200180
"5111";"C55623";"c5-56-23";184012;200180
"5112";"C55624";"c5-56-24";184012;200180
"5113";"C55631";"c5-56-31";184012;200180
"5114";"C55632";"c5-56-32";184012;200180
"5115";"C55633";"c5-56-33";184012;200180
"5116";"C55634";"c5-56-34";184012;200180
"5117";"C55641";"c5-56-41";184012;200180
"5118";"C55642";"c5-56-42";184012;200180
"5119";"C55643";"c5-56-43";184012;200180
"5120";"C55644";"c5-56-44";184012;200180
"5121";"C55711";"c5-57-11";188012;200180
"5122";"C55712";"c5-57-12";188012;200180
"5123";"C55713";"c5-57-13";188012;200180
"5124";"C55714";"c5-57-14";188012;200180
"5125";"C55721";"c5-57-21";188012;200180
"5126";"C55722";"c5-57-22";188012;200180
"5127";"C55723";"c5-57-23";188012;200180
"5128";"C55724";"c5-57-24";188012;200180
"5129";"C55731";"c5-57-31";188012;200180
"5130";"C55732";"c5-57-32";188012;200180
"5131";"C55733";"c5-57-33";188012;200180
"5132";"C55734";"c5-57-34";188012;200180
"5133";"C55741";"c5-57-41";188012;200180
"5134";"C55742";"c5-57-42";188012;200180
"5135";"C55743";"c5-57-43";188012;200180
"5136";"C55744";"c5-57-44";188012;200180
"5137";"C55811";"c5-58-11";192012;200180
"5138";"C55812";"c5-58-12";192012;200180
"5139";"C55813";"c5-58-13";192012;200180
"5140";"C55814";"c5-58-14";192012;200180
"5141";"C55821";"c5-58-21";192012;200180
"5142";"C55822";"c5-58-22";192012;200180
"5143";"C55823";"c5-58-23";192012;200180
"5144";"C55824";"c5-58-24";192012;200180
"5145";"C55831";"c5-58-31";192012;200180
"5146";"C55832";"c5-58-32";192012;200180
"5147";"C55833";"c5-58-33";192012;200180
"5148";"C55834";"c5-58-34";192012;200180
"5149";"C55841";"c5-58-41";192012;200180
"5150";"C55842";"c5-58-42";192012;200180
"5151";"C55843";"c5-58-43";192012;200180
"5152";"C55844";"c5-58-44";192012;200180
"5153";"C61111";"c6-11-11";196012;216180
"5154";"C61112";"c6-11-12";196012;216180
"5155";"C61113";"c6-11-13";196012;216180
"5156";"C61114";"c6-11-14";196012;216180
"5157";"C61121";"c6-11-21";196012;216180
"5158";"C61122";"c6-11-22";196012;216180
"5159";"C61123";"c6-11-23";196012;216180
"5160";"C61124";"c6-11-24";196012;216180
"5161";"C61131";"c6-11-31";196012;216180
"5162";"C61132";"c6-11-32";196012;216180
"5163";"C61133";"c6-11-33";196012;216180
"5164";"C61134";"c6-11-34";196012;216180
"5165";"C61141";"c6-11-41";196012;216180
"5166";"C61142";"c6-11-42";196012;216180
"5167";"C61143";"c6-11-43";196012;216180
"5168";"C61144";"c6-11-44";196012;216180
"5169";"C61211";"c6-12-11";200012;216180
"5170";"C61212";"c6-12-12";200012;216180
"5171";"C61213";"c6-12-13";200012;216180
"5172";"C61214";"c6-12-14";200012;216180
"5173";"C61221";"c6-12-21";200012;216180
"5174";"C61222";"c6-12-22";200012;216180
"5175";"C61223";"c6-12-23";200012;216180
"5176";"C61224";"c6-12-24";200012;216180
"5177";"C61231";"c6-12-31";200012;216180
"5178";"C61232";"c6-12-32";200012;216180
"5179";"C61233";"c6-12-33";200012;216180
"5180";"C61234";"c6-12-34";200012;216180
"5181";"C61241";"c6-12-41";200012;216180
"5182";"C61242";"c6-12-42";200012;216180
"5183";"C61243";"c6-12-43";200012;216180
"5184";"C61244";"c6-12-44";200012;216180
"5185";"C61311";"c6-13-11";204012;216180
"5186";"C61312";"c6-13-12";204012;216180
"5187";"C61313";"c6-13-13";204012;216180
"5188";"C61314";"c6-13-14";204012;216180
"5189";"C61321";"c6-13-21";204012;216180
"5190";"C61322";"c6-13-22";204012;216180
"5191";"C61323";"c6-13-23";204012;216180
"5192";"C61324";"c6-13-24";204012;216180
"5193";"C61331";"c6-13-31";204012;216180
"5194";"C61332";"c6-13-32";204012;216180
"5195";"C61333";"c6-13-33";204012;216180
"5196";"C61334";"c6-13-34";204012;216180
"5197";"C61341";"c6-13-41";204012;216180
"5198";"C61342";"c6-13-42";204012;216180
"5199";"C61343";"c6-13-43";204012;216180
"5200";"C61344";"c6-13-44";204012;216180
"5201";"C61411";"c6-14-11";208012;216180
"5202";"C61412";"c6-14-12";208012;216180
"5203";"C61413";"c6-14-13";208012;216180
"5204";"C61414";"c6-14-14";208012;216180
"5205";"C61421";"c6-14-21";208012;216180
"5206";"C61422";"c6-14-22";208012;216180
"5207";"C61423";"c6-14-23";208012;216180
"5208";"C61424";"c6-14-24";208012;216180
"5209";"C61431";"c6-14-31";208012;216180
"5210";"C61432";"c6-14-32";208012;216180
"5211";"C61433";"c6-14-33";208012;216180
"5212";"C61434";"c6-14-34";208012;216180
"5213";"C61441";"c6-14-41";208012;216180
"5214";"C61442";"c6-14-42";208012;216180
"5215";"C61443";"c6-14-43";208012;216180
"5216";"C61444";"c6-14-44";208012;216180
"5217";"C61511";"c6-15-11";212012;216180
"5218";"C61512";"c6-15-12";212012;216180
"5219";"C61513";"c6-15-13";212012;216180
"5220";"C61514";"c6-15-14";212012;216180
"5221";"C61521";"c6-15-21";212012;216180
"5222";"C61522";"c6-15-22";212012;216180
"5223";"C61523";"c6-15-23";212012;216180
"5224";"C61524";"c6-15-24";212012;216180
"5225";"C61531";"c6-15-31";212012;216180
"5226";"C61532";"c6-15-32";212012;216180
"5227";"C61533";"c6-15-33";212012;216180
"5228";"C61534";"c6-15-34";212012;216180
"5229";"C61541";"c6-15-41";212012;216180
"5230";"C61542";"c6-15-42";212012;216180
"5231";"C61543";"c6-15-43";212012;216180
"5232";"C61544";"c6-15-44";212012;216180
"5233";"C61611";"c6-16-11";216012;216180
"5234";"C61612";"c6-16-12";216012;216180
"5235";"C61613";"c6-16-13";216012;216180
"5236";"C61614";"c6-16-14";216012;216180
"5237";"C61621";"c6-16-21";216012;216180
"5238";"C61622";"c6-16-22";216012;216180
"5239";"C61623";"c6-16-23";216012;216180
"5240";"C61624";"c6-16-24";216012;216180
"5241";"C61631";"c6-16-31";216012;216180
"5242";"C61632";"c6-16-32";216012;216180
"5243";"C61633";"c6-16-33";216012;216180
"5244";"C61634";"c6-16-34";216012;216180
"5245";"C61641";"c6-16-41";216012;216180
"5246";"C61642";"c6-16-42";216012;216180
"5247";"C61643";"c6-16-43";216012;216180
"5248";"C61644";"c6-16-44";216012;216180
"5249";"C61711";"c6-17-11";220012;216180
"5250";"C61712";"c6-17-12";220012;216180
"5251";"C61713";"c6-17-13";220012;216180
"5252";"C61714";"c6-17-14";220012;216180
"5253";"C61721";"c6-17-21";220012;216180
"5254";"C61722";"c6-17-22";220012;216180
"5255";"C61723";"c6-17-23";220012;216180
"5256";"C61724";"c6-17-24";220012;216180
"5257";"C61731";"c6-17-31";220012;216180
"5258";"C61732";"c6-17-32";220012;216180
"5259";"C61733";"c6-17-33";220012;216180
"5260";"C61734";"c6-17-34";220012;216180
"5261";"C61741";"c6-17-41";220012;216180
"5262";"C61742";"c6-17-42";220012;216180
"5263";"C61743";"c6-17-43";220012;216180
"5264";"C61744";"c6-17-44";220012;216180
"5265";"C61811";"c6-18-11";224012;216180
"5266";"C61812";"c6-18-12";224012;216180
"5267";"C61813";"c6-18-13";224012;216180
"5268";"C61814";"c6-18-14";224012;216180
"5269";"C61821";"c6-18-21";224012;216180
"5270";"C61822";"c6-18-22";224012;216180
"5271";"C61823";"c6-18-23";224012;216180
"5272";"C61824";"c6-18-24";224012;216180
"5273";"C61831";"c6-18-31";224012;216180
"5274";"C61832";"c6-18-32";224012;216180
"5275";"C61833";"c6-18-33";224012;216180
"5276";"C61834";"c6-18-34";224012;216180
"5277";"C61841";"c6-18-41";224012;216180
"5278";"C61842";"c6-18-42";224012;216180
"5279";"C61843";"c6-18-43";224012;216180
"5280";"C61844";"c6-18-44";224012;216180
"5281";"C62111";"c6-21-11";196012;212180
"5282";"C62112";"c6-21-12";196012;212180
"5283";"C62113";"c6-21-13";196012;212180
"5284";"C62114";"c6-21-14";196012;212180
"5285";"C62121";"c6-21-21";196012;212180
"5286";"C62122";"c6-21-22";196012;212180
"5287";"C62123";"c6-21-23";196012;212180
"5288";"C62124";"c6-21-24";196012;212180
"5289";"C62131";"c6-21-31";196012;212180
"5290";"C62132";"c6-21-32";196012;212180
"5291";"C62133";"c6-21-33";196012;212180
"5292";"C62134";"c6-21-34";196012;212180
"5293";"C62141";"c6-21-41";196012;212180
"5294";"C62142";"c6-21-42";196012;212180
"5295";"C62143";"c6-21-43";196012;212180
"5296";"C62144";"c6-21-44";196012;212180
"5297";"C62211";"c6-22-11";200012;212180
"5298";"C62212";"c6-22-12";200012;212180
"5299";"C62213";"c6-22-13";200012;212180
"5300";"C62214";"c6-22-14";200012;212180
"5301";"C62221";"c6-22-21";200012;212180
"5302";"C62222";"c6-22-22";200012;212180
"5303";"C62223";"c6-22-23";200012;212180
"5304";"C62224";"c6-22-24";200012;212180
"5305";"C62231";"c6-22-31";200012;212180
"5306";"C62232";"c6-22-32";200012;212180
"5307";"C62233";"c6-22-33";200012;212180
"5308";"C62234";"c6-22-34";200012;212180
"5309";"C62241";"c6-22-41";200012;212180
"5310";"C62242";"c6-22-42";200012;212180
"5311";"C62243";"c6-22-43";200012;212180
"5312";"C62244";"c6-22-44";200012;212180
"5313";"C62311";"c6-23-11";204012;212180
"5314";"C62312";"c6-23-12";204012;212180
"5315";"C62313";"c6-23-13";204012;212180
"5316";"C62314";"c6-23-14";204012;212180
"5317";"C62321";"c6-23-21";204012;212180
"5318";"C62322";"c6-23-22";204012;212180
"5319";"C62323";"c6-23-23";204012;212180
"5320";"C62324";"c6-23-24";204012;212180
"5321";"C62331";"c6-23-31";204012;212180
"5322";"C62332";"c6-23-32";204012;212180
"5323";"C62333";"c6-23-33";204012;212180
"5324";"C62334";"c6-23-34";204012;212180
"5325";"C62341";"c6-23-41";204012;212180
"5326";"C62342";"c6-23-42";204012;212180
"5327";"C62343";"c6-23-43";204012;212180
"5328";"C62344";"c6-23-44";204012;212180
"5329";"C62411";"c6-24-11";208012;212180
"5330";"C62412";"c6-24-12";208012;212180
"5331";"C62413";"c6-24-13";208012;212180
"5332";"C62414";"c6-24-14";208012;212180
"5333";"C62421";"c6-24-21";208012;212180
"5334";"C62422";"c6-24-22";208012;212180
"5335";"C62423";"c6-24-23";208012;212180
"5336";"C62424";"c6-24-24";208012;212180
"5337";"C62431";"c6-24-31";208012;212180
"5338";"C62432";"c6-24-32";208012;212180
"5339";"C62433";"c6-24-33";208012;212180
"5340";"C62434";"c6-24-34";208012;212180
"5341";"C62441";"c6-24-41";208012;212180
"5342";"C62442";"c6-24-42";208012;212180
"5343";"C62443";"c6-24-43";208012;212180
"5344";"C62444";"c6-24-44";208012;212180
"5345";"C62511";"c6-25-11";212012;212180
"5346";"C62512";"c6-25-12";212012;212180
"5347";"C62513";"c6-25-13";212012;212180
"5348";"C62514";"c6-25-14";212012;212180
"5349";"C62521";"c6-25-21";212012;212180
"5350";"C62522";"c6-25-22";212012;212180
"5351";"C62523";"c6-25-23";212012;212180
"5352";"C62524";"c6-25-24";212012;212180
"5353";"C62531";"c6-25-31";212012;212180
"5354";"C62532";"c6-25-32";212012;212180
"5355";"C62533";"c6-25-33";212012;212180
"5356";"C62534";"c6-25-34";212012;212180
"5357";"C62541";"c6-25-41";212012;212180
"5358";"C62542";"c6-25-42";212012;212180
"5359";"C62543";"c6-25-43";212012;212180
"5360";"C62544";"c6-25-44";212012;212180
"5361";"C62611";"c6-26-11";216012;212180
"5362";"C62612";"c6-26-12";216012;212180
"5363";"C62613";"c6-26-13";216012;212180
"5364";"C62614";"c6-26-14";216012;212180
"5365";"C62621";"c6-26-21";216012;212180
"5366";"C62622";"c6-26-22";216012;212180
"5367";"C62623";"c6-26-23";216012;212180
"5368";"C62624";"c6-26-24";216012;212180
"5369";"C62631";"c6-26-31";216012;212180
"5370";"C62632";"c6-26-32";216012;212180
"5371";"C62633";"c6-26-33";216012;212180
"5372";"C62634";"c6-26-34";216012;212180
"5373";"C62641";"c6-26-41";216012;212180
"5374";"C62642";"c6-26-42";216012;212180
"5375";"C62643";"c6-26-43";216012;212180
"5376";"C62644";"c6-26-44";216012;212180
"5377";"C62711";"c6-27-11";220012;212180
"5378";"C62712";"c6-27-12";220012;212180
"5379";"C62713";"c6-27-13";220012;212180
"5380";"C62714";"c6-27-14";220012;212180
"5381";"C62721";"c6-27-21";220012;212180
"5382";"C62722";"c6-27-22";220012;212180
"5383";"C62723";"c6-27-23";220012;212180
"5384";"C62724";"c6-27-24";220012;212180
"5385";"C62731";"c6-27-31";220012;212180
"5386";"C62732";"c6-27-32";220012;212180
"5387";"C62733";"c6-27-33";220012;212180
"5388";"C62734";"c6-27-34";220012;212180
"5389";"C62741";"c6-27-41";220012;212180
"5390";"C62742";"c6-27-42";220012;212180
"5391";"C62743";"c6-27-43";220012;212180
"5392";"C62744";"c6-27-44";220012;212180
"5393";"C62811";"c6-28-11";224012;212180
"5394";"C62812";"c6-28-12";224012;212180
"5395";"C62813";"c6-28-13";224012;212180
"5396";"C62814";"c6-28-14";224012;212180
"5397";"C62821";"c6-28-21";224012;212180
"5398";"C62822";"c6-28-22";224012;212180
"5399";"C62823";"c6-28-23";224012;212180
"5400";"C62824";"c6-28-24";224012;212180
"5401";"C62831";"c6-28-31";224012;212180
"5402";"C62832";"c6-28-32";224012;212180
"5403";"C62833";"c6-28-33";224012;212180
"5404";"C62834";"c6-28-34";224012;212180
"5405";"C62841";"c6-28-41";224012;212180
"5406";"C62842";"c6-28-42";224012;212180
"5407";"C62843";"c6-28-43";224012;212180
"5408";"C62844";"c6-28-44";224012;212180
"5409";"C63111";"c6-31-11";196012;208180
"5410";"C63112";"c6-31-12";196012;208180
"5411";"C63113";"c6-31-13";196012;208180
"5412";"C63114";"c6-31-14";196012;208180
"5413";"C63121";"c6-31-21";196012;208180
"5414";"C63122";"c6-31-22";196012;208180
"5415";"C63123";"c6-31-23";196012;208180
"5416";"C63124";"c6-31-24";196012;208180
"5417";"C63131";"c6-31-31";196012;208180
"5418";"C63132";"c6-31-32";196012;208180
"5419";"C63133";"c6-31-33";196012;208180
"5420";"C63134";"c6-31-34";196012;208180
"5421";"C63141";"c6-31-41";196012;208180
"5422";"C63142";"c6-31-42";196012;208180
"5423";"C63143";"c6-31-43";196012;208180
"5424";"C63144";"c6-31-44";196012;208180
"5425";"C63211";"c6-32-11";200012;208180
"5426";"C63212";"c6-32-12";200012;208180
"5427";"C63213";"c6-32-13";200012;208180
"5428";"C63214";"c6-32-14";200012;208180
"5429";"C63221";"c6-32-21";200012;208180
"5430";"C63222";"c6-32-22";200012;208180
"5431";"C63223";"c6-32-23";200012;208180
"5432";"C63224";"c6-32-24";200012;208180
"5433";"C63231";"c6-32-31";200012;208180
"5434";"C63232";"c6-32-32";200012;208180
"5435";"C63233";"c6-32-33";200012;208180
"5436";"C63234";"c6-32-34";200012;208180
"5437";"C63241";"c6-32-41";200012;208180
"5438";"C63242";"c6-32-42";200012;208180
"5439";"C63243";"c6-32-43";200012;208180
"5440";"C63244";"c6-32-44";200012;208180
"5441";"C63311";"c6-33-11";204012;208180
"5442";"C63312";"c6-33-12";204012;208180
"5443";"C63313";"c6-33-13";204012;208180
"5444";"C63314";"c6-33-14";204012;208180
"5445";"C63321";"c6-33-21";204012;208180
"5446";"C63322";"c6-33-22";204012;208180
"5447";"C63323";"c6-33-23";204012;208180
"5448";"C63324";"c6-33-24";204012;208180
"5449";"C63331";"c6-33-31";204012;208180
"5450";"C63332";"c6-33-32";204012;208180
"5451";"C63333";"c6-33-33";204012;208180
"5452";"C63334";"c6-33-34";204012;208180
"5453";"C63341";"c6-33-41";204012;208180
"5454";"C63342";"c6-33-42";204012;208180
"5455";"C63343";"c6-33-43";204012;208180
"5456";"C63344";"c6-33-44";204012;208180
"5457";"C63411";"c6-34-11";208012;208180
"5458";"C63412";"c6-34-12";208012;208180
"5459";"C63413";"c6-34-13";208012;208180
"5460";"C63414";"c6-34-14";208012;208180
"5461";"C63421";"c6-34-21";208012;208180
"5462";"C63422";"c6-34-22";208012;208180
"5463";"C63423";"c6-34-23";208012;208180
"5464";"C63424";"c6-34-24";208012;208180
"5465";"C63431";"c6-34-31";208012;208180
"5466";"C63432";"c6-34-32";208012;208180
"5467";"C63433";"c6-34-33";208012;208180
"5468";"C63434";"c6-34-34";208012;208180
"5469";"C63441";"c6-34-41";208012;208180
"5470";"C63442";"c6-34-42";208012;208180
"5471";"C63443";"c6-34-43";208012;208180
"5472";"C63444";"c6-34-44";208012;208180
"5473";"C63511";"c6-35-11";212012;208180
"5474";"C63512";"c6-35-12";212012;208180
"5475";"C63513";"c6-35-13";212012;208180
"5476";"C63514";"c6-35-14";212012;208180
"5477";"C63521";"c6-35-21";212012;208180
"5478";"C63522";"c6-35-22";212012;208180
"5479";"C63523";"c6-35-23";212012;208180
"5480";"C63524";"c6-35-24";212012;208180
"5481";"C63531";"c6-35-31";212012;208180
"5482";"C63532";"c6-35-32";212012;208180
"5483";"C63533";"c6-35-33";212012;208180
"5484";"C63534";"c6-35-34";212012;208180
"5485";"C63541";"c6-35-41";212012;208180
"5486";"C63542";"c6-35-42";212012;208180
"5487";"C63543";"c6-35-43";212012;208180
"5488";"C63544";"c6-35-44";212012;208180
"5489";"C63611";"c6-36-11";216012;208180
"5490";"C63612";"c6-36-12";216012;208180
"5491";"C63613";"c6-36-13";216012;208180
"5492";"C63614";"c6-36-14";216012;208180
"5493";"C63621";"c6-36-21";216012;208180
"5494";"C63622";"c6-36-22";216012;208180
"5495";"C63623";"c6-36-23";216012;208180
"5496";"C63624";"c6-36-24";216012;208180
"5497";"C63631";"c6-36-31";216012;208180
"5498";"C63632";"c6-36-32";216012;208180
"5499";"C63633";"c6-36-33";216012;208180
"5500";"C63634";"c6-36-34";216012;208180
"5501";"C63641";"c6-36-41";216012;208180
"5502";"C63642";"c6-36-42";216012;208180
"5503";"C63643";"c6-36-43";216012;208180
"5504";"C63644";"c6-36-44";216012;208180
"5505";"C63711";"c6-37-11";220012;208180
"5506";"C63712";"c6-37-12";220012;208180
"5507";"C63713";"c6-37-13";220012;208180
"5508";"C63714";"c6-37-14";220012;208180
"5509";"C63721";"c6-37-21";220012;208180
"5510";"C63722";"c6-37-22";220012;208180
"5511";"C63723";"c6-37-23";220012;208180
"5512";"C63724";"c6-37-24";220012;208180
"5513";"C63731";"c6-37-31";220012;208180
"5514";"C63732";"c6-37-32";220012;208180
"5515";"C63733";"c6-37-33";220012;208180
"5516";"C63734";"c6-37-34";220012;208180
"5517";"C63741";"c6-37-41";220012;208180
"5518";"C63742";"c6-37-42";220012;208180
"5519";"C63743";"c6-37-43";220012;208180
"5520";"C63744";"c6-37-44";220012;208180
"5521";"C63811";"c6-38-11";224012;208180
"5522";"C63812";"c6-38-12";224012;208180
"5523";"C63813";"c6-38-13";224012;208180
"5524";"C63814";"c6-38-14";224012;208180
"5525";"C63821";"c6-38-21";224012;208180
"5526";"C63822";"c6-38-22";224012;208180
"5527";"C63823";"c6-38-23";224012;208180
"5528";"C63824";"c6-38-24";224012;208180
"5529";"C63831";"c6-38-31";224012;208180
"5530";"C63832";"c6-38-32";224012;208180
"5531";"C63833";"c6-38-33";224012;208180
"5532";"C63834";"c6-38-34";224012;208180
"5533";"C63841";"c6-38-41";224012;208180
"5534";"C63842";"c6-38-42";224012;208180
"5535";"C63843";"c6-38-43";224012;208180
"5536";"C63844";"c6-38-44";224012;208180
"5537";"C64111";"c6-41-11";196012;204180
"5538";"C64112";"c6-41-12";196012;204180
"5539";"C64113";"c6-41-13";196012;204180
"5540";"C64114";"c6-41-14";196012;204180
"5541";"C64121";"c6-41-21";196012;204180
"5542";"C64122";"c6-41-22";196012;204180
"5543";"C64123";"c6-41-23";196012;204180
"5544";"C64124";"c6-41-24";196012;204180
"5545";"C64131";"c6-41-31";196012;204180
"5546";"C64132";"c6-41-32";196012;204180
"5547";"C64133";"c6-41-33";196012;204180
"5548";"C64134";"c6-41-34";196012;204180
"5549";"C64141";"c6-41-41";196012;204180
"5550";"C64142";"c6-41-42";196012;204180
"5551";"C64143";"c6-41-43";196012;204180
"5552";"C64144";"c6-41-44";196012;204180
"5553";"C64211";"c6-42-11";200012;204180
"5554";"C64212";"c6-42-12";200012;204180
"5555";"C64213";"c6-42-13";200012;204180
"5556";"C64214";"c6-42-14";200012;204180
"5557";"C64221";"c6-42-21";200012;204180
"5558";"C64222";"c6-42-22";200012;204180
"5559";"C64223";"c6-42-23";200012;204180
"5560";"C64224";"c6-42-24";200012;204180
"5561";"C64231";"c6-42-31";200012;204180
"5562";"C64232";"c6-42-32";200012;204180
"5563";"C64233";"c6-42-33";200012;204180
"5564";"C64234";"c6-42-34";200012;204180
"5565";"C64241";"c6-42-41";200012;204180
"5566";"C64242";"c6-42-42";200012;204180
"5567";"C64243";"c6-42-43";200012;204180
"5568";"C64244";"c6-42-44";200012;204180
"5569";"C64311";"c6-43-11";204012;204180
"5570";"C64312";"c6-43-12";204012;204180
"5571";"C64313";"c6-43-13";204012;204180
"5572";"C64314";"c6-43-14";204012;204180
"5573";"C64321";"c6-43-21";204012;204180
"5574";"C64322";"c6-43-22";204012;204180
"5575";"C64323";"c6-43-23";204012;204180
"5576";"C64324";"c6-43-24";204012;204180
"5577";"C64331";"c6-43-31";204012;204180
"5578";"C64332";"c6-43-32";204012;204180
"5579";"C64333";"c6-43-33";204012;204180
"5580";"C64334";"c6-43-34";204012;204180
"5581";"C64341";"c6-43-41";204012;204180
"5582";"C64342";"c6-43-42";204012;204180
"5583";"C64343";"c6-43-43";204012;204180
"5584";"C64344";"c6-43-44";204012;204180
"5585";"C64411";"c6-44-11";208012;204180
"5586";"C64412";"c6-44-12";208012;204180
"5587";"C64413";"c6-44-13";208012;204180
"5588";"C64414";"c6-44-14";208012;204180
"5589";"C64421";"c6-44-21";208012;204180
"5590";"C64422";"c6-44-22";208012;204180
"5591";"C64423";"c6-44-23";208012;204180
"5592";"C64424";"c6-44-24";208012;204180
"5593";"C64431";"c6-44-31";208012;204180
"5594";"C64432";"c6-44-32";208012;204180
"5595";"C64433";"c6-44-33";208012;204180
"5596";"C64434";"c6-44-34";208012;204180
"5597";"C64441";"c6-44-41";208012;204180
"5598";"C64442";"c6-44-42";208012;204180
"5599";"C64443";"c6-44-43";208012;204180
"5600";"C64444";"c6-44-44";208012;204180
"5601";"C64511";"c6-45-11";212012;204180
"5602";"C64512";"c6-45-12";212012;204180
"5603";"C64513";"c6-45-13";212012;204180
"5604";"C64514";"c6-45-14";212012;204180
"5605";"C64521";"c6-45-21";212012;204180
"5606";"C64522";"c6-45-22";212012;204180
"5607";"C64523";"c6-45-23";212012;204180
"5608";"C64524";"c6-45-24";212012;204180
"5609";"C64531";"c6-45-31";212012;204180
"5610";"C64532";"c6-45-32";212012;204180
"5611";"C64533";"c6-45-33";212012;204180
"5612";"C64534";"c6-45-34";212012;204180
"5613";"C64541";"c6-45-41";212012;204180
"5614";"C64542";"c6-45-42";212012;204180
"5615";"C64543";"c6-45-43";212012;204180
"5616";"C64544";"c6-45-44";212012;204180
"5617";"C64611";"c6-46-11";216012;204180
"5618";"C64612";"c6-46-12";216012;204180
"5619";"C64613";"c6-46-13";216012;204180
"5620";"C64614";"c6-46-14";216012;204180
"5621";"C64621";"c6-46-21";216012;204180
"5622";"C64622";"c6-46-22";216012;204180
"5623";"C64623";"c6-46-23";216012;204180
"5624";"C64624";"c6-46-24";216012;204180
"5625";"C64631";"c6-46-31";216012;204180
"5626";"C64632";"c6-46-32";216012;204180
"5627";"C64633";"c6-46-33";216012;204180
"5628";"C64634";"c6-46-34";216012;204180
"5629";"C64641";"c6-46-41";216012;204180
"5630";"C64642";"c6-46-42";216012;204180
"5631";"C64643";"c6-46-43";216012;204180
"5632";"C64644";"c6-46-44";216012;204180
"5633";"C64711";"c6-47-11";220012;204180
"5634";"C64712";"c6-47-12";220012;204180
"5635";"C64713";"c6-47-13";220012;204180
"5636";"C64714";"c6-47-14";220012;204180
"5637";"C64721";"c6-47-21";220012;204180
"5638";"C64722";"c6-47-22";220012;204180
"5639";"C64723";"c6-47-23";220012;204180
"5640";"C64724";"c6-47-24";220012;204180
"5641";"C64731";"c6-47-31";220012;204180
"5642";"C64732";"c6-47-32";220012;204180
"5643";"C64733";"c6-47-33";220012;204180
"5644";"C64734";"c6-47-34";220012;204180
"5645";"C64741";"c6-47-41";220012;204180
"5646";"C64742";"c6-47-42";220012;204180
"5647";"C64743";"c6-47-43";220012;204180
"5648";"C64744";"c6-47-44";220012;204180
"5649";"C64811";"c6-48-11";224012;204180
"5650";"C64812";"c6-48-12";224012;204180
"5651";"C64813";"c6-48-13";224012;204180
"5652";"C64814";"c6-48-14";224012;204180
"5653";"C64821";"c6-48-21";224012;204180
"5654";"C64822";"c6-48-22";224012;204180
"5655";"C64823";"c6-48-23";224012;204180
"5656";"C64824";"c6-48-24";224012;204180
"5657";"C64831";"c6-48-31";224012;204180
"5658";"C64832";"c6-48-32";224012;204180
"5659";"C64833";"c6-48-33";224012;204180
"5660";"C64834";"c6-48-34";224012;204180
"5661";"C64841";"c6-48-41";224012;204180
"5662";"C64842";"c6-48-42";224012;204180
"5663";"C64843";"c6-48-43";224012;204180
"5664";"C64844";"c6-48-44";224012;204180
"5665";"C65111";"c6-51-11";196012;200180
"5666";"C65112";"c6-51-12";196012;200180
"5667";"C65113";"c6-51-13";196012;200180
"5668";"C65114";"c6-51-14";196012;200180
"5669";"C65121";"c6-51-21";196012;200180
"5670";"C65122";"c6-51-22";196012;200180
"5671";"C65123";"c6-51-23";196012;200180
"5672";"C65124";"c6-51-24";196012;200180
"5673";"C65131";"c6-51-31";196012;200180
"5674";"C65132";"c6-51-32";196012;200180
"5675";"C65133";"c6-51-33";196012;200180
"5676";"C65134";"c6-51-34";196012;200180
"5677";"C65141";"c6-51-41";196012;200180
"5678";"C65142";"c6-51-42";196012;200180
"5679";"C65143";"c6-51-43";196012;200180
"5680";"C65144";"c6-51-44";196012;200180
"5681";"C65211";"c6-52-11";200012;200180
"5682";"C65212";"c6-52-12";200012;200180
"5683";"C65213";"c6-52-13";200012;200180
"5684";"C65214";"c6-52-14";200012;200180
"5685";"C65221";"c6-52-21";200012;200180
"5686";"C65222";"c6-52-22";200012;200180
"5687";"C65223";"c6-52-23";200012;200180
"5688";"C65224";"c6-52-24";200012;200180
"5689";"C65231";"c6-52-31";200012;200180
"5690";"C65232";"c6-52-32";200012;200180
"5691";"C65233";"c6-52-33";200012;200180
"5692";"C65234";"c6-52-34";200012;200180
"5693";"C65241";"c6-52-41";200012;200180
"5694";"C65242";"c6-52-42";200012;200180
"5695";"C65243";"c6-52-43";200012;200180
"5696";"C65244";"c6-52-44";200012;200180
"5697";"C65311";"c6-53-11";204012;200180
"5698";"C65312";"c6-53-12";204012;200180
"5699";"C65313";"c6-53-13";204012;200180
"5700";"C65314";"c6-53-14";204012;200180
"5701";"C65321";"c6-53-21";204012;200180
"5702";"C65322";"c6-53-22";204012;200180
"5703";"C65323";"c6-53-23";204012;200180
"5704";"C65324";"c6-53-24";204012;200180
"5705";"C65331";"c6-53-31";204012;200180
"5706";"C65332";"c6-53-32";204012;200180
"5707";"C65333";"c6-53-33";204012;200180
"5708";"C65334";"c6-53-34";204012;200180
"5709";"C65341";"c6-53-41";204012;200180
"5710";"C65342";"c6-53-42";204012;200180
"5711";"C65343";"c6-53-43";204012;200180
"5712";"C65344";"c6-53-44";204012;200180
"5713";"C65411";"c6-54-11";208012;200180
"5714";"C65412";"c6-54-12";208012;200180
"5715";"C65413";"c6-54-13";208012;200180
"5716";"C65414";"c6-54-14";208012;200180
"5717";"C65421";"c6-54-21";208012;200180
"5718";"C65422";"c6-54-22";208012;200180
"5719";"C65423";"c6-54-23";208012;200180
"5720";"C65424";"c6-54-24";208012;200180
"5721";"C65431";"c6-54-31";208012;200180
"5722";"C65432";"c6-54-32";208012;200180
"5723";"C65433";"c6-54-33";208012;200180
"5724";"C65434";"c6-54-34";208012;200180
"5725";"C65441";"c6-54-41";208012;200180
"5726";"C65442";"c6-54-42";208012;200180
"5727";"C65443";"c6-54-43";208012;200180
"5728";"C65444";"c6-54-44";208012;200180
"5729";"C65511";"c6-55-11";212012;200180
"5730";"C65512";"c6-55-12";212012;200180
"5731";"C65513";"c6-55-13";212012;200180
"5732";"C65514";"c6-55-14";212012;200180
"5733";"C65521";"c6-55-21";212012;200180
"5734";"C65522";"c6-55-22";212012;200180
"5735";"C65523";"c6-55-23";212012;200180
"5736";"C65524";"c6-55-24";212012;200180
"5737";"C65531";"c6-55-31";212012;200180
"5738";"C65532";"c6-55-32";212012;200180
"5739";"C65533";"c6-55-33";212012;200180
"5740";"C65534";"c6-55-34";212012;200180
"5741";"C65541";"c6-55-41";212012;200180
"5742";"C65542";"c6-55-42";212012;200180
"5743";"C65543";"c6-55-43";212012;200180
"5744";"C65544";"c6-55-44";212012;200180
"5745";"C65611";"c6-56-11";216012;200180
"5746";"C65612";"c6-56-12";216012;200180
"5747";"C65613";"c6-56-13";216012;200180
"5748";"C65614";"c6-56-14";216012;200180
"5749";"C65621";"c6-56-21";216012;200180
"5750";"C65622";"c6-56-22";216012;200180
"5751";"C65623";"c6-56-23";216012;200180
"5752";"C65624";"c6-56-24";216012;200180
"5753";"C65631";"c6-56-31";216012;200180
"5754";"C65632";"c6-56-32";216012;200180
"5755";"C65633";"c6-56-33";216012;200180
"5756";"C65634";"c6-56-34";216012;200180
"5757";"C65641";"c6-56-41";216012;200180
"5758";"C65642";"c6-56-42";216012;200180
"5759";"C65643";"c6-56-43";216012;200180
"5760";"C65644";"c6-56-44";216012;200180
"5761";"C65711";"c6-57-11";220012;200180
"5762";"C65712";"c6-57-12";220012;200180
"5763";"C65713";"c6-57-13";220012;200180
"5764";"C65714";"c6-57-14";220012;200180
"5765";"C65721";"c6-57-21";220012;200180
"5766";"C65722";"c6-57-22";220012;200180
"5767";"C65723";"c6-57-23";220012;200180
"5768";"C65724";"c6-57-24";220012;200180
"5769";"C65731";"c6-57-31";220012;200180
"5770";"C65732";"c6-57-32";220012;200180
"5771";"C65733";"c6-57-33";220012;200180
"5772";"C65734";"c6-57-34";220012;200180
"5773";"C65741";"c6-57-41";220012;200180
"5774";"C65742";"c6-57-42";220012;200180
"5775";"C65743";"c6-57-43";220012;200180
"5776";"C65744";"c6-57-44";220012;200180
"5777";"C65811";"c6-58-11";224012;200180
"5778";"C65812";"c6-58-12";224012;200180
"5779";"C65813";"c6-58-13";224012;200180
"5780";"C65814";"c6-58-14";224012;200180
"5781";"C65821";"c6-58-21";224012;200180
"5782";"C65822";"c6-58-22";224012;200180
"5783";"C65823";"c6-58-23";224012;200180
"5784";"C65824";"c6-58-24";224012;200180
"5785";"C65831";"c6-58-31";224012;200180
"5786";"C65832";"c6-58-32";224012;200180
"5787";"C65833";"c6-58-33";224012;200180
"5788";"C65834";"c6-58-34";224012;200180
"5789";"C65841";"c6-58-41";224012;200180
"5790";"C65842";"c6-58-42";224012;200180
"5791";"C65843";"c6-58-43";224012;200180
"5792";"C65844";"c6-58-44";224012;200180
"5793";"C71111";"c7-11-11";228012;216180
"5794";"C71112";"c7-11-12";228012;216180
"5795";"C71113";"c7-11-13";228012;216180
"5796";"C71114";"c7-11-14";228012;216180
"5797";"C71121";"c7-11-21";228012;216180
"5798";"C71122";"c7-11-22";228012;216180
"5799";"C71123";"c7-11-23";228012;216180
"5800";"C71124";"c7-11-24";228012;216180
"5801";"C71131";"c7-11-31";228012;216180
"5802";"C71132";"c7-11-32";228012;216180
"5803";"C71133";"c7-11-33";228012;216180
"5804";"C71134";"c7-11-34";228012;216180
"5805";"C71141";"c7-11-41";228012;216180
"5806";"C71142";"c7-11-42";228012;216180
"5807";"C71143";"c7-11-43";228012;216180
"5808";"C71144";"c7-11-44";228012;216180
"5809";"C71211";"c7-12-11";232012;216180
"5810";"C71212";"c7-12-12";232012;216180
"5811";"C71213";"c7-12-13";232012;216180
"5812";"C71214";"c7-12-14";232012;216180
"5813";"C71221";"c7-12-21";232012;216180
"5814";"C71222";"c7-12-22";232012;216180
"5815";"C71223";"c7-12-23";232012;216180
"5816";"C71224";"c7-12-24";232012;216180
"5817";"C71231";"c7-12-31";232012;216180
"5818";"C71232";"c7-12-32";232012;216180
"5819";"C71233";"c7-12-33";232012;216180
"5820";"C71234";"c7-12-34";232012;216180
"5821";"C71241";"c7-12-41";232012;216180
"5822";"C71242";"c7-12-42";232012;216180
"5823";"C71243";"c7-12-43";232012;216180
"5824";"C71244";"c7-12-44";232012;216180
"5825";"C72111";"c7-21-11";228012;212180
"5826";"C72112";"c7-21-12";228012;212180
"5827";"C72113";"c7-21-13";228012;212180
"5828";"C72114";"c7-21-14";228012;212180
"5829";"C72121";"c7-21-21";228012;212180
"5830";"C72122";"c7-21-22";228012;212180
"5831";"C72123";"c7-21-23";228012;212180
"5832";"C72124";"c7-21-24";228012;212180
"5833";"C72131";"c7-21-31";228012;212180
"5834";"C72132";"c7-21-32";228012;212180
"5835";"C72133";"c7-21-33";228012;212180
"5836";"C72134";"c7-21-34";228012;212180
"5837";"C72141";"c7-21-41";228012;212180
"5838";"C72142";"c7-21-42";228012;212180
"5839";"C72143";"c7-21-43";228012;212180
"5840";"C72144";"c7-21-44";228012;212180
"5841";"C72211";"c7-22-11";232012;212180
"5842";"C72212";"c7-22-12";232012;212180
"5843";"C72213";"c7-22-13";232012;212180
"5844";"C72214";"c7-22-14";232012;212180
"5845";"C72221";"c7-22-21";232012;212180
"5846";"C72222";"c7-22-22";232012;212180
"5847";"C72223";"c7-22-23";232012;212180
"5848";"C72224";"c7-22-24";232012;212180
"5849";"C72231";"c7-22-31";232012;212180
"5850";"C72232";"c7-22-32";232012;212180
"5851";"C72233";"c7-22-33";232012;212180
"5852";"C72234";"c7-22-34";232012;212180
"5853";"C72241";"c7-22-41";232012;212180
"5854";"C72242";"c7-22-42";232012;212180
"5855";"C72243";"c7-22-43";232012;212180
"5856";"C72244";"c7-22-44";232012;212180
"5857";"C72311";"c7-23-11";236012;212180
"5858";"C72312";"c7-23-12";236012;212180
"5859";"C72313";"c7-23-13";236012;212180
"5860";"C72314";"c7-23-14";236012;212180
"5861";"C72321";"c7-23-21";236012;212180
"5862";"C72322";"c7-23-22";236012;212180
"5863";"C72323";"c7-23-23";236012;212180
"5864";"C72324";"c7-23-24";236012;212180
"5865";"C72331";"c7-23-31";236012;212180
"5866";"C72332";"c7-23-32";236012;212180
"5867";"C72333";"c7-23-33";236012;212180
"5868";"C72334";"c7-23-34";236012;212180
"5869";"C72341";"c7-23-41";236012;212180
"5870";"C72342";"c7-23-42";236012;212180
"5871";"C72343";"c7-23-43";236012;212180
"5872";"C72344";"c7-23-44";236012;212180
"5873";"C72411";"c7-24-11";240012;212180
"5874";"C72412";"c7-24-12";240012;212180
"5875";"C72413";"c7-24-13";240012;212180
"5876";"C72414";"c7-24-14";240012;212180
"5877";"C72421";"c7-24-21";240012;212180
"5878";"C72422";"c7-24-22";240012;212180
"5879";"C72423";"c7-24-23";240012;212180
"5880";"C72424";"c7-24-24";240012;212180
"5881";"C72431";"c7-24-31";240012;212180
"5882";"C72432";"c7-24-32";240012;212180
"5883";"C72433";"c7-24-33";240012;212180
"5884";"C72434";"c7-24-34";240012;212180
"5885";"C72441";"c7-24-41";240012;212180
"5886";"C72442";"c7-24-42";240012;212180
"5887";"C72443";"c7-24-43";240012;212180
"5888";"C72444";"c7-24-44";240012;212180
"5889";"C73111";"c7-31-11";228012;208180
"5890";"C73112";"c7-31-12";228012;208180
"5891";"C73113";"c7-31-13";228012;208180
"5892";"C73114";"c7-31-14";228012;208180
"5893";"C73121";"c7-31-21";228012;208180
"5894";"C73122";"c7-31-22";228012;208180
"5895";"C73123";"c7-31-23";228012;208180
"5896";"C73124";"c7-31-24";228012;208180
"5897";"C73131";"c7-31-31";228012;208180
"5898";"C73132";"c7-31-32";228012;208180
"5899";"C73133";"c7-31-33";228012;208180
"5900";"C73134";"c7-31-34";228012;208180
"5901";"C73141";"c7-31-41";228012;208180
"5902";"C73142";"c7-31-42";228012;208180
"5903";"C73143";"c7-31-43";228012;208180
"5904";"C73144";"c7-31-44";228012;208180
"5905";"C73211";"c7-32-11";232012;208180
"5906";"C73212";"c7-32-12";232012;208180
"5907";"C73213";"c7-32-13";232012;208180
"5908";"C73214";"c7-32-14";232012;208180
"5909";"C73221";"c7-32-21";232012;208180
"5910";"C73222";"c7-32-22";232012;208180
"5911";"C73223";"c7-32-23";232012;208180
"5912";"C73224";"c7-32-24";232012;208180
"5913";"C73231";"c7-32-31";232012;208180
"5914";"C73232";"c7-32-32";232012;208180
"5915";"C73233";"c7-32-33";232012;208180
"5916";"C73234";"c7-32-34";232012;208180
"5917";"C73241";"c7-32-41";232012;208180
"5918";"C73242";"c7-32-42";232012;208180
"5919";"C73243";"c7-32-43";232012;208180
"5920";"C73244";"c7-32-44";232012;208180
"5921";"C73311";"c7-33-11";236012;208180
"5922";"C73312";"c7-33-12";236012;208180
"5923";"C73313";"c7-33-13";236012;208180
"5924";"C73314";"c7-33-14";236012;208180
"5925";"C73321";"c7-33-21";236012;208180
"5926";"C73322";"c7-33-22";236012;208180
"5927";"C73323";"c7-33-23";236012;208180
"5928";"C73324";"c7-33-24";236012;208180
"5929";"C73331";"c7-33-31";236012;208180
"5930";"C73332";"c7-33-32";236012;208180
"5931";"C73333";"c7-33-33";236012;208180
"5932";"C73334";"c7-33-34";236012;208180
"5933";"C73341";"c7-33-41";236012;208180
"5934";"C73342";"c7-33-42";236012;208180
"5935";"C73343";"c7-33-43";236012;208180
"5936";"C73344";"c7-33-44";236012;208180
"5937";"C73411";"c7-34-11";240012;208180
"5938";"C73412";"c7-34-12";240012;208180
"5939";"C73413";"c7-34-13";240012;208180
"5940";"C73414";"c7-34-14";240012;208180
"5941";"C73421";"c7-34-21";240012;208180
"5942";"C73422";"c7-34-22";240012;208180
"5943";"C73423";"c7-34-23";240012;208180
"5944";"C73424";"c7-34-24";240012;208180
"5945";"C73431";"c7-34-31";240012;208180
"5946";"C73432";"c7-34-32";240012;208180
"5947";"C73433";"c7-34-33";240012;208180
"5948";"C73434";"c7-34-34";240012;208180
"5949";"C73441";"c7-34-41";240012;208180
"5950";"C73442";"c7-34-42";240012;208180
"5951";"C73443";"c7-34-43";240012;208180
"5952";"C73444";"c7-34-44";240012;208180
"5953";"C73511";"c7-35-11";244012;208180
"5954";"C73512";"c7-35-12";244012;208180
"5955";"C73513";"c7-35-13";244012;208180
"5956";"C73514";"c7-35-14";244012;208180
"5957";"C73521";"c7-35-21";244012;208180
"5958";"C73522";"c7-35-22";244012;208180
"5959";"C73523";"c7-35-23";244012;208180
"5960";"C73524";"c7-35-24";244012;208180
"5961";"C73531";"c7-35-31";244012;208180
"5962";"C73532";"c7-35-32";244012;208180
"5963";"C73533";"c7-35-33";244012;208180
"5964";"C73534";"c7-35-34";244012;208180
"5965";"C73541";"c7-35-41";244012;208180
"5966";"C73542";"c7-35-42";244012;208180
"5967";"C73543";"c7-35-43";244012;208180
"5968";"C73544";"c7-35-44";244012;208180
"5969";"C73611";"c7-36-11";248012;208180
"5970";"C73612";"c7-36-12";248012;208180
"5971";"C73613";"c7-36-13";248012;208180
"5972";"C73614";"c7-36-14";248012;208180
"5973";"C73621";"c7-36-21";248012;208180
"5974";"C73622";"c7-36-22";248012;208180
"5975";"C73623";"c7-36-23";248012;208180
"5976";"C73624";"c7-36-24";248012;208180
"5977";"C73631";"c7-36-31";248012;208180
"5978";"C73632";"c7-36-32";248012;208180
"5979";"C73633";"c7-36-33";248012;208180
"5980";"C73634";"c7-36-34";248012;208180
"5981";"C73641";"c7-36-41";248012;208180
"5982";"C73642";"c7-36-42";248012;208180
"5983";"C73643";"c7-36-43";248012;208180
"5984";"C73644";"c7-36-44";248012;208180
"5985";"C73711";"c7-37-11";252012;208180
"5986";"C73712";"c7-37-12";252012;208180
"5987";"C73713";"c7-37-13";252012;208180
"5988";"C73714";"c7-37-14";252012;208180
"5989";"C73721";"c7-37-21";252012;208180
"5990";"C73722";"c7-37-22";252012;208180
"5991";"C73723";"c7-37-23";252012;208180
"5992";"C73724";"c7-37-24";252012;208180
"5993";"C73731";"c7-37-31";252012;208180
"5994";"C73732";"c7-37-32";252012;208180
"5995";"C73733";"c7-37-33";252012;208180
"5996";"C73734";"c7-37-34";252012;208180
"5997";"C73741";"c7-37-41";252012;208180
"5998";"C73742";"c7-37-42";252012;208180
"5999";"C73743";"c7-37-43";252012;208180
"6000";"C73744";"c7-37-44";252012;208180
"6001";"C74111";"c7-41-11";228012;204180
"6002";"C74112";"c7-41-12";228012;204180
"6003";"C74113";"c7-41-13";228012;204180
"6004";"C74114";"c7-41-14";228012;204180
"6005";"C74121";"c7-41-21";228012;204180
"6006";"C74122";"c7-41-22";228012;204180
"6007";"C74123";"c7-41-23";228012;204180
"6008";"C74124";"c7-41-24";228012;204180
"6009";"C74131";"c7-41-31";228012;204180
"6010";"C74132";"c7-41-32";228012;204180
"6011";"C74133";"c7-41-33";228012;204180
"6012";"C74134";"c7-41-34";228012;204180
"6013";"C74141";"c7-41-41";228012;204180
"6014";"C74142";"c7-41-42";228012;204180
"6015";"C74143";"c7-41-43";228012;204180
"6016";"C74144";"c7-41-44";228012;204180
"6017";"C74211";"c7-42-11";232012;204180
"6018";"C74212";"c7-42-12";232012;204180
"6019";"C74213";"c7-42-13";232012;204180
"6020";"C74214";"c7-42-14";232012;204180
"6021";"C74221";"c7-42-21";232012;204180
"6022";"C74222";"c7-42-22";232012;204180
"6023";"C74223";"c7-42-23";232012;204180
"6024";"C74224";"c7-42-24";232012;204180
"6025";"C74231";"c7-42-31";232012;204180
"6026";"C74232";"c7-42-32";232012;204180
"6027";"C74233";"c7-42-33";232012;204180
"6028";"C74234";"c7-42-34";232012;204180
"6029";"C74241";"c7-42-41";232012;204180
"6030";"C74242";"c7-42-42";232012;204180
"6031";"C74243";"c7-42-43";232012;204180
"6032";"C74244";"c7-42-44";232012;204180
"6033";"C74311";"c7-43-11";236012;204180
"6034";"C74312";"c7-43-12";236012;204180
"6035";"C74313";"c7-43-13";236012;204180
"6036";"C74314";"c7-43-14";236012;204180
"6037";"C74321";"c7-43-21";236012;204180
"6038";"C74322";"c7-43-22";236012;204180
"6039";"C74323";"c7-43-23";236012;204180
"6040";"C74324";"c7-43-24";236012;204180
"6041";"C74331";"c7-43-31";236012;204180
"6042";"C74332";"c7-43-32";236012;204180
"6043";"C74333";"c7-43-33";236012;204180
"6044";"C74334";"c7-43-34";236012;204180
"6045";"C74341";"c7-43-41";236012;204180
"6046";"C74342";"c7-43-42";236012;204180
"6047";"C74343";"c7-43-43";236012;204180
"6048";"C74344";"c7-43-44";236012;204180
"6049";"C74411";"c7-44-11";240012;204180
"6050";"C74412";"c7-44-12";240012;204180
"6051";"C74413";"c7-44-13";240012;204180
"6052";"C74414";"c7-44-14";240012;204180
"6053";"C74421";"c7-44-21";240012;204180
"6054";"C74422";"c7-44-22";240012;204180
"6055";"C74423";"c7-44-23";240012;204180
"6056";"C74424";"c7-44-24";240012;204180
"6057";"C74431";"c7-44-31";240012;204180
"6058";"C74432";"c7-44-32";240012;204180
"6059";"C74433";"c7-44-33";240012;204180
"6060";"C74434";"c7-44-34";240012;204180
"6061";"C74441";"c7-44-41";240012;204180
"6062";"C74442";"c7-44-42";240012;204180
"6063";"C74443";"c7-44-43";240012;204180
"6064";"C74444";"c7-44-44";240012;204180
"6065";"C74511";"c7-45-11";244012;204180
"6066";"C74512";"c7-45-12";244012;204180
"6067";"C74513";"c7-45-13";244012;204180
"6068";"C74514";"c7-45-14";244012;204180
"6069";"C74521";"c7-45-21";244012;204180
"6070";"C74522";"c7-45-22";244012;204180
"6071";"C74523";"c7-45-23";244012;204180
"6072";"C74524";"c7-45-24";244012;204180
"6073";"C74531";"c7-45-31";244012;204180
"6074";"C74532";"c7-45-32";244012;204180
"6075";"C74533";"c7-45-33";244012;204180
"6076";"C74534";"c7-45-34";244012;204180
"6077";"C74541";"c7-45-41";244012;204180
"6078";"C74542";"c7-45-42";244012;204180
"6079";"C74543";"c7-45-43";244012;204180
"6080";"C74544";"c7-45-44";244012;204180
"6081";"C74611";"c7-46-11";248012;204180
"6082";"C74612";"c7-46-12";248012;204180
"6083";"C74613";"c7-46-13";248012;204180
"6084";"C74614";"c7-46-14";248012;204180
"6085";"C74621";"c7-46-21";248012;204180
"6086";"C74622";"c7-46-22";248012;204180
"6087";"C74623";"c7-46-23";248012;204180
"6088";"C74624";"c7-46-24";248012;204180
"6089";"C74631";"c7-46-31";248012;204180
"6090";"C74632";"c7-46-32";248012;204180
"6091";"C74633";"c7-46-33";248012;204180
"6092";"C74634";"c7-46-34";248012;204180
"6093";"C74641";"c7-46-41";248012;204180
"6094";"C74642";"c7-46-42";248012;204180
"6095";"C74643";"c7-46-43";248012;204180
"6096";"C74644";"c7-46-44";248012;204180
"6097";"C74711";"c7-47-11";252012;204180
"6098";"C74712";"c7-47-12";252012;204180
"6099";"C74713";"c7-47-13";252012;204180
"6100";"C74714";"c7-47-14";252012;204180
"6101";"C74721";"c7-47-21";252012;204180
"6102";"C74722";"c7-47-22";252012;204180
"6103";"C74723";"c7-47-23";252012;204180
"6104";"C74724";"c7-47-24";252012;204180
"6105";"C74731";"c7-47-31";252012;204180
"6106";"C74732";"c7-47-32";252012;204180
"6107";"C74733";"c7-47-33";252012;204180
"6108";"C74734";"c7-47-34";252012;204180
"6109";"C74741";"c7-47-41";252012;204180
"6110";"C74742";"c7-47-42";252012;204180
"6111";"C74743";"c7-47-43";252012;204180
"6112";"C74744";"c7-47-44";252012;204180
"6113";"C74811";"c7-48-11";256012;204180
"6114";"C74812";"c7-48-12";256012;204180
"6115";"C74813";"c7-48-13";256012;204180
"6116";"C74814";"c7-48-14";256012;204180
"6117";"C74821";"c7-48-21";256012;204180
"6118";"C74822";"c7-48-22";256012;204180
"6119";"C74823";"c7-48-23";256012;204180
"6120";"C74824";"c7-48-24";256012;204180
"6121";"C74831";"c7-48-31";256012;204180
"6122";"C74832";"c7-48-32";256012;204180
"6123";"C74833";"c7-48-33";256012;204180
"6124";"C74834";"c7-48-34";256012;204180
"6125";"C74841";"c7-48-41";256012;204180
"6126";"C74842";"c7-48-42";256012;204180
"6127";"C74843";"c7-48-43";256012;204180
"6128";"C74844";"c7-48-44";256012;204180
"6129";"C75111";"c7-51-11";228012;200180
"6130";"C75112";"c7-51-12";228012;200180
"6131";"C75113";"c7-51-13";228012;200180
"6132";"C75114";"c7-51-14";228012;200180
"6133";"C75121";"c7-51-21";228012;200180
"6134";"C75122";"c7-51-22";228012;200180
"6135";"C75123";"c7-51-23";228012;200180
"6136";"C75124";"c7-51-24";228012;200180
"6137";"C75131";"c7-51-31";228012;200180
"6138";"C75132";"c7-51-32";228012;200180
"6139";"C75133";"c7-51-33";228012;200180
"6140";"C75134";"c7-51-34";228012;200180
"6141";"C75141";"c7-51-41";228012;200180
"6142";"C75142";"c7-51-42";228012;200180
"6143";"C75143";"c7-51-43";228012;200180
"6144";"C75144";"c7-51-44";228012;200180
"6145";"C75211";"c7-52-11";232012;200180
"6146";"C75212";"c7-52-12";232012;200180
"6147";"C75213";"c7-52-13";232012;200180
"6148";"C75214";"c7-52-14";232012;200180
"6149";"C75221";"c7-52-21";232012;200180
"6150";"C75222";"c7-52-22";232012;200180
"6151";"C75223";"c7-52-23";232012;200180
"6152";"C75224";"c7-52-24";232012;200180
"6153";"C75231";"c7-52-31";232012;200180
"6154";"C75232";"c7-52-32";232012;200180
"6155";"C75233";"c7-52-33";232012;200180
"6156";"C75234";"c7-52-34";232012;200180
"6157";"C75241";"c7-52-41";232012;200180
"6158";"C75242";"c7-52-42";232012;200180
"6159";"C75243";"c7-52-43";232012;200180
"6160";"C75244";"c7-52-44";232012;200180
"6161";"C75311";"c7-53-11";236012;200180
"6162";"C75312";"c7-53-12";236012;200180
"6163";"C75313";"c7-53-13";236012;200180
"6164";"C75314";"c7-53-14";236012;200180
"6165";"C75321";"c7-53-21";236012;200180
"6166";"C75322";"c7-53-22";236012;200180
"6167";"C75323";"c7-53-23";236012;200180
"6168";"C75324";"c7-53-24";236012;200180
"6169";"C75331";"c7-53-31";236012;200180
"6170";"C75332";"c7-53-32";236012;200180
"6171";"C75333";"c7-53-33";236012;200180
"6172";"C75334";"c7-53-34";236012;200180
"6173";"C75341";"c7-53-41";236012;200180
"6174";"C75342";"c7-53-42";236012;200180
"6175";"C75343";"c7-53-43";236012;200180
"6176";"C75344";"c7-53-44";236012;200180
"6177";"C75411";"c7-54-11";240012;200180
"6178";"C75412";"c7-54-12";240012;200180
"6179";"C75413";"c7-54-13";240012;200180
"6180";"C75414";"c7-54-14";240012;200180
"6181";"C75421";"c7-54-21";240012;200180
"6182";"C75422";"c7-54-22";240012;200180
"6183";"C75423";"c7-54-23";240012;200180
"6184";"C75424";"c7-54-24";240012;200180
"6185";"C75431";"c7-54-31";240012;200180
"6186";"C75432";"c7-54-32";240012;200180
"6187";"C75433";"c7-54-33";240012;200180
"6188";"C75434";"c7-54-34";240012;200180
"6189";"C75441";"c7-54-41";240012;200180
"6190";"C75442";"c7-54-42";240012;200180
"6191";"C75443";"c7-54-43";240012;200180
"6192";"C75444";"c7-54-44";240012;200180
"6193";"C75511";"c7-55-11";244012;200180
"6194";"C75512";"c7-55-12";244012;200180
"6195";"C75513";"c7-55-13";244012;200180
"6196";"C75514";"c7-55-14";244012;200180
"6197";"C75521";"c7-55-21";244012;200180
"6198";"C75522";"c7-55-22";244012;200180
"6199";"C75523";"c7-55-23";244012;200180
"6200";"C75524";"c7-55-24";244012;200180
"6201";"C75531";"c7-55-31";244012;200180
"6202";"C75532";"c7-55-32";244012;200180
"6203";"C75533";"c7-55-33";244012;200180
"6204";"C75534";"c7-55-34";244012;200180
"6205";"C75541";"c7-55-41";244012;200180
"6206";"C75542";"c7-55-42";244012;200180
"6207";"C75543";"c7-55-43";244012;200180
"6208";"C75544";"c7-55-44";244012;200180
"6209";"C75611";"c7-56-11";248012;200180
"6210";"C75612";"c7-56-12";248012;200180
"6211";"C75613";"c7-56-13";248012;200180
"6212";"C75614";"c7-56-14";248012;200180
"6213";"C75621";"c7-56-21";248012;200180
"6214";"C75622";"c7-56-22";248012;200180
"6215";"C75623";"c7-56-23";248012;200180
"6216";"C75624";"c7-56-24";248012;200180
"6217";"C75631";"c7-56-31";248012;200180
"6218";"C75632";"c7-56-32";248012;200180
"6219";"C75633";"c7-56-33";248012;200180
"6220";"C75634";"c7-56-34";248012;200180
"6221";"C75641";"c7-56-41";248012;200180
"6222";"C75642";"c7-56-42";248012;200180
"6223";"C75643";"c7-56-43";248012;200180
"6224";"C75644";"c7-56-44";248012;200180
"6225";"C75711";"c7-57-11";252012;200180
"6226";"C75712";"c7-57-12";252012;200180
"6227";"C75713";"c7-57-13";252012;200180
"6228";"C75714";"c7-57-14";252012;200180
"6229";"C75721";"c7-57-21";252012;200180
"6230";"C75722";"c7-57-22";252012;200180
"6231";"C75723";"c7-57-23";252012;200180
"6232";"C75724";"c7-57-24";252012;200180
"6233";"C75731";"c7-57-31";252012;200180
"6234";"C75732";"c7-57-32";252012;200180
"6235";"C75733";"c7-57-33";252012;200180
"6236";"C75734";"c7-57-34";252012;200180
"6237";"C75741";"c7-57-41";252012;200180
"6238";"C75742";"c7-57-42";252012;200180
"6239";"C75743";"c7-57-43";252012;200180
"6240";"C75744";"c7-57-44";252012;200180
"6241";"D01611";"d0-16-11";24012;196180
"6242";"D01612";"d0-16-12";24012;196180
"6243";"D01613";"d0-16-13";24012;196180
"6244";"D01614";"d0-16-14";24012;196180
"6245";"D01621";"d0-16-21";24012;196180
"6246";"D01622";"d0-16-22";24012;196180
"6247";"D01623";"d0-16-23";24012;196180
"6248";"D01624";"d0-16-24";24012;196180
"6249";"D01631";"d0-16-31";24012;196180
"6250";"D01632";"d0-16-32";24012;196180
"6251";"D01633";"d0-16-33";24012;196180
"6252";"D01634";"d0-16-34";24012;196180
"6253";"D01641";"d0-16-41";24012;196180
"6254";"D01642";"d0-16-42";24012;196180
"6255";"D01643";"d0-16-43";24012;196180
"6256";"D01644";"d0-16-44";24012;196180
"6257";"D01711";"d0-17-11";28012;196180
"6258";"D01712";"d0-17-12";28012;196180
"6259";"D01713";"d0-17-13";28012;196180
"6260";"D01714";"d0-17-14";28012;196180
"6261";"D01721";"d0-17-21";28012;196180
"6262";"D01722";"d0-17-22";28012;196180
"6263";"D01723";"d0-17-23";28012;196180
"6264";"D01724";"d0-17-24";28012;196180
"6265";"D01731";"d0-17-31";28012;196180
"6266";"D01732";"d0-17-32";28012;196180
"6267";"D01733";"d0-17-33";28012;196180
"6268";"D01734";"d0-17-34";28012;196180
"6269";"D01741";"d0-17-41";28012;196180
"6270";"D01742";"d0-17-42";28012;196180
"6271";"D01743";"d0-17-43";28012;196180
"6272";"D01744";"d0-17-44";28012;196180
"6273";"D01811";"d0-18-11";32012;196180
"6274";"D01812";"d0-18-12";32012;196180
"6275";"D01813";"d0-18-13";32012;196180
"6276";"D01814";"d0-18-14";32012;196180
"6277";"D01821";"d0-18-21";32012;196180
"6278";"D01822";"d0-18-22";32012;196180
"6279";"D01823";"d0-18-23";32012;196180
"6280";"D01824";"d0-18-24";32012;196180
"6281";"D01831";"d0-18-31";32012;196180
"6282";"D01832";"d0-18-32";32012;196180
"6283";"D01833";"d0-18-33";32012;196180
"6284";"D01834";"d0-18-34";32012;196180
"6285";"D01841";"d0-18-41";32012;196180
"6286";"D01842";"d0-18-42";32012;196180
"6287";"D01843";"d0-18-43";32012;196180
"6288";"D01844";"d0-18-44";32012;196180
"6289";"D02611";"d0-26-11";24012;192180
"6290";"D02612";"d0-26-12";24012;192180
"6291";"D02613";"d0-26-13";24012;192180
"6292";"D02614";"d0-26-14";24012;192180
"6293";"D02621";"d0-26-21";24012;192180
"6294";"D02622";"d0-26-22";24012;192180
"6295";"D02623";"d0-26-23";24012;192180
"6296";"D02624";"d0-26-24";24012;192180
"6297";"D02631";"d0-26-31";24012;192180
"6298";"D02632";"d0-26-32";24012;192180
"6299";"D02633";"d0-26-33";24012;192180
"6300";"D02634";"d0-26-34";24012;192180
"6301";"D02641";"d0-26-41";24012;192180
"6302";"D02642";"d0-26-42";24012;192180
"6303";"D02643";"d0-26-43";24012;192180
"6304";"D02644";"d0-26-44";24012;192180
"6305";"D02711";"d0-27-11";28012;192180
"6306";"D02712";"d0-27-12";28012;192180
"6307";"D02713";"d0-27-13";28012;192180
"6308";"D02714";"d0-27-14";28012;192180
"6309";"D02721";"d0-27-21";28012;192180
"6310";"D02722";"d0-27-22";28012;192180
"6311";"D02723";"d0-27-23";28012;192180
"6312";"D02724";"d0-27-24";28012;192180
"6313";"D02731";"d0-27-31";28012;192180
"6314";"D02732";"d0-27-32";28012;192180
"6315";"D02733";"d0-27-33";28012;192180
"6316";"D02734";"d0-27-34";28012;192180
"6317";"D02741";"d0-27-41";28012;192180
"6318";"D02742";"d0-27-42";28012;192180
"6319";"D02743";"d0-27-43";28012;192180
"6320";"D02744";"d0-27-44";28012;192180
"6321";"D02811";"d0-28-11";32012;192180
"6322";"D02812";"d0-28-12";32012;192180
"6323";"D02813";"d0-28-13";32012;192180
"6324";"D02814";"d0-28-14";32012;192180
"6325";"D02821";"d0-28-21";32012;192180
"6326";"D02822";"d0-28-22";32012;192180
"6327";"D02823";"d0-28-23";32012;192180
"6328";"D02824";"d0-28-24";32012;192180
"6329";"D02831";"d0-28-31";32012;192180
"6330";"D02832";"d0-28-32";32012;192180
"6331";"D02833";"d0-28-33";32012;192180
"6332";"D02834";"d0-28-34";32012;192180
"6333";"D02841";"d0-28-41";32012;192180
"6334";"D02842";"d0-28-42";32012;192180
"6335";"D02843";"d0-28-43";32012;192180
"6336";"D02844";"d0-28-44";32012;192180
"6337";"D03611";"d0-36-11";24012;188180
"6338";"D03612";"d0-36-12";24012;188180
"6339";"D03613";"d0-36-13";24012;188180
"6340";"D03614";"d0-36-14";24012;188180
"6341";"D03621";"d0-36-21";24012;188180
"6342";"D03622";"d0-36-22";24012;188180
"6343";"D03623";"d0-36-23";24012;188180
"6344";"D03624";"d0-36-24";24012;188180
"6345";"D03631";"d0-36-31";24012;188180
"6346";"D03632";"d0-36-32";24012;188180
"6347";"D03633";"d0-36-33";24012;188180
"6348";"D03634";"d0-36-34";24012;188180
"6349";"D03641";"d0-36-41";24012;188180
"6350";"D03642";"d0-36-42";24012;188180
"6351";"D03643";"d0-36-43";24012;188180
"6352";"D03644";"d0-36-44";24012;188180
"6353";"D03711";"d0-37-11";28012;188180
"6354";"D03712";"d0-37-12";28012;188180
"6355";"D03713";"d0-37-13";28012;188180
"6356";"D03714";"d0-37-14";28012;188180
"6357";"D03721";"d0-37-21";28012;188180
"6358";"D03722";"d0-37-22";28012;188180
"6359";"D03723";"d0-37-23";28012;188180
"6360";"D03724";"d0-37-24";28012;188180
"6361";"D03731";"d0-37-31";28012;188180
"6362";"D03732";"d0-37-32";28012;188180
"6363";"D03733";"d0-37-33";28012;188180
"6364";"D03734";"d0-37-34";28012;188180
"6365";"D03741";"d0-37-41";28012;188180
"6366";"D03742";"d0-37-42";28012;188180
"6367";"D03743";"d0-37-43";28012;188180
"6368";"D03744";"d0-37-44";28012;188180
"6369";"D03811";"d0-38-11";32012;188180
"6370";"D03812";"d0-38-12";32012;188180
"6371";"D03813";"d0-38-13";32012;188180
"6372";"D03814";"d0-38-14";32012;188180
"6373";"D03821";"d0-38-21";32012;188180
"6374";"D03822";"d0-38-22";32012;188180
"6375";"D03823";"d0-38-23";32012;188180
"6376";"D03824";"d0-38-24";32012;188180
"6377";"D03831";"d0-38-31";32012;188180
"6378";"D03832";"d0-38-32";32012;188180
"6379";"D03833";"d0-38-33";32012;188180
"6380";"D03834";"d0-38-34";32012;188180
"6381";"D03841";"d0-38-41";32012;188180
"6382";"D03842";"d0-38-42";32012;188180
"6383";"D03843";"d0-38-43";32012;188180
"6384";"D03844";"d0-38-44";32012;188180
"6385";"D04711";"d0-47-11";28012;184180
"6386";"D04712";"d0-47-12";28012;184180
"6387";"D04713";"d0-47-13";28012;184180
"6388";"D04714";"d0-47-14";28012;184180
"6389";"D04721";"d0-47-21";28012;184180
"6390";"D04722";"d0-47-22";28012;184180
"6391";"D04723";"d0-47-23";28012;184180
"6392";"D04724";"d0-47-24";28012;184180
"6393";"D04731";"d0-47-31";28012;184180
"6394";"D04732";"d0-47-32";28012;184180
"6395";"D04733";"d0-47-33";28012;184180
"6396";"D04734";"d0-47-34";28012;184180
"6397";"D04741";"d0-47-41";28012;184180
"6398";"D04742";"d0-47-42";28012;184180
"6399";"D04743";"d0-47-43";28012;184180
"6400";"D04744";"d0-47-44";28012;184180
"6401";"D04811";"d0-48-11";32012;184180
"6402";"D04812";"d0-48-12";32012;184180
"6403";"D04813";"d0-48-13";32012;184180
"6404";"D04814";"d0-48-14";32012;184180
"6405";"D04821";"d0-48-21";32012;184180
"6406";"D04822";"d0-48-22";32012;184180
"6407";"D04823";"d0-48-23";32012;184180
"6408";"D04824";"d0-48-24";32012;184180
"6409";"D04831";"d0-48-31";32012;184180
"6410";"D04832";"d0-48-32";32012;184180
"6411";"D04833";"d0-48-33";32012;184180
"6412";"D04834";"d0-48-34";32012;184180
"6413";"D04841";"d0-48-41";32012;184180
"6414";"D04842";"d0-48-42";32012;184180
"6415";"D04843";"d0-48-43";32012;184180
"6416";"D04844";"d0-48-44";32012;184180
"6417";"D05611";"d0-56-11";24012;180180
"6418";"D05612";"d0-56-12";24012;180180
"6419";"D05613";"d0-56-13";24012;180180
"6420";"D05614";"d0-56-14";24012;180180
"6421";"D05621";"d0-56-21";24012;180180
"6422";"D05622";"d0-56-22";24012;180180
"6423";"D05623";"d0-56-23";24012;180180
"6424";"D05624";"d0-56-24";24012;180180
"6425";"D05631";"d0-56-31";24012;180180
"6426";"D05632";"d0-56-32";24012;180180
"6427";"D05633";"d0-56-33";24012;180180
"6428";"D05634";"d0-56-34";24012;180180
"6429";"D05641";"d0-56-41";24012;180180
"6430";"D05642";"d0-56-42";24012;180180
"6431";"D05643";"d0-56-43";24012;180180
"6432";"D05644";"d0-56-44";24012;180180
"6433";"D05711";"d0-57-11";28012;180180
"6434";"D05712";"d0-57-12";28012;180180
"6435";"D05713";"d0-57-13";28012;180180
"6436";"D05714";"d0-57-14";28012;180180
"6437";"D05721";"d0-57-21";28012;180180
"6438";"D05722";"d0-57-22";28012;180180
"6439";"D05723";"d0-57-23";28012;180180
"6440";"D05724";"d0-57-24";28012;180180
"6441";"D05731";"d0-57-31";28012;180180
"6442";"D05732";"d0-57-32";28012;180180
"6443";"D05733";"d0-57-33";28012;180180
"6444";"D05734";"d0-57-34";28012;180180
"6445";"D05741";"d0-57-41";28012;180180
"6446";"D05742";"d0-57-42";28012;180180
"6447";"D05743";"d0-57-43";28012;180180
"6448";"D05744";"d0-57-44";28012;180180
"6449";"D05811";"d0-58-11";32012;180180
"6450";"D05812";"d0-58-12";32012;180180
"6451";"D05813";"d0-58-13";32012;180180
"6452";"D05814";"d0-58-14";32012;180180
"6453";"D05821";"d0-58-21";32012;180180
"6454";"D05822";"d0-58-22";32012;180180
"6455";"D05823";"d0-58-23";32012;180180
"6456";"D05824";"d0-58-24";32012;180180
"6457";"D05831";"d0-58-31";32012;180180
"6458";"D05832";"d0-58-32";32012;180180
"6459";"D05833";"d0-58-33";32012;180180
"6460";"D05834";"d0-58-34";32012;180180
"6461";"D05841";"d0-58-41";32012;180180
"6462";"D05842";"d0-58-42";32012;180180
"6463";"D05843";"d0-58-43";32012;180180
"6464";"D05844";"d0-58-44";32012;180180
"6465";"D11111";"d1-11-11";36012;196180
"6466";"D11112";"d1-11-12";36012;196180
"6467";"D11113";"d1-11-13";36012;196180
"6468";"D11114";"d1-11-14";36012;196180
"6469";"D11121";"d1-11-21";36012;196180
"6470";"D11122";"d1-11-22";36012;196180
"6471";"D11123";"d1-11-23";36012;196180
"6472";"D11124";"d1-11-24";36012;196180
"6473";"D11131";"d1-11-31";36012;196180
"6474";"D11132";"d1-11-32";36012;196180
"6475";"D11133";"d1-11-33";36012;196180
"6476";"D11134";"d1-11-34";36012;196180
"6477";"D11141";"d1-11-41";36012;196180
"6478";"D11142";"d1-11-42";36012;196180
"6479";"D11143";"d1-11-43";36012;196180
"6480";"D11144";"d1-11-44";36012;196180
"6481";"D11211";"d1-12-11";40012;196180
"6482";"D11212";"d1-12-12";40012;196180
"6483";"D11213";"d1-12-13";40012;196180
"6484";"D11214";"d1-12-14";40012;196180
"6485";"D11221";"d1-12-21";40012;196180
"6486";"D11222";"d1-12-22";40012;196180
"6487";"D11223";"d1-12-23";40012;196180
"6488";"D11224";"d1-12-24";40012;196180
"6489";"D11231";"d1-12-31";40012;196180
"6490";"D11232";"d1-12-32";40012;196180
"6491";"D11233";"d1-12-33";40012;196180
"6492";"D11234";"d1-12-34";40012;196180
"6493";"D11241";"d1-12-41";40012;196180
"6494";"D11242";"d1-12-42";40012;196180
"6495";"D11243";"d1-12-43";40012;196180
"6496";"D11244";"d1-12-44";40012;196180
"6497";"D11311";"d1-13-11";44012;196180
"6498";"D11312";"d1-13-12";44012;196180
"6499";"D11313";"d1-13-13";44012;196180
"6500";"D11314";"d1-13-14";44012;196180
"6501";"D11321";"d1-13-21";44012;196180
"6502";"D11322";"d1-13-22";44012;196180
"6503";"D11323";"d1-13-23";44012;196180
"6504";"D11324";"d1-13-24";44012;196180
"6505";"D11331";"d1-13-31";44012;196180
"6506";"D11332";"d1-13-32";44012;196180
"6507";"D11333";"d1-13-33";44012;196180
"6508";"D11334";"d1-13-34";44012;196180
"6509";"D11341";"d1-13-41";44012;196180
"6510";"D11342";"d1-13-42";44012;196180
"6511";"D11343";"d1-13-43";44012;196180
"6512";"D11344";"d1-13-44";44012;196180
"6513";"D11411";"d1-14-11";48012;196180
"6514";"D11412";"d1-14-12";48012;196180
"6515";"D11413";"d1-14-13";48012;196180
"6516";"D11414";"d1-14-14";48012;196180
"6517";"D11421";"d1-14-21";48012;196180
"6518";"D11422";"d1-14-22";48012;196180
"6519";"D11423";"d1-14-23";48012;196180
"6520";"D11424";"d1-14-24";48012;196180
"6521";"D11431";"d1-14-31";48012;196180
"6522";"D11432";"d1-14-32";48012;196180
"6523";"D11433";"d1-14-33";48012;196180
"6524";"D11434";"d1-14-34";48012;196180
"6525";"D11441";"d1-14-41";48012;196180
"6526";"D11442";"d1-14-42";48012;196180
"6527";"D11443";"d1-14-43";48012;196180
"6528";"D11444";"d1-14-44";48012;196180
"6529";"D11511";"d1-15-11";52012;196180
"6530";"D11512";"d1-15-12";52012;196180
"6531";"D11513";"d1-15-13";52012;196180
"6532";"D11514";"d1-15-14";52012;196180
"6533";"D11521";"d1-15-21";52012;196180
"6534";"D11522";"d1-15-22";52012;196180
"6535";"D11523";"d1-15-23";52012;196180
"6536";"D11524";"d1-15-24";52012;196180
"6537";"D11531";"d1-15-31";52012;196180
"6538";"D11532";"d1-15-32";52012;196180
"6539";"D11533";"d1-15-33";52012;196180
"6540";"D11534";"d1-15-34";52012;196180
"6541";"D11541";"d1-15-41";52012;196180
"6542";"D11542";"d1-15-42";52012;196180
"6543";"D11543";"d1-15-43";52012;196180
"6544";"D11544";"d1-15-44";52012;196180
"6545";"D11611";"d1-16-11";56012;196180
"6546";"D11612";"d1-16-12";56012;196180
"6547";"D11613";"d1-16-13";56012;196180
"6548";"D11614";"d1-16-14";56012;196180
"6549";"D11621";"d1-16-21";56012;196180
"6550";"D11622";"d1-16-22";56012;196180
"6551";"D11623";"d1-16-23";56012;196180
"6552";"D11624";"d1-16-24";56012;196180
"6553";"D11631";"d1-16-31";56012;196180
"6554";"D11632";"d1-16-32";56012;196180
"6555";"D11633";"d1-16-33";56012;196180
"6556";"D11634";"d1-16-34";56012;196180
"6557";"D11641";"d1-16-41";56012;196180
"6558";"D11642";"d1-16-42";56012;196180
"6559";"D11643";"d1-16-43";56012;196180
"6560";"D11644";"d1-16-44";56012;196180
"6561";"D11711";"d1-17-11";60012;196180
"6562";"D11712";"d1-17-12";60012;196180
"6563";"D11713";"d1-17-13";60012;196180
"6564";"D11714";"d1-17-14";60012;196180
"6565";"D11721";"d1-17-21";60012;196180
"6566";"D11722";"d1-17-22";60012;196180
"6567";"D11723";"d1-17-23";60012;196180
"6568";"D11724";"d1-17-24";60012;196180
"6569";"D11731";"d1-17-31";60012;196180
"6570";"D11732";"d1-17-32";60012;196180
"6571";"D11733";"d1-17-33";60012;196180
"6572";"D11734";"d1-17-34";60012;196180
"6573";"D11741";"d1-17-41";60012;196180
"6574";"D11742";"d1-17-42";60012;196180
"6575";"D11743";"d1-17-43";60012;196180
"6576";"D11744";"d1-17-44";60012;196180
"6577";"D11811";"d1-18-11";64012;196180
"6578";"D11812";"d1-18-12";64012;196180
"6579";"D11813";"d1-18-13";64012;196180
"6580";"D11814";"d1-18-14";64012;196180
"6581";"D11821";"d1-18-21";64012;196180
"6582";"D11822";"d1-18-22";64012;196180
"6583";"D11823";"d1-18-23";64012;196180
"6584";"D11824";"d1-18-24";64012;196180
"6585";"D11831";"d1-18-31";64012;196180
"6586";"D11832";"d1-18-32";64012;196180
"6587";"D11833";"d1-18-33";64012;196180
"6588";"D11834";"d1-18-34";64012;196180
"6589";"D11841";"d1-18-41";64012;196180
"6590";"D11842";"d1-18-42";64012;196180
"6591";"D11843";"d1-18-43";64012;196180
"6592";"D11844";"d1-18-44";64012;196180
"6593";"D12111";"d1-21-11";36012;192180
"6594";"D12112";"d1-21-12";36012;192180
"6595";"D12113";"d1-21-13";36012;192180
"6596";"D12114";"d1-21-14";36012;192180
"6597";"D12121";"d1-21-21";36012;192180
"6598";"D12122";"d1-21-22";36012;192180
"6599";"D12123";"d1-21-23";36012;192180
"6600";"D12124";"d1-21-24";36012;192180
"6601";"D12131";"d1-21-31";36012;192180
"6602";"D12132";"d1-21-32";36012;192180
"6603";"D12133";"d1-21-33";36012;192180
"6604";"D12134";"d1-21-34";36012;192180
"6605";"D12141";"d1-21-41";36012;192180
"6606";"D12142";"d1-21-42";36012;192180
"6607";"D12143";"d1-21-43";36012;192180
"6608";"D12144";"d1-21-44";36012;192180
"6609";"D12211";"d1-22-11";40012;192180
"6610";"D12212";"d1-22-12";40012;192180
"6611";"D12213";"d1-22-13";40012;192180
"6612";"D12214";"d1-22-14";40012;192180
"6613";"D12221";"d1-22-21";40012;192180
"6614";"D12222";"d1-22-22";40012;192180
"6615";"D12223";"d1-22-23";40012;192180
"6616";"D12224";"d1-22-24";40012;192180
"6617";"D12231";"d1-22-31";40012;192180
"6618";"D12232";"d1-22-32";40012;192180
"6619";"D12233";"d1-22-33";40012;192180
"6620";"D12234";"d1-22-34";40012;192180
"6621";"D12241";"d1-22-41";40012;192180
"6622";"D12242";"d1-22-42";40012;192180
"6623";"D12243";"d1-22-43";40012;192180
"6624";"D12244";"d1-22-44";40012;192180
"6625";"D12311";"d1-23-11";44012;192180
"6626";"D12312";"d1-23-12";44012;192180
"6627";"D12313";"d1-23-13";44012;192180
"6628";"D12314";"d1-23-14";44012;192180
"6629";"D12321";"d1-23-21";44012;192180
"6630";"D12322";"d1-23-22";44012;192180
"6631";"D12323";"d1-23-23";44012;192180
"6632";"D12324";"d1-23-24";44012;192180
"6633";"D12331";"d1-23-31";44012;192180
"6634";"D12332";"d1-23-32";44012;192180
"6635";"D12333";"d1-23-33";44012;192180
"6636";"D12334";"d1-23-34";44012;192180
"6637";"D12341";"d1-23-41";44012;192180
"6638";"D12342";"d1-23-42";44012;192180
"6639";"D12343";"d1-23-43";44012;192180
"6640";"D12344";"d1-23-44";44012;192180
"6641";"D12411";"d1-24-11";48012;192180
"6642";"D12412";"d1-24-12";48012;192180
"6643";"D12413";"d1-24-13";48012;192180
"6644";"D12414";"d1-24-14";48012;192180
"6645";"D12421";"d1-24-21";48012;192180
"6646";"D12422";"d1-24-22";48012;192180
"6647";"D12423";"d1-24-23";48012;192180
"6648";"D12424";"d1-24-24";48012;192180
"6649";"D12431";"d1-24-31";48012;192180
"6650";"D12432";"d1-24-32";48012;192180
"6651";"D12433";"d1-24-33";48012;192180
"6652";"D12434";"d1-24-34";48012;192180
"6653";"D12441";"d1-24-41";48012;192180
"6654";"D12442";"d1-24-42";48012;192180
"6655";"D12443";"d1-24-43";48012;192180
"6656";"D12444";"d1-24-44";48012;192180
"6657";"D12511";"d1-25-11";52012;192180
"6658";"D12512";"d1-25-12";52012;192180
"6659";"D12513";"d1-25-13";52012;192180
"6660";"D12514";"d1-25-14";52012;192180
"6661";"D12521";"d1-25-21";52012;192180
"6662";"D12522";"d1-25-22";52012;192180
"6663";"D12523";"d1-25-23";52012;192180
"6664";"D12524";"d1-25-24";52012;192180
"6665";"D12531";"d1-25-31";52012;192180
"6666";"D12532";"d1-25-32";52012;192180
"6667";"D12533";"d1-25-33";52012;192180
"6668";"D12534";"d1-25-34";52012;192180
"6669";"D12541";"d1-25-41";52012;192180
"6670";"D12542";"d1-25-42";52012;192180
"6671";"D12543";"d1-25-43";52012;192180
"6672";"D12544";"d1-25-44";52012;192180
"6673";"D12611";"d1-26-11";56012;192180
"6674";"D12612";"d1-26-12";56012;192180
"6675";"D12613";"d1-26-13";56012;192180
"6676";"D12614";"d1-26-14";56012;192180
"6677";"D12621";"d1-26-21";56012;192180
"6678";"D12622";"d1-26-22";56012;192180
"6679";"D12623";"d1-26-23";56012;192180
"6680";"D12624";"d1-26-24";56012;192180
"6681";"D12631";"d1-26-31";56012;192180
"6682";"D12632";"d1-26-32";56012;192180
"6683";"D12633";"d1-26-33";56012;192180
"6684";"D12634";"d1-26-34";56012;192180
"6685";"D12641";"d1-26-41";56012;192180
"6686";"D12642";"d1-26-42";56012;192180
"6687";"D12643";"d1-26-43";56012;192180
"6688";"D12644";"d1-26-44";56012;192180
"6689";"D12711";"d1-27-11";60012;192180
"6690";"D12712";"d1-27-12";60012;192180
"6691";"D12713";"d1-27-13";60012;192180
"6692";"D12714";"d1-27-14";60012;192180
"6693";"D12721";"d1-27-21";60012;192180
"6694";"D12722";"d1-27-22";60012;192180
"6695";"D12723";"d1-27-23";60012;192180
"6696";"D12724";"d1-27-24";60012;192180
"6697";"D12731";"d1-27-31";60012;192180
"6698";"D12732";"d1-27-32";60012;192180
"6699";"D12733";"d1-27-33";60012;192180
"6700";"D12734";"d1-27-34";60012;192180
"6701";"D12741";"d1-27-41";60012;192180
"6702";"D12742";"d1-27-42";60012;192180
"6703";"D12743";"d1-27-43";60012;192180
"6704";"D12744";"d1-27-44";60012;192180
"6705";"D12811";"d1-28-11";64012;192180
"6706";"D12812";"d1-28-12";64012;192180
"6707";"D12813";"d1-28-13";64012;192180
"6708";"D12814";"d1-28-14";64012;192180
"6709";"D12821";"d1-28-21";64012;192180
"6710";"D12822";"d1-28-22";64012;192180
"6711";"D12823";"d1-28-23";64012;192180
"6712";"D12824";"d1-28-24";64012;192180
"6713";"D12831";"d1-28-31";64012;192180
"6714";"D12832";"d1-28-32";64012;192180
"6715";"D12833";"d1-28-33";64012;192180
"6716";"D12834";"d1-28-34";64012;192180
"6717";"D12841";"d1-28-41";64012;192180
"6718";"D12842";"d1-28-42";64012;192180
"6719";"D12843";"d1-28-43";64012;192180
"6720";"D12844";"d1-28-44";64012;192180
"6721";"D13111";"d1-31-11";36012;188180
"6722";"D13112";"d1-31-12";36012;188180
"6723";"D13113";"d1-31-13";36012;188180
"6724";"D13114";"d1-31-14";36012;188180
"6725";"D13121";"d1-31-21";36012;188180
"6726";"D13122";"d1-31-22";36012;188180
"6727";"D13123";"d1-31-23";36012;188180
"6728";"D13124";"d1-31-24";36012;188180
"6729";"D13131";"d1-31-31";36012;188180
"6730";"D13132";"d1-31-32";36012;188180
"6731";"D13133";"d1-31-33";36012;188180
"6732";"D13134";"d1-31-34";36012;188180
"6733";"D13141";"d1-31-41";36012;188180
"6734";"D13142";"d1-31-42";36012;188180
"6735";"D13143";"d1-31-43";36012;188180
"6736";"D13144";"d1-31-44";36012;188180
"6737";"D13211";"d1-32-11";40012;188180
"6738";"D13212";"d1-32-12";40012;188180
"6739";"D13213";"d1-32-13";40012;188180
"6740";"D13214";"d1-32-14";40012;188180
"6741";"D13221";"d1-32-21";40012;188180
"6742";"D13222";"d1-32-22";40012;188180
"6743";"D13223";"d1-32-23";40012;188180
"6744";"D13224";"d1-32-24";40012;188180
"6745";"D13231";"d1-32-31";40012;188180
"6746";"D13232";"d1-32-32";40012;188180
"6747";"D13233";"d1-32-33";40012;188180
"6748";"D13234";"d1-32-34";40012;188180
"6749";"D13241";"d1-32-41";40012;188180
"6750";"D13242";"d1-32-42";40012;188180
"6751";"D13243";"d1-32-43";40012;188180
"6752";"D13244";"d1-32-44";40012;188180
"6753";"D13311";"d1-33-11";44012;188180
"6754";"D13312";"d1-33-12";44012;188180
"6755";"D13313";"d1-33-13";44012;188180
"6756";"D13314";"d1-33-14";44012;188180
"6757";"D13321";"d1-33-21";44012;188180
"6758";"D13322";"d1-33-22";44012;188180
"6759";"D13323";"d1-33-23";44012;188180
"6760";"D13324";"d1-33-24";44012;188180
"6761";"D13331";"d1-33-31";44012;188180
"6762";"D13332";"d1-33-32";44012;188180
"6763";"D13333";"d1-33-33";44012;188180
"6764";"D13334";"d1-33-34";44012;188180
"6765";"D13341";"d1-33-41";44012;188180
"6766";"D13342";"d1-33-42";44012;188180
"6767";"D13343";"d1-33-43";44012;188180
"6768";"D13344";"d1-33-44";44012;188180
"6769";"D13411";"d1-34-11";48012;188180
"6770";"D13412";"d1-34-12";48012;188180
"6771";"D13413";"d1-34-13";48012;188180
"6772";"D13414";"d1-34-14";48012;188180
"6773";"D13421";"d1-34-21";48012;188180
"6774";"D13422";"d1-34-22";48012;188180
"6775";"D13423";"d1-34-23";48012;188180
"6776";"D13424";"d1-34-24";48012;188180
"6777";"D13431";"d1-34-31";48012;188180
"6778";"D13432";"d1-34-32";48012;188180
"6779";"D13433";"d1-34-33";48012;188180
"6780";"D13434";"d1-34-34";48012;188180
"6781";"D13441";"d1-34-41";48012;188180
"6782";"D13442";"d1-34-42";48012;188180
"6783";"D13443";"d1-34-43";48012;188180
"6784";"D13444";"d1-34-44";48012;188180
"6785";"D13511";"d1-35-11";52012;188180
"6786";"D13512";"d1-35-12";52012;188180
"6787";"D13513";"d1-35-13";52012;188180
"6788";"D13514";"d1-35-14";52012;188180
"6789";"D13521";"d1-35-21";52012;188180
"6790";"D13522";"d1-35-22";52012;188180
"6791";"D13523";"d1-35-23";52012;188180
"6792";"D13524";"d1-35-24";52012;188180
"6793";"D13531";"d1-35-31";52012;188180
"6794";"D13532";"d1-35-32";52012;188180
"6795";"D13533";"d1-35-33";52012;188180
"6796";"D13534";"d1-35-34";52012;188180
"6797";"D13541";"d1-35-41";52012;188180
"6798";"D13542";"d1-35-42";52012;188180
"6799";"D13543";"d1-35-43";52012;188180
"6800";"D13544";"d1-35-44";52012;188180
"6801";"D13611";"d1-36-11";56012;188180
"6802";"D13612";"d1-36-12";56012;188180
"6803";"D13613";"d1-36-13";56012;188180
"6804";"D13614";"d1-36-14";56012;188180
"6805";"D13621";"d1-36-21";56012;188180
"6806";"D13622";"d1-36-22";56012;188180
"6807";"D13623";"d1-36-23";56012;188180
"6808";"D13624";"d1-36-24";56012;188180
"6809";"D13631";"d1-36-31";56012;188180
"6810";"D13632";"d1-36-32";56012;188180
"6811";"D13633";"d1-36-33";56012;188180
"6812";"D13634";"d1-36-34";56012;188180
"6813";"D13641";"d1-36-41";56012;188180
"6814";"D13642";"d1-36-42";56012;188180
"6815";"D13643";"d1-36-43";56012;188180
"6816";"D13644";"d1-36-44";56012;188180
"6817";"D13711";"d1-37-11";60012;188180
"6818";"D13712";"d1-37-12";60012;188180
"6819";"D13713";"d1-37-13";60012;188180
"6820";"D13714";"d1-37-14";60012;188180
"6821";"D13721";"d1-37-21";60012;188180
"6822";"D13722";"d1-37-22";60012;188180
"6823";"D13723";"d1-37-23";60012;188180
"6824";"D13724";"d1-37-24";60012;188180
"6825";"D13731";"d1-37-31";60012;188180
"6826";"D13732";"d1-37-32";60012;188180
"6827";"D13733";"d1-37-33";60012;188180
"6828";"D13734";"d1-37-34";60012;188180
"6829";"D13741";"d1-37-41";60012;188180
"6830";"D13742";"d1-37-42";60012;188180
"6831";"D13743";"d1-37-43";60012;188180
"6832";"D13744";"d1-37-44";60012;188180
"6833";"D13811";"d1-38-11";64012;188180
"6834";"D13812";"d1-38-12";64012;188180
"6835";"D13813";"d1-38-13";64012;188180
"6836";"D13814";"d1-38-14";64012;188180
"6837";"D13821";"d1-38-21";64012;188180
"6838";"D13822";"d1-38-22";64012;188180
"6839";"D13823";"d1-38-23";64012;188180
"6840";"D13824";"d1-38-24";64012;188180
"6841";"D13831";"d1-38-31";64012;188180
"6842";"D13832";"d1-38-32";64012;188180
"6843";"D13833";"d1-38-33";64012;188180
"6844";"D13834";"d1-38-34";64012;188180
"6845";"D13841";"d1-38-41";64012;188180
"6846";"D13842";"d1-38-42";64012;188180
"6847";"D13843";"d1-38-43";64012;188180
"6848";"D13844";"d1-38-44";64012;188180
"6849";"D14111";"d1-41-11";36012;184180
"6850";"D14112";"d1-41-12";36012;184180
"6851";"D14113";"d1-41-13";36012;184180
"6852";"D14114";"d1-41-14";36012;184180
"6853";"D14121";"d1-41-21";36012;184180
"6854";"D14122";"d1-41-22";36012;184180
"6855";"D14123";"d1-41-23";36012;184180
"6856";"D14124";"d1-41-24";36012;184180
"6857";"D14131";"d1-41-31";36012;184180
"6858";"D14132";"d1-41-32";36012;184180
"6859";"D14133";"d1-41-33";36012;184180
"6860";"D14134";"d1-41-34";36012;184180
"6861";"D14141";"d1-41-41";36012;184180
"6862";"D14142";"d1-41-42";36012;184180
"6863";"D14143";"d1-41-43";36012;184180
"6864";"D14144";"d1-41-44";36012;184180
"6865";"D14211";"d1-42-11";40012;184180
"6866";"D14212";"d1-42-12";40012;184180
"6867";"D14213";"d1-42-13";40012;184180
"6868";"D14214";"d1-42-14";40012;184180
"6869";"D14221";"d1-42-21";40012;184180
"6870";"D14222";"d1-42-22";40012;184180
"6871";"D14223";"d1-42-23";40012;184180
"6872";"D14224";"d1-42-24";40012;184180
"6873";"D14231";"d1-42-31";40012;184180
"6874";"D14232";"d1-42-32";40012;184180
"6875";"D14233";"d1-42-33";40012;184180
"6876";"D14234";"d1-42-34";40012;184180
"6877";"D14241";"d1-42-41";40012;184180
"6878";"D14242";"d1-42-42";40012;184180
"6879";"D14243";"d1-42-43";40012;184180
"6880";"D14244";"d1-42-44";40012;184180
"6881";"D14311";"d1-43-11";44012;184180
"6882";"D14312";"d1-43-12";44012;184180
"6883";"D14313";"d1-43-13";44012;184180
"6884";"D14314";"d1-43-14";44012;184180
"6885";"D14321";"d1-43-21";44012;184180
"6886";"D14322";"d1-43-22";44012;184180
"6887";"D14323";"d1-43-23";44012;184180
"6888";"D14324";"d1-43-24";44012;184180
"6889";"D14331";"d1-43-31";44012;184180
"6890";"D14332";"d1-43-32";44012;184180
"6891";"D14333";"d1-43-33";44012;184180
"6892";"D14334";"d1-43-34";44012;184180
"6893";"D14341";"d1-43-41";44012;184180
"6894";"D14342";"d1-43-42";44012;184180
"6895";"D14343";"d1-43-43";44012;184180
"6896";"D14344";"d1-43-44";44012;184180
"6897";"D14411";"d1-44-11";48012;184180
"6898";"D14412";"d1-44-12";48012;184180
"6899";"D14413";"d1-44-13";48012;184180
"6900";"D14414";"d1-44-14";48012;184180
"6901";"D14421";"d1-44-21";48012;184180
"6902";"D14422";"d1-44-22";48012;184180
"6903";"D14423";"d1-44-23";48012;184180
"6904";"D14424";"d1-44-24";48012;184180
"6905";"D14431";"d1-44-31";48012;184180
"6906";"D14432";"d1-44-32";48012;184180
"6907";"D14433";"d1-44-33";48012;184180
"6908";"D14434";"d1-44-34";48012;184180
"6909";"D14441";"d1-44-41";48012;184180
"6910";"D14442";"d1-44-42";48012;184180
"6911";"D14443";"d1-44-43";48012;184180
"6912";"D14444";"d1-44-44";48012;184180
"6913";"D14511";"d1-45-11";52012;184180
"6914";"D14512";"d1-45-12";52012;184180
"6915";"D14513";"d1-45-13";52012;184180
"6916";"D14514";"d1-45-14";52012;184180
"6917";"D14521";"d1-45-21";52012;184180
"6918";"D14522";"d1-45-22";52012;184180
"6919";"D14523";"d1-45-23";52012;184180
"6920";"D14524";"d1-45-24";52012;184180
"6921";"D14531";"d1-45-31";52012;184180
"6922";"D14532";"d1-45-32";52012;184180
"6923";"D14533";"d1-45-33";52012;184180
"6924";"D14534";"d1-45-34";52012;184180
"6925";"D14541";"d1-45-41";52012;184180
"6926";"D14542";"d1-45-42";52012;184180
"6927";"D14543";"d1-45-43";52012;184180
"6928";"D14544";"d1-45-44";52012;184180
"6929";"D14611";"d1-46-11";56012;184180
"6930";"D14612";"d1-46-12";56012;184180
"6931";"D14613";"d1-46-13";56012;184180
"6932";"D14614";"d1-46-14";56012;184180
"6933";"D14621";"d1-46-21";56012;184180
"6934";"D14622";"d1-46-22";56012;184180
"6935";"D14623";"d1-46-23";56012;184180
"6936";"D14624";"d1-46-24";56012;184180
"6937";"D14631";"d1-46-31";56012;184180
"6938";"D14632";"d1-46-32";56012;184180
"6939";"D14633";"d1-46-33";56012;184180
"6940";"D14634";"d1-46-34";56012;184180
"6941";"D14641";"d1-46-41";56012;184180
"6942";"D14642";"d1-46-42";56012;184180
"6943";"D14643";"d1-46-43";56012;184180
"6944";"D14644";"d1-46-44";56012;184180
"6945";"D14711";"d1-47-11";60012;184180
"6946";"D14712";"d1-47-12";60012;184180
"6947";"D14713";"d1-47-13";60012;184180
"6948";"D14714";"d1-47-14";60012;184180
"6949";"D14721";"d1-47-21";60012;184180
"6950";"D14722";"d1-47-22";60012;184180
"6951";"D14723";"d1-47-23";60012;184180
"6952";"D14724";"d1-47-24";60012;184180
"6953";"D14731";"d1-47-31";60012;184180
"6954";"D14732";"d1-47-32";60012;184180
"6955";"D14733";"d1-47-33";60012;184180
"6956";"D14734";"d1-47-34";60012;184180
"6957";"D14741";"d1-47-41";60012;184180
"6958";"D14742";"d1-47-42";60012;184180
"6959";"D14743";"d1-47-43";60012;184180
"6960";"D14744";"d1-47-44";60012;184180
"6961";"D14811";"d1-48-11";64012;184180
"6962";"D14812";"d1-48-12";64012;184180
"6963";"D14813";"d1-48-13";64012;184180
"6964";"D14814";"d1-48-14";64012;184180
"6965";"D14821";"d1-48-21";64012;184180
"6966";"D14822";"d1-48-22";64012;184180
"6967";"D14823";"d1-48-23";64012;184180
"6968";"D14824";"d1-48-24";64012;184180
"6969";"D14831";"d1-48-31";64012;184180
"6970";"D14832";"d1-48-32";64012;184180
"6971";"D14833";"d1-48-33";64012;184180
"6972";"D14834";"d1-48-34";64012;184180
"6973";"D14841";"d1-48-41";64012;184180
"6974";"D14842";"d1-48-42";64012;184180
"6975";"D14843";"d1-48-43";64012;184180
"6976";"D14844";"d1-48-44";64012;184180
"6977";"D15111";"d1-51-11";36012;180180
"6978";"D15112";"d1-51-12";36012;180180
"6979";"D15113";"d1-51-13";36012;180180
"6980";"D15114";"d1-51-14";36012;180180
"6981";"D15121";"d1-51-21";36012;180180
"6982";"D15122";"d1-51-22";36012;180180
"6983";"D15123";"d1-51-23";36012;180180
"6984";"D15124";"d1-51-24";36012;180180
"6985";"D15131";"d1-51-31";36012;180180
"6986";"D15132";"d1-51-32";36012;180180
"6987";"D15133";"d1-51-33";36012;180180
"6988";"D15134";"d1-51-34";36012;180180
"6989";"D15141";"d1-51-41";36012;180180
"6990";"D15142";"d1-51-42";36012;180180
"6991";"D15143";"d1-51-43";36012;180180
"6992";"D15144";"d1-51-44";36012;180180
"6993";"D15211";"d1-52-11";40012;180180
"6994";"D15212";"d1-52-12";40012;180180
"6995";"D15213";"d1-52-13";40012;180180
"6996";"D15214";"d1-52-14";40012;180180
"6997";"D15221";"d1-52-21";40012;180180
"6998";"D15222";"d1-52-22";40012;180180
"6999";"D15223";"d1-52-23";40012;180180
"7000";"D15224";"d1-52-24";40012;180180
"7001";"D15231";"d1-52-31";40012;180180
"7002";"D15232";"d1-52-32";40012;180180
"7003";"D15233";"d1-52-33";40012;180180
"7004";"D15234";"d1-52-34";40012;180180
"7005";"D15241";"d1-52-41";40012;180180
"7006";"D15242";"d1-52-42";40012;180180
"7007";"D15243";"d1-52-43";40012;180180
"7008";"D15244";"d1-52-44";40012;180180
"7009";"D15311";"d1-53-11";44012;180180
"7010";"D15312";"d1-53-12";44012;180180
"7011";"D15313";"d1-53-13";44012;180180
"7012";"D15314";"d1-53-14";44012;180180
"7013";"D15321";"d1-53-21";44012;180180
"7014";"D15322";"d1-53-22";44012;180180
"7015";"D15323";"d1-53-23";44012;180180
"7016";"D15324";"d1-53-24";44012;180180
"7017";"D15331";"d1-53-31";44012;180180
"7018";"D15332";"d1-53-32";44012;180180
"7019";"D15333";"d1-53-33";44012;180180
"7020";"D15334";"d1-53-34";44012;180180
"7021";"D15341";"d1-53-41";44012;180180
"7022";"D15342";"d1-53-42";44012;180180
"7023";"D15343";"d1-53-43";44012;180180
"7024";"D15344";"d1-53-44";44012;180180
"7025";"D15411";"d1-54-11";48012;180180
"7026";"D15412";"d1-54-12";48012;180180
"7027";"D15413";"d1-54-13";48012;180180
"7028";"D15414";"d1-54-14";48012;180180
"7029";"D15421";"d1-54-21";48012;180180
"7030";"D15422";"d1-54-22";48012;180180
"7031";"D15423";"d1-54-23";48012;180180
"7032";"D15424";"d1-54-24";48012;180180
"7033";"D15431";"d1-54-31";48012;180180
"7034";"D15432";"d1-54-32";48012;180180
"7035";"D15433";"d1-54-33";48012;180180
"7036";"D15434";"d1-54-34";48012;180180
"7037";"D15441";"d1-54-41";48012;180180
"7038";"D15442";"d1-54-42";48012;180180
"7039";"D15443";"d1-54-43";48012;180180
"7040";"D15444";"d1-54-44";48012;180180
"7041";"D15511";"d1-55-11";52012;180180
"7042";"D15512";"d1-55-12";52012;180180
"7043";"D15513";"d1-55-13";52012;180180
"7044";"D15514";"d1-55-14";52012;180180
"7045";"D15521";"d1-55-21";52012;180180
"7046";"D15522";"d1-55-22";52012;180180
"7047";"D15523";"d1-55-23";52012;180180
"7048";"D15524";"d1-55-24";52012;180180
"7049";"D15531";"d1-55-31";52012;180180
"7050";"D15532";"d1-55-32";52012;180180
"7051";"D15533";"d1-55-33";52012;180180
"7052";"D15534";"d1-55-34";52012;180180
"7053";"D15541";"d1-55-41";52012;180180
"7054";"D15542";"d1-55-42";52012;180180
"7055";"D15543";"d1-55-43";52012;180180
"7056";"D15544";"d1-55-44";52012;180180
"7057";"D15611";"d1-56-11";56012;180180
"7058";"D15612";"d1-56-12";56012;180180
"7059";"D15613";"d1-56-13";56012;180180
"7060";"D15614";"d1-56-14";56012;180180
"7061";"D15621";"d1-56-21";56012;180180
"7062";"D15622";"d1-56-22";56012;180180
"7063";"D15623";"d1-56-23";56012;180180
"7064";"D15624";"d1-56-24";56012;180180
"7065";"D15631";"d1-56-31";56012;180180
"7066";"D15632";"d1-56-32";56012;180180
"7067";"D15633";"d1-56-33";56012;180180
"7068";"D15634";"d1-56-34";56012;180180
"7069";"D15641";"d1-56-41";56012;180180
"7070";"D15642";"d1-56-42";56012;180180
"7071";"D15643";"d1-56-43";56012;180180
"7072";"D15644";"d1-56-44";56012;180180
"7073";"D15711";"d1-57-11";60012;180180
"7074";"D15712";"d1-57-12";60012;180180
"7075";"D15713";"d1-57-13";60012;180180
"7076";"D15714";"d1-57-14";60012;180180
"7077";"D15721";"d1-57-21";60012;180180
"7078";"D15722";"d1-57-22";60012;180180
"7079";"D15723";"d1-57-23";60012;180180
"7080";"D15724";"d1-57-24";60012;180180
"7081";"D15731";"d1-57-31";60012;180180
"7082";"D15732";"d1-57-32";60012;180180
"7083";"D15733";"d1-57-33";60012;180180
"7084";"D15734";"d1-57-34";60012;180180
"7085";"D15741";"d1-57-41";60012;180180
"7086";"D15742";"d1-57-42";60012;180180
"7087";"D15743";"d1-57-43";60012;180180
"7088";"D15744";"d1-57-44";60012;180180
"7089";"D15811";"d1-58-11";64012;180180
"7090";"D15812";"d1-58-12";64012;180180
"7091";"D15813";"d1-58-13";64012;180180
"7092";"D15814";"d1-58-14";64012;180180
"7093";"D15821";"d1-58-21";64012;180180
"7094";"D15822";"d1-58-22";64012;180180
"7095";"D15823";"d1-58-23";64012;180180
"7096";"D15824";"d1-58-24";64012;180180
"7097";"D15831";"d1-58-31";64012;180180
"7098";"D15832";"d1-58-32";64012;180180
"7099";"D15833";"d1-58-33";64012;180180
"7100";"D15834";"d1-58-34";64012;180180
"7101";"D15841";"d1-58-41";64012;180180
"7102";"D15842";"d1-58-42";64012;180180
"7103";"D15843";"d1-58-43";64012;180180
"7104";"D15844";"d1-58-44";64012;180180
"7105";"D21111";"d2-11-11";68012;196180
"7106";"D21112";"d2-11-12";68012;196180
"7107";"D21113";"d2-11-13";68012;196180
"7108";"D21114";"d2-11-14";68012;196180
"7109";"D21121";"d2-11-21";68012;196180
"7110";"D21122";"d2-11-22";68012;196180
"7111";"D21123";"d2-11-23";68012;196180
"7112";"D21124";"d2-11-24";68012;196180
"7113";"D21131";"d2-11-31";68012;196180
"7114";"D21132";"d2-11-32";68012;196180
"7115";"D21133";"d2-11-33";68012;196180
"7116";"D21134";"d2-11-34";68012;196180
"7117";"D21141";"d2-11-41";68012;196180
"7118";"D21142";"d2-11-42";68012;196180
"7119";"D21143";"d2-11-43";68012;196180
"7120";"D21144";"d2-11-44";68012;196180
"7121";"D21211";"d2-12-11";72012;196180
"7122";"D21212";"d2-12-12";72012;196180
"7123";"D21213";"d2-12-13";72012;196180
"7124";"D21214";"d2-12-14";72012;196180
"7125";"D21221";"d2-12-21";72012;196180
"7126";"D21222";"d2-12-22";72012;196180
"7127";"D21223";"d2-12-23";72012;196180
"7128";"D21224";"d2-12-24";72012;196180
"7129";"D21231";"d2-12-31";72012;196180
"7130";"D21232";"d2-12-32";72012;196180
"7131";"D21233";"d2-12-33";72012;196180
"7132";"D21234";"d2-12-34";72012;196180
"7133";"D21241";"d2-12-41";72012;196180
"7134";"D21242";"d2-12-42";72012;196180
"7135";"D21243";"d2-12-43";72012;196180
"7136";"D21244";"d2-12-44";72012;196180
"7137";"D21311";"d2-13-11";76012;196180
"7138";"D21312";"d2-13-12";76012;196180
"7139";"D21313";"d2-13-13";76012;196180
"7140";"D21314";"d2-13-14";76012;196180
"7141";"D21321";"d2-13-21";76012;196180
"7142";"D21322";"d2-13-22";76012;196180
"7143";"D21323";"d2-13-23";76012;196180
"7144";"D21324";"d2-13-24";76012;196180
"7145";"D21331";"d2-13-31";76012;196180
"7146";"D21332";"d2-13-32";76012;196180
"7147";"D21333";"d2-13-33";76012;196180
"7148";"D21334";"d2-13-34";76012;196180
"7149";"D21341";"d2-13-41";76012;196180
"7150";"D21342";"d2-13-42";76012;196180
"7151";"D21343";"d2-13-43";76012;196180
"7152";"D21344";"d2-13-44";76012;196180
"7153";"D21411";"d2-14-11";80012;196180
"7154";"D21412";"d2-14-12";80012;196180
"7155";"D21413";"d2-14-13";80012;196180
"7156";"D21414";"d2-14-14";80012;196180
"7157";"D21421";"d2-14-21";80012;196180
"7158";"D21422";"d2-14-22";80012;196180
"7159";"D21423";"d2-14-23";80012;196180
"7160";"D21424";"d2-14-24";80012;196180
"7161";"D21431";"d2-14-31";80012;196180
"7162";"D21432";"d2-14-32";80012;196180
"7163";"D21433";"d2-14-33";80012;196180
"7164";"D21434";"d2-14-34";80012;196180
"7165";"D21441";"d2-14-41";80012;196180
"7166";"D21442";"d2-14-42";80012;196180
"7167";"D21443";"d2-14-43";80012;196180
"7168";"D21444";"d2-14-44";80012;196180
"7169";"D21511";"d2-15-11";84012;196180
"7170";"D21512";"d2-15-12";84012;196180
"7171";"D21513";"d2-15-13";84012;196180
"7172";"D21514";"d2-15-14";84012;196180
"7173";"D21521";"d2-15-21";84012;196180
"7174";"D21522";"d2-15-22";84012;196180
"7175";"D21523";"d2-15-23";84012;196180
"7176";"D21524";"d2-15-24";84012;196180
"7177";"D21531";"d2-15-31";84012;196180
"7178";"D21532";"d2-15-32";84012;196180
"7179";"D21533";"d2-15-33";84012;196180
"7180";"D21534";"d2-15-34";84012;196180
"7181";"D21541";"d2-15-41";84012;196180
"7182";"D21542";"d2-15-42";84012;196180
"7183";"D21543";"d2-15-43";84012;196180
"7184";"D21544";"d2-15-44";84012;196180
"7185";"D21611";"d2-16-11";88012;196180
"7186";"D21612";"d2-16-12";88012;196180
"7187";"D21613";"d2-16-13";88012;196180
"7188";"D21614";"d2-16-14";88012;196180
"7189";"D21621";"d2-16-21";88012;196180
"7190";"D21622";"d2-16-22";88012;196180
"7191";"D21623";"d2-16-23";88012;196180
"7192";"D21624";"d2-16-24";88012;196180
"7193";"D21631";"d2-16-31";88012;196180
"7194";"D21632";"d2-16-32";88012;196180
"7195";"D21633";"d2-16-33";88012;196180
"7196";"D21634";"d2-16-34";88012;196180
"7197";"D21641";"d2-16-41";88012;196180
"7198";"D21642";"d2-16-42";88012;196180
"7199";"D21643";"d2-16-43";88012;196180
"7200";"D21644";"d2-16-44";88012;196180
"7201";"D21711";"d2-17-11";92012;196180
"7202";"D21712";"d2-17-12";92012;196180
"7203";"D21713";"d2-17-13";92012;196180
"7204";"D21714";"d2-17-14";92012;196180
"7205";"D21721";"d2-17-21";92012;196180
"7206";"D21722";"d2-17-22";92012;196180
"7207";"D21723";"d2-17-23";92012;196180
"7208";"D21724";"d2-17-24";92012;196180
"7209";"D21731";"d2-17-31";92012;196180
"7210";"D21732";"d2-17-32";92012;196180
"7211";"D21733";"d2-17-33";92012;196180
"7212";"D21734";"d2-17-34";92012;196180
"7213";"D21741";"d2-17-41";92012;196180
"7214";"D21742";"d2-17-42";92012;196180
"7215";"D21743";"d2-17-43";92012;196180
"7216";"D21744";"d2-17-44";92012;196180
"7217";"D21811";"d2-18-11";96012;196180
"7218";"D21812";"d2-18-12";96012;196180
"7219";"D21813";"d2-18-13";96012;196180
"7220";"D21814";"d2-18-14";96012;196180
"7221";"D21821";"d2-18-21";96012;196180
"7222";"D21822";"d2-18-22";96012;196180
"7223";"D21823";"d2-18-23";96012;196180
"7224";"D21824";"d2-18-24";96012;196180
"7225";"D21831";"d2-18-31";96012;196180
"7226";"D21832";"d2-18-32";96012;196180
"7227";"D21833";"d2-18-33";96012;196180
"7228";"D21834";"d2-18-34";96012;196180
"7229";"D21841";"d2-18-41";96012;196180
"7230";"D21842";"d2-18-42";96012;196180
"7231";"D21843";"d2-18-43";96012;196180
"7232";"D21844";"d2-18-44";96012;196180
"7233";"D22111";"d2-21-11";68012;192180
"7234";"D22112";"d2-21-12";68012;192180
"7235";"D22113";"d2-21-13";68012;192180
"7236";"D22114";"d2-21-14";68012;192180
"7237";"D22121";"d2-21-21";68012;192180
"7238";"D22122";"d2-21-22";68012;192180
"7239";"D22123";"d2-21-23";68012;192180
"7240";"D22124";"d2-21-24";68012;192180
"7241";"D22131";"d2-21-31";68012;192180
"7242";"D22132";"d2-21-32";68012;192180
"7243";"D22133";"d2-21-33";68012;192180
"7244";"D22134";"d2-21-34";68012;192180
"7245";"D22141";"d2-21-41";68012;192180
"7246";"D22142";"d2-21-42";68012;192180
"7247";"D22143";"d2-21-43";68012;192180
"7248";"D22144";"d2-21-44";68012;192180
"7249";"D22211";"d2-22-11";72012;192180
"7250";"D22212";"d2-22-12";72012;192180
"7251";"D22213";"d2-22-13";72012;192180
"7252";"D22214";"d2-22-14";72012;192180
"7253";"D22221";"d2-22-21";72012;192180
"7254";"D22222";"d2-22-22";72012;192180
"7255";"D22223";"d2-22-23";72012;192180
"7256";"D22224";"d2-22-24";72012;192180
"7257";"D22231";"d2-22-31";72012;192180
"7258";"D22232";"d2-22-32";72012;192180
"7259";"D22233";"d2-22-33";72012;192180
"7260";"D22234";"d2-22-34";72012;192180
"7261";"D22241";"d2-22-41";72012;192180
"7262";"D22242";"d2-22-42";72012;192180
"7263";"D22243";"d2-22-43";72012;192180
"7264";"D22244";"d2-22-44";72012;192180
"7265";"D22311";"d2-23-11";76012;192180
"7266";"D22312";"d2-23-12";76012;192180
"7267";"D22313";"d2-23-13";76012;192180
"7268";"D22314";"d2-23-14";76012;192180
"7269";"D22321";"d2-23-21";76012;192180
"7270";"D22322";"d2-23-22";76012;192180
"7271";"D22323";"d2-23-23";76012;192180
"7272";"D22324";"d2-23-24";76012;192180
"7273";"D22331";"d2-23-31";76012;192180
"7274";"D22332";"d2-23-32";76012;192180
"7275";"D22333";"d2-23-33";76012;192180
"7276";"D22334";"d2-23-34";76012;192180
"7277";"D22341";"d2-23-41";76012;192180
"7278";"D22342";"d2-23-42";76012;192180
"7279";"D22343";"d2-23-43";76012;192180
"7280";"D22344";"d2-23-44";76012;192180
"7281";"D22411";"d2-24-11";80012;192180
"7282";"D22412";"d2-24-12";80012;192180
"7283";"D22413";"d2-24-13";80012;192180
"7284";"D22414";"d2-24-14";80012;192180
"7285";"D22421";"d2-24-21";80012;192180
"7286";"D22422";"d2-24-22";80012;192180
"7287";"D22423";"d2-24-23";80012;192180
"7288";"D22424";"d2-24-24";80012;192180
"7289";"D22431";"d2-24-31";80012;192180
"7290";"D22432";"d2-24-32";80012;192180
"7291";"D22433";"d2-24-33";80012;192180
"7292";"D22434";"d2-24-34";80012;192180
"7293";"D22441";"d2-24-41";80012;192180
"7294";"D22442";"d2-24-42";80012;192180
"7295";"D22443";"d2-24-43";80012;192180
"7296";"D22444";"d2-24-44";80012;192180
"7297";"D22511";"d2-25-11";84012;192180
"7298";"D22512";"d2-25-12";84012;192180
"7299";"D22513";"d2-25-13";84012;192180
"7300";"D22514";"d2-25-14";84012;192180
"7301";"D22521";"d2-25-21";84012;192180
"7302";"D22522";"d2-25-22";84012;192180
"7303";"D22523";"d2-25-23";84012;192180
"7304";"D22524";"d2-25-24";84012;192180
"7305";"D22531";"d2-25-31";84012;192180
"7306";"D22532";"d2-25-32";84012;192180
"7307";"D22533";"d2-25-33";84012;192180
"7308";"D22534";"d2-25-34";84012;192180
"7309";"D22541";"d2-25-41";84012;192180
"7310";"D22542";"d2-25-42";84012;192180
"7311";"D22543";"d2-25-43";84012;192180
"7312";"D22544";"d2-25-44";84012;192180
"7313";"D22611";"d2-26-11";88012;192180
"7314";"D22612";"d2-26-12";88012;192180
"7315";"D22613";"d2-26-13";88012;192180
"7316";"D22614";"d2-26-14";88012;192180
"7317";"D22621";"d2-26-21";88012;192180
"7318";"D22622";"d2-26-22";88012;192180
"7319";"D22623";"d2-26-23";88012;192180
"7320";"D22624";"d2-26-24";88012;192180
"7321";"D22631";"d2-26-31";88012;192180
"7322";"D22632";"d2-26-32";88012;192180
"7323";"D22633";"d2-26-33";88012;192180
"7324";"D22634";"d2-26-34";88012;192180
"7325";"D22641";"d2-26-41";88012;192180
"7326";"D22642";"d2-26-42";88012;192180
"7327";"D22643";"d2-26-43";88012;192180
"7328";"D22644";"d2-26-44";88012;192180
"7329";"D22711";"d2-27-11";92012;192180
"7330";"D22712";"d2-27-12";92012;192180
"7331";"D22713";"d2-27-13";92012;192180
"7332";"D22714";"d2-27-14";92012;192180
"7333";"D22721";"d2-27-21";92012;192180
"7334";"D22722";"d2-27-22";92012;192180
"7335";"D22723";"d2-27-23";92012;192180
"7336";"D22724";"d2-27-24";92012;192180
"7337";"D22731";"d2-27-31";92012;192180
"7338";"D22732";"d2-27-32";92012;192180
"7339";"D22733";"d2-27-33";92012;192180
"7340";"D22734";"d2-27-34";92012;192180
"7341";"D22741";"d2-27-41";92012;192180
"7342";"D22742";"d2-27-42";92012;192180
"7343";"D22743";"d2-27-43";92012;192180
"7344";"D22744";"d2-27-44";92012;192180
"7345";"D22811";"d2-28-11";96012;192180
"7346";"D22812";"d2-28-12";96012;192180
"7347";"D22813";"d2-28-13";96012;192180
"7348";"D22814";"d2-28-14";96012;192180
"7349";"D22821";"d2-28-21";96012;192180
"7350";"D22822";"d2-28-22";96012;192180
"7351";"D22823";"d2-28-23";96012;192180
"7352";"D22824";"d2-28-24";96012;192180
"7353";"D22831";"d2-28-31";96012;192180
"7354";"D22832";"d2-28-32";96012;192180
"7355";"D22833";"d2-28-33";96012;192180
"7356";"D22834";"d2-28-34";96012;192180
"7357";"D22841";"d2-28-41";96012;192180
"7358";"D22842";"d2-28-42";96012;192180
"7359";"D22843";"d2-28-43";96012;192180
"7360";"D22844";"d2-28-44";96012;192180
"7361";"D23111";"d2-31-11";68012;188180
"7362";"D23112";"d2-31-12";68012;188180
"7363";"D23113";"d2-31-13";68012;188180
"7364";"D23114";"d2-31-14";68012;188180
"7365";"D23121";"d2-31-21";68012;188180
"7366";"D23122";"d2-31-22";68012;188180
"7367";"D23123";"d2-31-23";68012;188180
"7368";"D23124";"d2-31-24";68012;188180
"7369";"D23131";"d2-31-31";68012;188180
"7370";"D23132";"d2-31-32";68012;188180
"7371";"D23133";"d2-31-33";68012;188180
"7372";"D23134";"d2-31-34";68012;188180
"7373";"D23141";"d2-31-41";68012;188180
"7374";"D23142";"d2-31-42";68012;188180
"7375";"D23143";"d2-31-43";68012;188180
"7376";"D23144";"d2-31-44";68012;188180
"7377";"D23211";"d2-32-11";72012;188180
"7378";"D23212";"d2-32-12";72012;188180
"7379";"D23213";"d2-32-13";72012;188180
"7380";"D23214";"d2-32-14";72012;188180
"7381";"D23221";"d2-32-21";72012;188180
"7382";"D23222";"d2-32-22";72012;188180
"7383";"D23223";"d2-32-23";72012;188180
"7384";"D23224";"d2-32-24";72012;188180
"7385";"D23231";"d2-32-31";72012;188180
"7386";"D23232";"d2-32-32";72012;188180
"7387";"D23233";"d2-32-33";72012;188180
"7388";"D23234";"d2-32-34";72012;188180
"7389";"D23241";"d2-32-41";72012;188180
"7390";"D23242";"d2-32-42";72012;188180
"7391";"D23243";"d2-32-43";72012;188180
"7392";"D23244";"d2-32-44";72012;188180
"7393";"D23311";"d2-33-11";76012;188180
"7394";"D23312";"d2-33-12";76012;188180
"7395";"D23313";"d2-33-13";76012;188180
"7396";"D23314";"d2-33-14";76012;188180
"7397";"D23321";"d2-33-21";76012;188180
"7398";"D23322";"d2-33-22";76012;188180
"7399";"D23323";"d2-33-23";76012;188180
"7400";"D23324";"d2-33-24";76012;188180
"7401";"D23331";"d2-33-31";76012;188180
"7402";"D23332";"d2-33-32";76012;188180
"7403";"D23333";"d2-33-33";76012;188180
"7404";"D23334";"d2-33-34";76012;188180
"7405";"D23341";"d2-33-41";76012;188180
"7406";"D23342";"d2-33-42";76012;188180
"7407";"D23343";"d2-33-43";76012;188180
"7408";"D23344";"d2-33-44";76012;188180
"7409";"D23411";"d2-34-11";80012;188180
"7410";"D23412";"d2-34-12";80012;188180
"7411";"D23413";"d2-34-13";80012;188180
"7412";"D23414";"d2-34-14";80012;188180
"7413";"D23421";"d2-34-21";80012;188180
"7414";"D23422";"d2-34-22";80012;188180
"7415";"D23423";"d2-34-23";80012;188180
"7416";"D23424";"d2-34-24";80012;188180
"7417";"D23431";"d2-34-31";80012;188180
"7418";"D23432";"d2-34-32";80012;188180
"7419";"D23433";"d2-34-33";80012;188180
"7420";"D23434";"d2-34-34";80012;188180
"7421";"D23441";"d2-34-41";80012;188180
"7422";"D23442";"d2-34-42";80012;188180
"7423";"D23443";"d2-34-43";80012;188180
"7424";"D23444";"d2-34-44";80012;188180
"7425";"D23511";"d2-35-11";84012;188180
"7426";"D23512";"d2-35-12";84012;188180
"7427";"D23513";"d2-35-13";84012;188180
"7428";"D23514";"d2-35-14";84012;188180
"7429";"D23521";"d2-35-21";84012;188180
"7430";"D23522";"d2-35-22";84012;188180
"7431";"D23523";"d2-35-23";84012;188180
"7432";"D23524";"d2-35-24";84012;188180
"7433";"D23531";"d2-35-31";84012;188180
"7434";"D23532";"d2-35-32";84012;188180
"7435";"D23533";"d2-35-33";84012;188180
"7436";"D23534";"d2-35-34";84012;188180
"7437";"D23541";"d2-35-41";84012;188180
"7438";"D23542";"d2-35-42";84012;188180
"7439";"D23543";"d2-35-43";84012;188180
"7440";"D23544";"d2-35-44";84012;188180
"7441";"D23611";"d2-36-11";88012;188180
"7442";"D23612";"d2-36-12";88012;188180
"7443";"D23613";"d2-36-13";88012;188180
"7444";"D23614";"d2-36-14";88012;188180
"7445";"D23621";"d2-36-21";88012;188180
"7446";"D23622";"d2-36-22";88012;188180
"7447";"D23623";"d2-36-23";88012;188180
"7448";"D23624";"d2-36-24";88012;188180
"7449";"D23631";"d2-36-31";88012;188180
"7450";"D23632";"d2-36-32";88012;188180
"7451";"D23633";"d2-36-33";88012;188180
"7452";"D23634";"d2-36-34";88012;188180
"7453";"D23641";"d2-36-41";88012;188180
"7454";"D23642";"d2-36-42";88012;188180
"7455";"D23643";"d2-36-43";88012;188180
"7456";"D23644";"d2-36-44";88012;188180
"7457";"D23711";"d2-37-11";92012;188180
"7458";"D23712";"d2-37-12";92012;188180
"7459";"D23713";"d2-37-13";92012;188180
"7460";"D23714";"d2-37-14";92012;188180
"7461";"D23721";"d2-37-21";92012;188180
"7462";"D23722";"d2-37-22";92012;188180
"7463";"D23723";"d2-37-23";92012;188180
"7464";"D23724";"d2-37-24";92012;188180
"7465";"D23731";"d2-37-31";92012;188180
"7466";"D23732";"d2-37-32";92012;188180
"7467";"D23733";"d2-37-33";92012;188180
"7468";"D23734";"d2-37-34";92012;188180
"7469";"D23741";"d2-37-41";92012;188180
"7470";"D23742";"d2-37-42";92012;188180
"7471";"D23743";"d2-37-43";92012;188180
"7472";"D23744";"d2-37-44";92012;188180
"7473";"D23811";"d2-38-11";96012;188180
"7474";"D23812";"d2-38-12";96012;188180
"7475";"D23813";"d2-38-13";96012;188180
"7476";"D23814";"d2-38-14";96012;188180
"7477";"D23821";"d2-38-21";96012;188180
"7478";"D23822";"d2-38-22";96012;188180
"7479";"D23823";"d2-38-23";96012;188180
"7480";"D23824";"d2-38-24";96012;188180
"7481";"D23831";"d2-38-31";96012;188180
"7482";"D23832";"d2-38-32";96012;188180
"7483";"D23833";"d2-38-33";96012;188180
"7484";"D23834";"d2-38-34";96012;188180
"7485";"D23841";"d2-38-41";96012;188180
"7486";"D23842";"d2-38-42";96012;188180
"7487";"D23843";"d2-38-43";96012;188180
"7488";"D23844";"d2-38-44";96012;188180
"7489";"D24111";"d2-41-11";68012;184180
"7490";"D24112";"d2-41-12";68012;184180
"7491";"D24113";"d2-41-13";68012;184180
"7492";"D24114";"d2-41-14";68012;184180
"7493";"D24121";"d2-41-21";68012;184180
"7494";"D24122";"d2-41-22";68012;184180
"7495";"D24123";"d2-41-23";68012;184180
"7496";"D24124";"d2-41-24";68012;184180
"7497";"D24131";"d2-41-31";68012;184180
"7498";"D24132";"d2-41-32";68012;184180
"7499";"D24133";"d2-41-33";68012;184180
"7500";"D24134";"d2-41-34";68012;184180
"7501";"D24141";"d2-41-41";68012;184180
"7502";"D24142";"d2-41-42";68012;184180
"7503";"D24143";"d2-41-43";68012;184180
"7504";"D24144";"d2-41-44";68012;184180
"7505";"D24211";"d2-42-11";72012;184180
"7506";"D24212";"d2-42-12";72012;184180
"7507";"D24213";"d2-42-13";72012;184180
"7508";"D24214";"d2-42-14";72012;184180
"7509";"D24221";"d2-42-21";72012;184180
"7510";"D24222";"d2-42-22";72012;184180
"7511";"D24223";"d2-42-23";72012;184180
"7512";"D24224";"d2-42-24";72012;184180
"7513";"D24231";"d2-42-31";72012;184180
"7514";"D24232";"d2-42-32";72012;184180
"7515";"D24233";"d2-42-33";72012;184180
"7516";"D24234";"d2-42-34";72012;184180
"7517";"D24241";"d2-42-41";72012;184180
"7518";"D24242";"d2-42-42";72012;184180
"7519";"D24243";"d2-42-43";72012;184180
"7520";"D24244";"d2-42-44";72012;184180
"7521";"D24311";"d2-43-11";76012;184180
"7522";"D24312";"d2-43-12";76012;184180
"7523";"D24313";"d2-43-13";76012;184180
"7524";"D24314";"d2-43-14";76012;184180
"7525";"D24321";"d2-43-21";76012;184180
"7526";"D24322";"d2-43-22";76012;184180
"7527";"D24323";"d2-43-23";76012;184180
"7528";"D24324";"d2-43-24";76012;184180
"7529";"D24331";"d2-43-31";76012;184180
"7530";"D24332";"d2-43-32";76012;184180
"7531";"D24333";"d2-43-33";76012;184180
"7532";"D24334";"d2-43-34";76012;184180
"7533";"D24341";"d2-43-41";76012;184180
"7534";"D24342";"d2-43-42";76012;184180
"7535";"D24343";"d2-43-43";76012;184180
"7536";"D24344";"d2-43-44";76012;184180
"7537";"D24411";"d2-44-11";80012;184180
"7538";"D24412";"d2-44-12";80012;184180
"7539";"D24413";"d2-44-13";80012;184180
"7540";"D24414";"d2-44-14";80012;184180
"7541";"D24421";"d2-44-21";80012;184180
"7542";"D24422";"d2-44-22";80012;184180
"7543";"D24423";"d2-44-23";80012;184180
"7544";"D24424";"d2-44-24";80012;184180
"7545";"D24431";"d2-44-31";80012;184180
"7546";"D24432";"d2-44-32";80012;184180
"7547";"D24433";"d2-44-33";80012;184180
"7548";"D24434";"d2-44-34";80012;184180
"7549";"D24441";"d2-44-41";80012;184180
"7550";"D24442";"d2-44-42";80012;184180
"7551";"D24443";"d2-44-43";80012;184180
"7552";"D24444";"d2-44-44";80012;184180
"7553";"D24511";"d2-45-11";84012;184180
"7554";"D24512";"d2-45-12";84012;184180
"7555";"D24513";"d2-45-13";84012;184180
"7556";"D24514";"d2-45-14";84012;184180
"7557";"D24521";"d2-45-21";84012;184180
"7558";"D24522";"d2-45-22";84012;184180
"7559";"D24523";"d2-45-23";84012;184180
"7560";"D24524";"d2-45-24";84012;184180
"7561";"D24531";"d2-45-31";84012;184180
"7562";"D24532";"d2-45-32";84012;184180
"7563";"D24533";"d2-45-33";84012;184180
"7564";"D24534";"d2-45-34";84012;184180
"7565";"D24541";"d2-45-41";84012;184180
"7566";"D24542";"d2-45-42";84012;184180
"7567";"D24543";"d2-45-43";84012;184180
"7568";"D24544";"d2-45-44";84012;184180
"7569";"D24611";"d2-46-11";88012;184180
"7570";"D24612";"d2-46-12";88012;184180
"7571";"D24613";"d2-46-13";88012;184180
"7572";"D24614";"d2-46-14";88012;184180
"7573";"D24621";"d2-46-21";88012;184180
"7574";"D24622";"d2-46-22";88012;184180
"7575";"D24623";"d2-46-23";88012;184180
"7576";"D24624";"d2-46-24";88012;184180
"7577";"D24631";"d2-46-31";88012;184180
"7578";"D24632";"d2-46-32";88012;184180
"7579";"D24633";"d2-46-33";88012;184180
"7580";"D24634";"d2-46-34";88012;184180
"7581";"D24641";"d2-46-41";88012;184180
"7582";"D24642";"d2-46-42";88012;184180
"7583";"D24643";"d2-46-43";88012;184180
"7584";"D24644";"d2-46-44";88012;184180
"7585";"D24711";"d2-47-11";92012;184180
"7586";"D24712";"d2-47-12";92012;184180
"7587";"D24713";"d2-47-13";92012;184180
"7588";"D24714";"d2-47-14";92012;184180
"7589";"D24721";"d2-47-21";92012;184180
"7590";"D24722";"d2-47-22";92012;184180
"7591";"D24723";"d2-47-23";92012;184180
"7592";"D24724";"d2-47-24";92012;184180
"7593";"D24731";"d2-47-31";92012;184180
"7594";"D24732";"d2-47-32";92012;184180
"7595";"D24733";"d2-47-33";92012;184180
"7596";"D24734";"d2-47-34";92012;184180
"7597";"D24741";"d2-47-41";92012;184180
"7598";"D24742";"d2-47-42";92012;184180
"7599";"D24743";"d2-47-43";92012;184180
"7600";"D24744";"d2-47-44";92012;184180
"7601";"D24811";"d2-48-11";96012;184180
"7602";"D24812";"d2-48-12";96012;184180
"7603";"D24813";"d2-48-13";96012;184180
"7604";"D24814";"d2-48-14";96012;184180
"7605";"D24821";"d2-48-21";96012;184180
"7606";"D24822";"d2-48-22";96012;184180
"7607";"D24823";"d2-48-23";96012;184180
"7608";"D24824";"d2-48-24";96012;184180
"7609";"D24831";"d2-48-31";96012;184180
"7610";"D24832";"d2-48-32";96012;184180
"7611";"D24833";"d2-48-33";96012;184180
"7612";"D24834";"d2-48-34";96012;184180
"7613";"D24841";"d2-48-41";96012;184180
"7614";"D24842";"d2-48-42";96012;184180
"7615";"D24843";"d2-48-43";96012;184180
"7616";"D24844";"d2-48-44";96012;184180
"7617";"D25111";"d2-51-11";68012;180180
"7618";"D25112";"d2-51-12";68012;180180
"7619";"D25113";"d2-51-13";68012;180180
"7620";"D25114";"d2-51-14";68012;180180
"7621";"D25121";"d2-51-21";68012;180180
"7622";"D25122";"d2-51-22";68012;180180
"7623";"D25123";"d2-51-23";68012;180180
"7624";"D25124";"d2-51-24";68012;180180
"7625";"D25131";"d2-51-31";68012;180180
"7626";"D25132";"d2-51-32";68012;180180
"7627";"D25133";"d2-51-33";68012;180180
"7628";"D25134";"d2-51-34";68012;180180
"7629";"D25141";"d2-51-41";68012;180180
"7630";"D25142";"d2-51-42";68012;180180
"7631";"D25143";"d2-51-43";68012;180180
"7632";"D25144";"d2-51-44";68012;180180
"7633";"D25211";"d2-52-11";72012;180180
"7634";"D25212";"d2-52-12";72012;180180
"7635";"D25213";"d2-52-13";72012;180180
"7636";"D25214";"d2-52-14";72012;180180
"7637";"D25221";"d2-52-21";72012;180180
"7638";"D25222";"d2-52-22";72012;180180
"7639";"D25223";"d2-52-23";72012;180180
"7640";"D25224";"d2-52-24";72012;180180
"7641";"D25231";"d2-52-31";72012;180180
"7642";"D25232";"d2-52-32";72012;180180
"7643";"D25233";"d2-52-33";72012;180180
"7644";"D25234";"d2-52-34";72012;180180
"7645";"D25241";"d2-52-41";72012;180180
"7646";"D25242";"d2-52-42";72012;180180
"7647";"D25243";"d2-52-43";72012;180180
"7648";"D25244";"d2-52-44";72012;180180
"7649";"D25311";"d2-53-11";76012;180180
"7650";"D25312";"d2-53-12";76012;180180
"7651";"D25313";"d2-53-13";76012;180180
"7652";"D25314";"d2-53-14";76012;180180
"7653";"D25321";"d2-53-21";76012;180180
"7654";"D25322";"d2-53-22";76012;180180
"7655";"D25323";"d2-53-23";76012;180180
"7656";"D25324";"d2-53-24";76012;180180
"7657";"D25331";"d2-53-31";76012;180180
"7658";"D25332";"d2-53-32";76012;180180
"7659";"D25333";"d2-53-33";76012;180180
"7660";"D25334";"d2-53-34";76012;180180
"7661";"D25341";"d2-53-41";76012;180180
"7662";"D25342";"d2-53-42";76012;180180
"7663";"D25343";"d2-53-43";76012;180180
"7664";"D25344";"d2-53-44";76012;180180
"7665";"D25411";"d2-54-11";80012;180180
"7666";"D25412";"d2-54-12";80012;180180
"7667";"D25413";"d2-54-13";80012;180180
"7668";"D25414";"d2-54-14";80012;180180
"7669";"D25421";"d2-54-21";80012;180180
"7670";"D25422";"d2-54-22";80012;180180
"7671";"D25423";"d2-54-23";80012;180180
"7672";"D25424";"d2-54-24";80012;180180
"7673";"D25431";"d2-54-31";80012;180180
"7674";"D25432";"d2-54-32";80012;180180
"7675";"D25433";"d2-54-33";80012;180180
"7676";"D25434";"d2-54-34";80012;180180
"7677";"D25441";"d2-54-41";80012;180180
"7678";"D25442";"d2-54-42";80012;180180
"7679";"D25443";"d2-54-43";80012;180180
"7680";"D25444";"d2-54-44";80012;180180
"7681";"D25511";"d2-55-11";84012;180180
"7682";"D25512";"d2-55-12";84012;180180
"7683";"D25513";"d2-55-13";84012;180180
"7684";"D25514";"d2-55-14";84012;180180
"7685";"D25521";"d2-55-21";84012;180180
"7686";"D25522";"d2-55-22";84012;180180
"7687";"D25523";"d2-55-23";84012;180180
"7688";"D25524";"d2-55-24";84012;180180
"7689";"D25531";"d2-55-31";84012;180180
"7690";"D25532";"d2-55-32";84012;180180
"7691";"D25533";"d2-55-33";84012;180180
"7692";"D25534";"d2-55-34";84012;180180
"7693";"D25541";"d2-55-41";84012;180180
"7694";"D25542";"d2-55-42";84012;180180
"7695";"D25543";"d2-55-43";84012;180180
"7696";"D25544";"d2-55-44";84012;180180
"7697";"D25611";"d2-56-11";88012;180180
"7698";"D25612";"d2-56-12";88012;180180
"7699";"D25613";"d2-56-13";88012;180180
"7700";"D25614";"d2-56-14";88012;180180
"7701";"D25621";"d2-56-21";88012;180180
"7702";"D25622";"d2-56-22";88012;180180
"7703";"D25623";"d2-56-23";88012;180180
"7704";"D25624";"d2-56-24";88012;180180
"7705";"D25631";"d2-56-31";88012;180180
"7706";"D25632";"d2-56-32";88012;180180
"7707";"D25633";"d2-56-33";88012;180180
"7708";"D25634";"d2-56-34";88012;180180
"7709";"D25641";"d2-56-41";88012;180180
"7710";"D25642";"d2-56-42";88012;180180
"7711";"D25643";"d2-56-43";88012;180180
"7712";"D25644";"d2-56-44";88012;180180
"7713";"D25711";"d2-57-11";92012;180180
"7714";"D25712";"d2-57-12";92012;180180
"7715";"D25713";"d2-57-13";92012;180180
"7716";"D25714";"d2-57-14";92012;180180
"7717";"D25721";"d2-57-21";92012;180180
"7718";"D25722";"d2-57-22";92012;180180
"7719";"D25723";"d2-57-23";92012;180180
"7720";"D25724";"d2-57-24";92012;180180
"7721";"D25731";"d2-57-31";92012;180180
"7722";"D25732";"d2-57-32";92012;180180
"7723";"D25733";"d2-57-33";92012;180180
"7724";"D25734";"d2-57-34";92012;180180
"7725";"D25741";"d2-57-41";92012;180180
"7726";"D25742";"d2-57-42";92012;180180
"7727";"D25743";"d2-57-43";92012;180180
"7728";"D25744";"d2-57-44";92012;180180
"7729";"D25811";"d2-58-11";96012;180180
"7730";"D25812";"d2-58-12";96012;180180
"7731";"D25813";"d2-58-13";96012;180180
"7732";"D25814";"d2-58-14";96012;180180
"7733";"D25821";"d2-58-21";96012;180180
"7734";"D25822";"d2-58-22";96012;180180
"7735";"D25823";"d2-58-23";96012;180180
"7736";"D25824";"d2-58-24";96012;180180
"7737";"D25831";"d2-58-31";96012;180180
"7738";"D25832";"d2-58-32";96012;180180
"7739";"D25833";"d2-58-33";96012;180180
"7740";"D25834";"d2-58-34";96012;180180
"7741";"D25841";"d2-58-41";96012;180180
"7742";"D25842";"d2-58-42";96012;180180
"7743";"D25843";"d2-58-43";96012;180180
"7744";"D25844";"d2-58-44";96012;180180
"7745";"D31111";"d3-11-11";100012;196180
"7746";"D31112";"d3-11-12";100012;196180
"7747";"D31113";"d3-11-13";100012;196180
"7748";"D31114";"d3-11-14";100012;196180
"7749";"D31121";"d3-11-21";100012;196180
"7750";"D31122";"d3-11-22";100012;196180
"7751";"D31123";"d3-11-23";100012;196180
"7752";"D31124";"d3-11-24";100012;196180
"7753";"D31131";"d3-11-31";100012;196180
"7754";"D31132";"d3-11-32";100012;196180
"7755";"D31133";"d3-11-33";100012;196180
"7756";"D31134";"d3-11-34";100012;196180
"7757";"D31141";"d3-11-41";100012;196180
"7758";"D31142";"d3-11-42";100012;196180
"7759";"D31143";"d3-11-43";100012;196180
"7760";"D31144";"d3-11-44";100012;196180
"7761";"D31211";"d3-12-11";104012;196180
"7762";"D31212";"d3-12-12";104012;196180
"7763";"D31213";"d3-12-13";104012;196180
"7764";"D31214";"d3-12-14";104012;196180
"7765";"D31221";"d3-12-21";104012;196180
"7766";"D31222";"d3-12-22";104012;196180
"7767";"D31223";"d3-12-23";104012;196180
"7768";"D31224";"d3-12-24";104012;196180
"7769";"D31231";"d3-12-31";104012;196180
"7770";"D31232";"d3-12-32";104012;196180
"7771";"D31233";"d3-12-33";104012;196180
"7772";"D31234";"d3-12-34";104012;196180
"7773";"D31241";"d3-12-41";104012;196180
"7774";"D31242";"d3-12-42";104012;196180
"7775";"D31243";"d3-12-43";104012;196180
"7776";"D31244";"d3-12-44";104012;196180
"7777";"D31311";"d3-13-11";108012;196180
"7778";"D31312";"d3-13-12";108012;196180
"7779";"D31313";"d3-13-13";108012;196180
"7780";"D31314";"d3-13-14";108012;196180
"7781";"D31321";"d3-13-21";108012;196180
"7782";"D31322";"d3-13-22";108012;196180
"7783";"D31323";"d3-13-23";108012;196180
"7784";"D31324";"d3-13-24";108012;196180
"7785";"D31331";"d3-13-31";108012;196180
"7786";"D31332";"d3-13-32";108012;196180
"7787";"D31333";"d3-13-33";108012;196180
"7788";"D31334";"d3-13-34";108012;196180
"7789";"D31341";"d3-13-41";108012;196180
"7790";"D31342";"d3-13-42";108012;196180
"7791";"D31343";"d3-13-43";108012;196180
"7792";"D31344";"d3-13-44";108012;196180
"7793";"D31411";"d3-14-11";112012;196180
"7794";"D31412";"d3-14-12";112012;196180
"7795";"D31413";"d3-14-13";112012;196180
"7796";"D31414";"d3-14-14";112012;196180
"7797";"D31421";"d3-14-21";112012;196180
"7798";"D31422";"d3-14-22";112012;196180
"7799";"D31423";"d3-14-23";112012;196180
"7800";"D31424";"d3-14-24";112012;196180
"7801";"D31431";"d3-14-31";112012;196180
"7802";"D31432";"d3-14-32";112012;196180
"7803";"D31433";"d3-14-33";112012;196180
"7804";"D31434";"d3-14-34";112012;196180
"7805";"D31441";"d3-14-41";112012;196180
"7806";"D31442";"d3-14-42";112012;196180
"7807";"D31443";"d3-14-43";112012;196180
"7808";"D31444";"d3-14-44";112012;196180
"7809";"D31511";"d3-15-11";116012;196180
"7810";"D31512";"d3-15-12";116012;196180
"7811";"D31513";"d3-15-13";116012;196180
"7812";"D31514";"d3-15-14";116012;196180
"7813";"D31521";"d3-15-21";116012;196180
"7814";"D31522";"d3-15-22";116012;196180
"7815";"D31523";"d3-15-23";116012;196180
"7816";"D31524";"d3-15-24";116012;196180
"7817";"D31531";"d3-15-31";116012;196180
"7818";"D31532";"d3-15-32";116012;196180
"7819";"D31533";"d3-15-33";116012;196180
"7820";"D31534";"d3-15-34";116012;196180
"7821";"D31541";"d3-15-41";116012;196180
"7822";"D31542";"d3-15-42";116012;196180
"7823";"D31543";"d3-15-43";116012;196180
"7824";"D31544";"d3-15-44";116012;196180
"7825";"D31611";"d3-16-11";120012;196180
"7826";"D31612";"d3-16-12";120012;196180
"7827";"D31613";"d3-16-13";120012;196180
"7828";"D31614";"d3-16-14";120012;196180
"7829";"D31621";"d3-16-21";120012;196180
"7830";"D31622";"d3-16-22";120012;196180
"7831";"D31623";"d3-16-23";120012;196180
"7832";"D31624";"d3-16-24";120012;196180
"7833";"D31631";"d3-16-31";120012;196180
"7834";"D31632";"d3-16-32";120012;196180
"7835";"D31633";"d3-16-33";120012;196180
"7836";"D31634";"d3-16-34";120012;196180
"7837";"D31641";"d3-16-41";120012;196180
"7838";"D31642";"d3-16-42";120012;196180
"7839";"D31643";"d3-16-43";120012;196180
"7840";"D31644";"d3-16-44";120012;196180
"7841";"D31711";"d3-17-11";124012;196180
"7842";"D31712";"d3-17-12";124012;196180
"7843";"D31713";"d3-17-13";124012;196180
"7844";"D31714";"d3-17-14";124012;196180
"7845";"D31721";"d3-17-21";124012;196180
"7846";"D31722";"d3-17-22";124012;196180
"7847";"D31723";"d3-17-23";124012;196180
"7848";"D31724";"d3-17-24";124012;196180
"7849";"D31731";"d3-17-31";124012;196180
"7850";"D31732";"d3-17-32";124012;196180
"7851";"D31733";"d3-17-33";124012;196180
"7852";"D31734";"d3-17-34";124012;196180
"7853";"D31741";"d3-17-41";124012;196180
"7854";"D31742";"d3-17-42";124012;196180
"7855";"D31743";"d3-17-43";124012;196180
"7856";"D31744";"d3-17-44";124012;196180
"7857";"D31811";"d3-18-11";128012;196180
"7858";"D31812";"d3-18-12";128012;196180
"7859";"D31813";"d3-18-13";128012;196180
"7860";"D31814";"d3-18-14";128012;196180
"7861";"D31821";"d3-18-21";128012;196180
"7862";"D31822";"d3-18-22";128012;196180
"7863";"D31823";"d3-18-23";128012;196180
"7864";"D31824";"d3-18-24";128012;196180
"7865";"D31831";"d3-18-31";128012;196180
"7866";"D31832";"d3-18-32";128012;196180
"7867";"D31833";"d3-18-33";128012;196180
"7868";"D31834";"d3-18-34";128012;196180
"7869";"D31841";"d3-18-41";128012;196180
"7870";"D31842";"d3-18-42";128012;196180
"7871";"D31843";"d3-18-43";128012;196180
"7872";"D31844";"d3-18-44";128012;196180
"7873";"D32111";"d3-21-11";100012;192180
"7874";"D32112";"d3-21-12";100012;192180
"7875";"D32113";"d3-21-13";100012;192180
"7876";"D32114";"d3-21-14";100012;192180
"7877";"D32121";"d3-21-21";100012;192180
"7878";"D32122";"d3-21-22";100012;192180
"7879";"D32123";"d3-21-23";100012;192180
"7880";"D32124";"d3-21-24";100012;192180
"7881";"D32131";"d3-21-31";100012;192180
"7882";"D32132";"d3-21-32";100012;192180
"7883";"D32133";"d3-21-33";100012;192180
"7884";"D32134";"d3-21-34";100012;192180
"7885";"D32141";"d3-21-41";100012;192180
"7886";"D32142";"d3-21-42";100012;192180
"7887";"D32143";"d3-21-43";100012;192180
"7888";"D32144";"d3-21-44";100012;192180
"7889";"D32211";"d3-22-11";104012;192180
"7890";"D32212";"d3-22-12";104012;192180
"7891";"D32213";"d3-22-13";104012;192180
"7892";"D32214";"d3-22-14";104012;192180
"7893";"D32221";"d3-22-21";104012;192180
"7894";"D32222";"d3-22-22";104012;192180
"7895";"D32223";"d3-22-23";104012;192180
"7896";"D32224";"d3-22-24";104012;192180
"7897";"D32231";"d3-22-31";104012;192180
"7898";"D32232";"d3-22-32";104012;192180
"7899";"D32233";"d3-22-33";104012;192180
"7900";"D32234";"d3-22-34";104012;192180
"7901";"D32241";"d3-22-41";104012;192180
"7902";"D32242";"d3-22-42";104012;192180
"7903";"D32243";"d3-22-43";104012;192180
"7904";"D32244";"d3-22-44";104012;192180
"7905";"D32311";"d3-23-11";108012;192180
"7906";"D32312";"d3-23-12";108012;192180
"7907";"D32313";"d3-23-13";108012;192180
"7908";"D32314";"d3-23-14";108012;192180
"7909";"D32321";"d3-23-21";108012;192180
"7910";"D32322";"d3-23-22";108012;192180
"7911";"D32323";"d3-23-23";108012;192180
"7912";"D32324";"d3-23-24";108012;192180
"7913";"D32331";"d3-23-31";108012;192180
"7914";"D32332";"d3-23-32";108012;192180
"7915";"D32333";"d3-23-33";108012;192180
"7916";"D32334";"d3-23-34";108012;192180
"7917";"D32341";"d3-23-41";108012;192180
"7918";"D32342";"d3-23-42";108012;192180
"7919";"D32343";"d3-23-43";108012;192180
"7920";"D32344";"d3-23-44";108012;192180
"7921";"D32411";"d3-24-11";112012;192180
"7922";"D32412";"d3-24-12";112012;192180
"7923";"D32413";"d3-24-13";112012;192180
"7924";"D32414";"d3-24-14";112012;192180
"7925";"D32421";"d3-24-21";112012;192180
"7926";"D32422";"d3-24-22";112012;192180
"7927";"D32423";"d3-24-23";112012;192180
"7928";"D32424";"d3-24-24";112012;192180
"7929";"D32431";"d3-24-31";112012;192180
"7930";"D32432";"d3-24-32";112012;192180
"7931";"D32433";"d3-24-33";112012;192180
"7932";"D32434";"d3-24-34";112012;192180
"7933";"D32441";"d3-24-41";112012;192180
"7934";"D32442";"d3-24-42";112012;192180
"7935";"D32443";"d3-24-43";112012;192180
"7936";"D32444";"d3-24-44";112012;192180
"7937";"D32511";"d3-25-11";116012;192180
"7938";"D32512";"d3-25-12";116012;192180
"7939";"D32513";"d3-25-13";116012;192180
"7940";"D32514";"d3-25-14";116012;192180
"7941";"D32521";"d3-25-21";116012;192180
"7942";"D32522";"d3-25-22";116012;192180
"7943";"D32523";"d3-25-23";116012;192180
"7944";"D32524";"d3-25-24";116012;192180
"7945";"D32531";"d3-25-31";116012;192180
"7946";"D32532";"d3-25-32";116012;192180
"7947";"D32533";"d3-25-33";116012;192180
"7948";"D32534";"d3-25-34";116012;192180
"7949";"D32541";"d3-25-41";116012;192180
"7950";"D32542";"d3-25-42";116012;192180
"7951";"D32543";"d3-25-43";116012;192180
"7952";"D32544";"d3-25-44";116012;192180
"7953";"D32611";"d3-26-11";120012;192180
"7954";"D32612";"d3-26-12";120012;192180
"7955";"D32613";"d3-26-13";120012;192180
"7956";"D32614";"d3-26-14";120012;192180
"7957";"D32621";"d3-26-21";120012;192180
"7958";"D32622";"d3-26-22";120012;192180
"7959";"D32623";"d3-26-23";120012;192180
"7960";"D32624";"d3-26-24";120012;192180
"7961";"D32631";"d3-26-31";120012;192180
"7962";"D32632";"d3-26-32";120012;192180
"7963";"D32633";"d3-26-33";120012;192180
"7964";"D32634";"d3-26-34";120012;192180
"7965";"D32641";"d3-26-41";120012;192180
"7966";"D32642";"d3-26-42";120012;192180
"7967";"D32643";"d3-26-43";120012;192180
"7968";"D32644";"d3-26-44";120012;192180
"7969";"D32711";"d3-27-11";124012;192180
"7970";"D32712";"d3-27-12";124012;192180
"7971";"D32713";"d3-27-13";124012;192180
"7972";"D32714";"d3-27-14";124012;192180
"7973";"D32721";"d3-27-21";124012;192180
"7974";"D32722";"d3-27-22";124012;192180
"7975";"D32723";"d3-27-23";124012;192180
"7976";"D32724";"d3-27-24";124012;192180
"7977";"D32731";"d3-27-31";124012;192180
"7978";"D32732";"d3-27-32";124012;192180
"7979";"D32733";"d3-27-33";124012;192180
"7980";"D32734";"d3-27-34";124012;192180
"7981";"D32741";"d3-27-41";124012;192180
"7982";"D32742";"d3-27-42";124012;192180
"7983";"D32743";"d3-27-43";124012;192180
"7984";"D32744";"d3-27-44";124012;192180
"7985";"D32811";"d3-28-11";128012;192180
"7986";"D32812";"d3-28-12";128012;192180
"7987";"D32813";"d3-28-13";128012;192180
"7988";"D32814";"d3-28-14";128012;192180
"7989";"D32821";"d3-28-21";128012;192180
"7990";"D32822";"d3-28-22";128012;192180
"7991";"D32823";"d3-28-23";128012;192180
"7992";"D32824";"d3-28-24";128012;192180
"7993";"D32831";"d3-28-31";128012;192180
"7994";"D32832";"d3-28-32";128012;192180
"7995";"D32833";"d3-28-33";128012;192180
"7996";"D32834";"d3-28-34";128012;192180
"7997";"D32841";"d3-28-41";128012;192180
"7998";"D32842";"d3-28-42";128012;192180
"7999";"D32843";"d3-28-43";128012;192180
"8000";"D32844";"d3-28-44";128012;192180
"8001";"D33111";"d3-31-11";100012;188180
"8002";"D33112";"d3-31-12";100012;188180
"8003";"D33113";"d3-31-13";100012;188180
"8004";"D33114";"d3-31-14";100012;188180
"8005";"D33121";"d3-31-21";100012;188180
"8006";"D33122";"d3-31-22";100012;188180
"8007";"D33123";"d3-31-23";100012;188180
"8008";"D33124";"d3-31-24";100012;188180
"8009";"D33131";"d3-31-31";100012;188180
"8010";"D33132";"d3-31-32";100012;188180
"8011";"D33133";"d3-31-33";100012;188180
"8012";"D33134";"d3-31-34";100012;188180
"8013";"D33141";"d3-31-41";100012;188180
"8014";"D33142";"d3-31-42";100012;188180
"8015";"D33143";"d3-31-43";100012;188180
"8016";"D33144";"d3-31-44";100012;188180
"8017";"D33211";"d3-32-11";104012;188180
"8018";"D33212";"d3-32-12";104012;188180
"8019";"D33213";"d3-32-13";104012;188180
"8020";"D33214";"d3-32-14";104012;188180
"8021";"D33221";"d3-32-21";104012;188180
"8022";"D33222";"d3-32-22";104012;188180
"8023";"D33223";"d3-32-23";104012;188180
"8024";"D33224";"d3-32-24";104012;188180
"8025";"D33231";"d3-32-31";104012;188180
"8026";"D33232";"d3-32-32";104012;188180
"8027";"D33233";"d3-32-33";104012;188180
"8028";"D33234";"d3-32-34";104012;188180
"8029";"D33241";"d3-32-41";104012;188180
"8030";"D33242";"d3-32-42";104012;188180
"8031";"D33243";"d3-32-43";104012;188180
"8032";"D33244";"d3-32-44";104012;188180
"8033";"D33311";"d3-33-11";108012;188180
"8034";"D33312";"d3-33-12";108012;188180
"8035";"D33313";"d3-33-13";108012;188180
"8036";"D33314";"d3-33-14";108012;188180
"8037";"D33321";"d3-33-21";108012;188180
"8038";"D33322";"d3-33-22";108012;188180
"8039";"D33323";"d3-33-23";108012;188180
"8040";"D33324";"d3-33-24";108012;188180
"8041";"D33331";"d3-33-31";108012;188180
"8042";"D33332";"d3-33-32";108012;188180
"8043";"D33333";"d3-33-33";108012;188180
"8044";"D33334";"d3-33-34";108012;188180
"8045";"D33341";"d3-33-41";108012;188180
"8046";"D33342";"d3-33-42";108012;188180
"8047";"D33343";"d3-33-43";108012;188180
"8048";"D33344";"d3-33-44";108012;188180
"8049";"D33411";"d3-34-11";112012;188180
"8050";"D33412";"d3-34-12";112012;188180
"8051";"D33413";"d3-34-13";112012;188180
"8052";"D33414";"d3-34-14";112012;188180
"8053";"D33421";"d3-34-21";112012;188180
"8054";"D33422";"d3-34-22";112012;188180
"8055";"D33423";"d3-34-23";112012;188180
"8056";"D33424";"d3-34-24";112012;188180
"8057";"D33431";"d3-34-31";112012;188180
"8058";"D33432";"d3-34-32";112012;188180
"8059";"D33433";"d3-34-33";112012;188180
"8060";"D33434";"d3-34-34";112012;188180
"8061";"D33441";"d3-34-41";112012;188180
"8062";"D33442";"d3-34-42";112012;188180
"8063";"D33443";"d3-34-43";112012;188180
"8064";"D33444";"d3-34-44";112012;188180
"8065";"D33511";"d3-35-11";116012;188180
"8066";"D33512";"d3-35-12";116012;188180
"8067";"D33513";"d3-35-13";116012;188180
"8068";"D33514";"d3-35-14";116012;188180
"8069";"D33521";"d3-35-21";116012;188180
"8070";"D33522";"d3-35-22";116012;188180
"8071";"D33523";"d3-35-23";116012;188180
"8072";"D33524";"d3-35-24";116012;188180
"8073";"D33531";"d3-35-31";116012;188180
"8074";"D33532";"d3-35-32";116012;188180
"8075";"D33533";"d3-35-33";116012;188180
"8076";"D33534";"d3-35-34";116012;188180
"8077";"D33541";"d3-35-41";116012;188180
"8078";"D33542";"d3-35-42";116012;188180
"8079";"D33543";"d3-35-43";116012;188180
"8080";"D33544";"d3-35-44";116012;188180
"8081";"D33611";"d3-36-11";120012;188180
"8082";"D33612";"d3-36-12";120012;188180
"8083";"D33613";"d3-36-13";120012;188180
"8084";"D33614";"d3-36-14";120012;188180
"8085";"D33621";"d3-36-21";120012;188180
"8086";"D33622";"d3-36-22";120012;188180
"8087";"D33623";"d3-36-23";120012;188180
"8088";"D33624";"d3-36-24";120012;188180
"8089";"D33631";"d3-36-31";120012;188180
"8090";"D33632";"d3-36-32";120012;188180
"8091";"D33633";"d3-36-33";120012;188180
"8092";"D33634";"d3-36-34";120012;188180
"8093";"D33641";"d3-36-41";120012;188180
"8094";"D33642";"d3-36-42";120012;188180
"8095";"D33643";"d3-36-43";120012;188180
"8096";"D33644";"d3-36-44";120012;188180
"8097";"D33711";"d3-37-11";124012;188180
"8098";"D33712";"d3-37-12";124012;188180
"8099";"D33713";"d3-37-13";124012;188180
"8100";"D33714";"d3-37-14";124012;188180
"8101";"D33721";"d3-37-21";124012;188180
"8102";"D33722";"d3-37-22";124012;188180
"8103";"D33723";"d3-37-23";124012;188180
"8104";"D33724";"d3-37-24";124012;188180
"8105";"D33731";"d3-37-31";124012;188180
"8106";"D33732";"d3-37-32";124012;188180
"8107";"D33733";"d3-37-33";124012;188180
"8108";"D33734";"d3-37-34";124012;188180
"8109";"D33741";"d3-37-41";124012;188180
"8110";"D33742";"d3-37-42";124012;188180
"8111";"D33743";"d3-37-43";124012;188180
"8112";"D33744";"d3-37-44";124012;188180
"8113";"D33811";"d3-38-11";128012;188180
"8114";"D33812";"d3-38-12";128012;188180
"8115";"D33813";"d3-38-13";128012;188180
"8116";"D33814";"d3-38-14";128012;188180
"8117";"D33821";"d3-38-21";128012;188180
"8118";"D33822";"d3-38-22";128012;188180
"8119";"D33823";"d3-38-23";128012;188180
"8120";"D33824";"d3-38-24";128012;188180
"8121";"D33831";"d3-38-31";128012;188180
"8122";"D33832";"d3-38-32";128012;188180
"8123";"D33833";"d3-38-33";128012;188180
"8124";"D33834";"d3-38-34";128012;188180
"8125";"D33841";"d3-38-41";128012;188180
"8126";"D33842";"d3-38-42";128012;188180
"8127";"D33843";"d3-38-43";128012;188180
"8128";"D33844";"d3-38-44";128012;188180
"8129";"D34111";"d3-41-11";100012;184180
"8130";"D34112";"d3-41-12";100012;184180
"8131";"D34113";"d3-41-13";100012;184180
"8132";"D34114";"d3-41-14";100012;184180
"8133";"D34121";"d3-41-21";100012;184180
"8134";"D34122";"d3-41-22";100012;184180
"8135";"D34123";"d3-41-23";100012;184180
"8136";"D34124";"d3-41-24";100012;184180
"8137";"D34131";"d3-41-31";100012;184180
"8138";"D34132";"d3-41-32";100012;184180
"8139";"D34133";"d3-41-33";100012;184180
"8140";"D34134";"d3-41-34";100012;184180
"8141";"D34141";"d3-41-41";100012;184180
"8142";"D34142";"d3-41-42";100012;184180
"8143";"D34143";"d3-41-43";100012;184180
"8144";"D34144";"d3-41-44";100012;184180
"8145";"D34211";"d3-42-11";104012;184180
"8146";"D34212";"d3-42-12";104012;184180
"8147";"D34213";"d3-42-13";104012;184180
"8148";"D34214";"d3-42-14";104012;184180
"8149";"D34221";"d3-42-21";104012;184180
"8150";"D34222";"d3-42-22";104012;184180
"8151";"D34223";"d3-42-23";104012;184180
"8152";"D34224";"d3-42-24";104012;184180
"8153";"D34231";"d3-42-31";104012;184180
"8154";"D34232";"d3-42-32";104012;184180
"8155";"D34233";"d3-42-33";104012;184180
"8156";"D34234";"d3-42-34";104012;184180
"8157";"D34241";"d3-42-41";104012;184180
"8158";"D34242";"d3-42-42";104012;184180
"8159";"D34243";"d3-42-43";104012;184180
"8160";"D34244";"d3-42-44";104012;184180
"8161";"D34311";"d3-43-11";108012;184180
"8162";"D34312";"d3-43-12";108012;184180
"8163";"D34313";"d3-43-13";108012;184180
"8164";"D34314";"d3-43-14";108012;184180
"8165";"D34321";"d3-43-21";108012;184180
"8166";"D34322";"d3-43-22";108012;184180
"8167";"D34323";"d3-43-23";108012;184180
"8168";"D34324";"d3-43-24";108012;184180
"8169";"D34331";"d3-43-31";108012;184180
"8170";"D34332";"d3-43-32";108012;184180
"8171";"D34333";"d3-43-33";108012;184180
"8172";"D34334";"d3-43-34";108012;184180
"8173";"D34341";"d3-43-41";108012;184180
"8174";"D34342";"d3-43-42";108012;184180
"8175";"D34343";"d3-43-43";108012;184180
"8176";"D34344";"d3-43-44";108012;184180
"8177";"D34411";"d3-44-11";112012;184180
"8178";"D34412";"d3-44-12";112012;184180
"8179";"D34413";"d3-44-13";112012;184180
"8180";"D34414";"d3-44-14";112012;184180
"8181";"D34421";"d3-44-21";112012;184180
"8182";"D34422";"d3-44-22";112012;184180
"8183";"D34423";"d3-44-23";112012;184180
"8184";"D34424";"d3-44-24";112012;184180
"8185";"D34431";"d3-44-31";112012;184180
"8186";"D34432";"d3-44-32";112012;184180
"8187";"D34433";"d3-44-33";112012;184180
"8188";"D34434";"d3-44-34";112012;184180
"8189";"D34441";"d3-44-41";112012;184180
"8190";"D34442";"d3-44-42";112012;184180
"8191";"D34443";"d3-44-43";112012;184180
"8192";"D34444";"d3-44-44";112012;184180
"8193";"D34511";"d3-45-11";116012;184180
"8194";"D34512";"d3-45-12";116012;184180
"8195";"D34513";"d3-45-13";116012;184180
"8196";"D34514";"d3-45-14";116012;184180
"8197";"D34521";"d3-45-21";116012;184180
"8198";"D34522";"d3-45-22";116012;184180
"8199";"D34523";"d3-45-23";116012;184180
"8200";"D34524";"d3-45-24";116012;184180
"8201";"D34531";"d3-45-31";116012;184180
"8202";"D34532";"d3-45-32";116012;184180
"8203";"D34533";"d3-45-33";116012;184180
"8204";"D34534";"d3-45-34";116012;184180
"8205";"D34541";"d3-45-41";116012;184180
"8206";"D34542";"d3-45-42";116012;184180
"8207";"D34543";"d3-45-43";116012;184180
"8208";"D34544";"d3-45-44";116012;184180
"8209";"D34611";"d3-46-11";120012;184180
"8210";"D34612";"d3-46-12";120012;184180
"8211";"D34613";"d3-46-13";120012;184180
"8212";"D34614";"d3-46-14";120012;184180
"8213";"D34621";"d3-46-21";120012;184180
"8214";"D34622";"d3-46-22";120012;184180
"8215";"D34623";"d3-46-23";120012;184180
"8216";"D34624";"d3-46-24";120012;184180
"8217";"D34631";"d3-46-31";120012;184180
"8218";"D34632";"d3-46-32";120012;184180
"8219";"D34633";"d3-46-33";120012;184180
"8220";"D34634";"d3-46-34";120012;184180
"8221";"D34641";"d3-46-41";120012;184180
"8222";"D34642";"d3-46-42";120012;184180
"8223";"D34643";"d3-46-43";120012;184180
"8224";"D34644";"d3-46-44";120012;184180
"8225";"D34711";"d3-47-11";124012;184180
"8226";"D34712";"d3-47-12";124012;184180
"8227";"D34713";"d3-47-13";124012;184180
"8228";"D34714";"d3-47-14";124012;184180
"8229";"D34721";"d3-47-21";124012;184180
"8230";"D34722";"d3-47-22";124012;184180
"8231";"D34723";"d3-47-23";124012;184180
"8232";"D34724";"d3-47-24";124012;184180
"8233";"D34731";"d3-47-31";124012;184180
"8234";"D34732";"d3-47-32";124012;184180
"8235";"D34733";"d3-47-33";124012;184180
"8236";"D34734";"d3-47-34";124012;184180
"8237";"D34741";"d3-47-41";124012;184180
"8238";"D34742";"d3-47-42";124012;184180
"8239";"D34743";"d3-47-43";124012;184180
"8240";"D34744";"d3-47-44";124012;184180
"8241";"D34811";"d3-48-11";128012;184180
"8242";"D34812";"d3-48-12";128012;184180
"8243";"D34813";"d3-48-13";128012;184180
"8244";"D34814";"d3-48-14";128012;184180
"8245";"D34821";"d3-48-21";128012;184180
"8246";"D34822";"d3-48-22";128012;184180
"8247";"D34823";"d3-48-23";128012;184180
"8248";"D34824";"d3-48-24";128012;184180
"8249";"D34831";"d3-48-31";128012;184180
"8250";"D34832";"d3-48-32";128012;184180
"8251";"D34833";"d3-48-33";128012;184180
"8252";"D34834";"d3-48-34";128012;184180
"8253";"D34841";"d3-48-41";128012;184180
"8254";"D34842";"d3-48-42";128012;184180
"8255";"D34843";"d3-48-43";128012;184180
"8256";"D34844";"d3-48-44";128012;184180
"8257";"D35111";"d3-51-11";100012;180180
"8258";"D35112";"d3-51-12";100012;180180
"8259";"D35113";"d3-51-13";100012;180180
"8260";"D35114";"d3-51-14";100012;180180
"8261";"D35121";"d3-51-21";100012;180180
"8262";"D35122";"d3-51-22";100012;180180
"8263";"D35123";"d3-51-23";100012;180180
"8264";"D35124";"d3-51-24";100012;180180
"8265";"D35131";"d3-51-31";100012;180180
"8266";"D35132";"d3-51-32";100012;180180
"8267";"D35133";"d3-51-33";100012;180180
"8268";"D35134";"d3-51-34";100012;180180
"8269";"D35141";"d3-51-41";100012;180180
"8270";"D35142";"d3-51-42";100012;180180
"8271";"D35143";"d3-51-43";100012;180180
"8272";"D35144";"d3-51-44";100012;180180
"8273";"D35211";"d3-52-11";104012;180180
"8274";"D35212";"d3-52-12";104012;180180
"8275";"D35213";"d3-52-13";104012;180180
"8276";"D35214";"d3-52-14";104012;180180
"8277";"D35221";"d3-52-21";104012;180180
"8278";"D35222";"d3-52-22";104012;180180
"8279";"D35223";"d3-52-23";104012;180180
"8280";"D35224";"d3-52-24";104012;180180
"8281";"D35231";"d3-52-31";104012;180180
"8282";"D35232";"d3-52-32";104012;180180
"8283";"D35233";"d3-52-33";104012;180180
"8284";"D35234";"d3-52-34";104012;180180
"8285";"D35241";"d3-52-41";104012;180180
"8286";"D35242";"d3-52-42";104012;180180
"8287";"D35243";"d3-52-43";104012;180180
"8288";"D35244";"d3-52-44";104012;180180
"8289";"D35311";"d3-53-11";108012;180180
"8290";"D35312";"d3-53-12";108012;180180
"8291";"D35313";"d3-53-13";108012;180180
"8292";"D35314";"d3-53-14";108012;180180
"8293";"D35321";"d3-53-21";108012;180180
"8294";"D35322";"d3-53-22";108012;180180
"8295";"D35323";"d3-53-23";108012;180180
"8296";"D35324";"d3-53-24";108012;180180
"8297";"D35331";"d3-53-31";108012;180180
"8298";"D35332";"d3-53-32";108012;180180
"8299";"D35333";"d3-53-33";108012;180180
"8300";"D35334";"d3-53-34";108012;180180
"8301";"D35341";"d3-53-41";108012;180180
"8302";"D35342";"d3-53-42";108012;180180
"8303";"D35343";"d3-53-43";108012;180180
"8304";"D35344";"d3-53-44";108012;180180
"8305";"D35411";"d3-54-11";112012;180180
"8306";"D35412";"d3-54-12";112012;180180
"8307";"D35413";"d3-54-13";112012;180180
"8308";"D35414";"d3-54-14";112012;180180
"8309";"D35421";"d3-54-21";112012;180180
"8310";"D35422";"d3-54-22";112012;180180
"8311";"D35423";"d3-54-23";112012;180180
"8312";"D35424";"d3-54-24";112012;180180
"8313";"D35431";"d3-54-31";112012;180180
"8314";"D35432";"d3-54-32";112012;180180
"8315";"D35433";"d3-54-33";112012;180180
"8316";"D35434";"d3-54-34";112012;180180
"8317";"D35441";"d3-54-41";112012;180180
"8318";"D35442";"d3-54-42";112012;180180
"8319";"D35443";"d3-54-43";112012;180180
"8320";"D35444";"d3-54-44";112012;180180
"8321";"D35511";"d3-55-11";116012;180180
"8322";"D35512";"d3-55-12";116012;180180
"8323";"D35513";"d3-55-13";116012;180180
"8324";"D35514";"d3-55-14";116012;180180
"8325";"D35521";"d3-55-21";116012;180180
"8326";"D35522";"d3-55-22";116012;180180
"8327";"D35523";"d3-55-23";116012;180180
"8328";"D35524";"d3-55-24";116012;180180
"8329";"D35531";"d3-55-31";116012;180180
"8330";"D35532";"d3-55-32";116012;180180
"8331";"D35533";"d3-55-33";116012;180180
"8332";"D35534";"d3-55-34";116012;180180
"8333";"D35541";"d3-55-41";116012;180180
"8334";"D35542";"d3-55-42";116012;180180
"8335";"D35543";"d3-55-43";116012;180180
"8336";"D35544";"d3-55-44";116012;180180
"8337";"D35611";"d3-56-11";120012;180180
"8338";"D35612";"d3-56-12";120012;180180
"8339";"D35613";"d3-56-13";120012;180180
"8340";"D35614";"d3-56-14";120012;180180
"8341";"D35621";"d3-56-21";120012;180180
"8342";"D35622";"d3-56-22";120012;180180
"8343";"D35623";"d3-56-23";120012;180180
"8344";"D35624";"d3-56-24";120012;180180
"8345";"D35631";"d3-56-31";120012;180180
"8346";"D35632";"d3-56-32";120012;180180
"8347";"D35633";"d3-56-33";120012;180180
"8348";"D35634";"d3-56-34";120012;180180
"8349";"D35641";"d3-56-41";120012;180180
"8350";"D35642";"d3-56-42";120012;180180
"8351";"D35643";"d3-56-43";120012;180180
"8352";"D35644";"d3-56-44";120012;180180
"8353";"D35711";"d3-57-11";124012;180180
"8354";"D35712";"d3-57-12";124012;180180
"8355";"D35713";"d3-57-13";124012;180180
"8356";"D35714";"d3-57-14";124012;180180
"8357";"D35721";"d3-57-21";124012;180180
"8358";"D35722";"d3-57-22";124012;180180
"8359";"D35723";"d3-57-23";124012;180180
"8360";"D35724";"d3-57-24";124012;180180
"8361";"D35731";"d3-57-31";124012;180180
"8362";"D35732";"d3-57-32";124012;180180
"8363";"D35733";"d3-57-33";124012;180180
"8364";"D35734";"d3-57-34";124012;180180
"8365";"D35741";"d3-57-41";124012;180180
"8366";"D35742";"d3-57-42";124012;180180
"8367";"D35743";"d3-57-43";124012;180180
"8368";"D35744";"d3-57-44";124012;180180
"8369";"D35811";"d3-58-11";128012;180180
"8370";"D35812";"d3-58-12";128012;180180
"8371";"D35813";"d3-58-13";128012;180180
"8372";"D35814";"d3-58-14";128012;180180
"8373";"D35821";"d3-58-21";128012;180180
"8374";"D35822";"d3-58-22";128012;180180
"8375";"D35823";"d3-58-23";128012;180180
"8376";"D35824";"d3-58-24";128012;180180
"8377";"D35831";"d3-58-31";128012;180180
"8378";"D35832";"d3-58-32";128012;180180
"8379";"D35833";"d3-58-33";128012;180180
"8380";"D35834";"d3-58-34";128012;180180
"8381";"D35841";"d3-58-41";128012;180180
"8382";"D35842";"d3-58-42";128012;180180
"8383";"D35843";"d3-58-43";128012;180180
"8384";"D35844";"d3-58-44";128012;180180
"8385";"D41111";"d4-11-11";132012;196180
"8386";"D41112";"d4-11-12";132012;196180
"8387";"D41113";"d4-11-13";132012;196180
"8388";"D41114";"d4-11-14";132012;196180
"8389";"D41121";"d4-11-21";132012;196180
"8390";"D41122";"d4-11-22";132012;196180
"8391";"D41123";"d4-11-23";132012;196180
"8392";"D41124";"d4-11-24";132012;196180
"8393";"D41131";"d4-11-31";132012;196180
"8394";"D41132";"d4-11-32";132012;196180
"8395";"D41133";"d4-11-33";132012;196180
"8396";"D41134";"d4-11-34";132012;196180
"8397";"D41141";"d4-11-41";132012;196180
"8398";"D41142";"d4-11-42";132012;196180
"8399";"D41143";"d4-11-43";132012;196180
"8400";"D41144";"d4-11-44";132012;196180
"8401";"D41211";"d4-12-11";136012;196180
"8402";"D41212";"d4-12-12";136012;196180
"8403";"D41213";"d4-12-13";136012;196180
"8404";"D41214";"d4-12-14";136012;196180
"8405";"D41221";"d4-12-21";136012;196180
"8406";"D41222";"d4-12-22";136012;196180
"8407";"D41223";"d4-12-23";136012;196180
"8408";"D41224";"d4-12-24";136012;196180
"8409";"D41231";"d4-12-31";136012;196180
"8410";"D41232";"d4-12-32";136012;196180
"8411";"D41233";"d4-12-33";136012;196180
"8412";"D41234";"d4-12-34";136012;196180
"8413";"D41241";"d4-12-41";136012;196180
"8414";"D41242";"d4-12-42";136012;196180
"8415";"D41243";"d4-12-43";136012;196180
"8416";"D41244";"d4-12-44";136012;196180
"8417";"D41311";"d4-13-11";140012;196180
"8418";"D41312";"d4-13-12";140012;196180
"8419";"D41313";"d4-13-13";140012;196180
"8420";"D41314";"d4-13-14";140012;196180
"8421";"D41321";"d4-13-21";140012;196180
"8422";"D41322";"d4-13-22";140012;196180
"8423";"D41323";"d4-13-23";140012;196180
"8424";"D41324";"d4-13-24";140012;196180
"8425";"D41331";"d4-13-31";140012;196180
"8426";"D41332";"d4-13-32";140012;196180
"8427";"D41333";"d4-13-33";140012;196180
"8428";"D41334";"d4-13-34";140012;196180
"8429";"D41341";"d4-13-41";140012;196180
"8430";"D41342";"d4-13-42";140012;196180
"8431";"D41343";"d4-13-43";140012;196180
"8432";"D41344";"d4-13-44";140012;196180
"8433";"D41411";"d4-14-11";144012;196180
"8434";"D41412";"d4-14-12";144012;196180
"8435";"D41413";"d4-14-13";144012;196180
"8436";"D41414";"d4-14-14";144012;196180
"8437";"D41421";"d4-14-21";144012;196180
"8438";"D41422";"d4-14-22";144012;196180
"8439";"D41423";"d4-14-23";144012;196180
"8440";"D41424";"d4-14-24";144012;196180
"8441";"D41431";"d4-14-31";144012;196180
"8442";"D41432";"d4-14-32";144012;196180
"8443";"D41433";"d4-14-33";144012;196180
"8444";"D41434";"d4-14-34";144012;196180
"8445";"D41441";"d4-14-41";144012;196180
"8446";"D41442";"d4-14-42";144012;196180
"8447";"D41443";"d4-14-43";144012;196180
"8448";"D41444";"d4-14-44";144012;196180
"8449";"D41511";"d4-15-11";148012;196180
"8450";"D41512";"d4-15-12";148012;196180
"8451";"D41513";"d4-15-13";148012;196180
"8452";"D41514";"d4-15-14";148012;196180
"8453";"D41521";"d4-15-21";148012;196180
"8454";"D41522";"d4-15-22";148012;196180
"8455";"D41523";"d4-15-23";148012;196180
"8456";"D41524";"d4-15-24";148012;196180
"8457";"D41531";"d4-15-31";148012;196180
"8458";"D41532";"d4-15-32";148012;196180
"8459";"D41533";"d4-15-33";148012;196180
"8460";"D41534";"d4-15-34";148012;196180
"8461";"D41541";"d4-15-41";148012;196180
"8462";"D41542";"d4-15-42";148012;196180
"8463";"D41543";"d4-15-43";148012;196180
"8464";"D41544";"d4-15-44";148012;196180
"8465";"D41611";"d4-16-11";152012;196180
"8466";"D41612";"d4-16-12";152012;196180
"8467";"D41613";"d4-16-13";152012;196180
"8468";"D41614";"d4-16-14";152012;196180
"8469";"D41621";"d4-16-21";152012;196180
"8470";"D41622";"d4-16-22";152012;196180
"8471";"D41623";"d4-16-23";152012;196180
"8472";"D41624";"d4-16-24";152012;196180
"8473";"D41631";"d4-16-31";152012;196180
"8474";"D41632";"d4-16-32";152012;196180
"8475";"D41633";"d4-16-33";152012;196180
"8476";"D41634";"d4-16-34";152012;196180
"8477";"D41641";"d4-16-41";152012;196180
"8478";"D41642";"d4-16-42";152012;196180
"8479";"D41643";"d4-16-43";152012;196180
"8480";"D41644";"d4-16-44";152012;196180
"8481";"D41711";"d4-17-11";156012;196180
"8482";"D41712";"d4-17-12";156012;196180
"8483";"D41713";"d4-17-13";156012;196180
"8484";"D41714";"d4-17-14";156012;196180
"8485";"D41721";"d4-17-21";156012;196180
"8486";"D41722";"d4-17-22";156012;196180
"8487";"D41723";"d4-17-23";156012;196180
"8488";"D41724";"d4-17-24";156012;196180
"8489";"D41731";"d4-17-31";156012;196180
"8490";"D41732";"d4-17-32";156012;196180
"8491";"D41733";"d4-17-33";156012;196180
"8492";"D41734";"d4-17-34";156012;196180
"8493";"D41741";"d4-17-41";156012;196180
"8494";"D41742";"d4-17-42";156012;196180
"8495";"D41743";"d4-17-43";156012;196180
"8496";"D41744";"d4-17-44";156012;196180
"8497";"D41811";"d4-18-11";160012;196180
"8498";"D41812";"d4-18-12";160012;196180
"8499";"D41813";"d4-18-13";160012;196180
"8500";"D41814";"d4-18-14";160012;196180
"8501";"D41821";"d4-18-21";160012;196180
"8502";"D41822";"d4-18-22";160012;196180
"8503";"D41823";"d4-18-23";160012;196180
"8504";"D41824";"d4-18-24";160012;196180
"8505";"D41831";"d4-18-31";160012;196180
"8506";"D41832";"d4-18-32";160012;196180
"8507";"D41833";"d4-18-33";160012;196180
"8508";"D41834";"d4-18-34";160012;196180
"8509";"D41841";"d4-18-41";160012;196180
"8510";"D41842";"d4-18-42";160012;196180
"8511";"D41843";"d4-18-43";160012;196180
"8512";"D41844";"d4-18-44";160012;196180
"8513";"D42111";"d4-21-11";132012;192180
"8514";"D42112";"d4-21-12";132012;192180
"8515";"D42113";"d4-21-13";132012;192180
"8516";"D42114";"d4-21-14";132012;192180
"8517";"D42121";"d4-21-21";132012;192180
"8518";"D42122";"d4-21-22";132012;192180
"8519";"D42123";"d4-21-23";132012;192180
"8520";"D42124";"d4-21-24";132012;192180
"8521";"D42131";"d4-21-31";132012;192180
"8522";"D42132";"d4-21-32";132012;192180
"8523";"D42133";"d4-21-33";132012;192180
"8524";"D42134";"d4-21-34";132012;192180
"8525";"D42141";"d4-21-41";132012;192180
"8526";"D42142";"d4-21-42";132012;192180
"8527";"D42143";"d4-21-43";132012;192180
"8528";"D42144";"d4-21-44";132012;192180
"8529";"D42211";"d4-22-11";136012;192180
"8530";"D42212";"d4-22-12";136012;192180
"8531";"D42213";"d4-22-13";136012;192180
"8532";"D42214";"d4-22-14";136012;192180
"8533";"D42221";"d4-22-21";136012;192180
"8534";"D42222";"d4-22-22";136012;192180
"8535";"D42223";"d4-22-23";136012;192180
"8536";"D42224";"d4-22-24";136012;192180
"8537";"D42231";"d4-22-31";136012;192180
"8538";"D42232";"d4-22-32";136012;192180
"8539";"D42233";"d4-22-33";136012;192180
"8540";"D42234";"d4-22-34";136012;192180
"8541";"D42241";"d4-22-41";136012;192180
"8542";"D42242";"d4-22-42";136012;192180
"8543";"D42243";"d4-22-43";136012;192180
"8544";"D42244";"d4-22-44";136012;192180
"8545";"D42311";"d4-23-11";140012;192180
"8546";"D42312";"d4-23-12";140012;192180
"8547";"D42313";"d4-23-13";140012;192180
"8548";"D42314";"d4-23-14";140012;192180
"8549";"D42321";"d4-23-21";140012;192180
"8550";"D42322";"d4-23-22";140012;192180
"8551";"D42323";"d4-23-23";140012;192180
"8552";"D42324";"d4-23-24";140012;192180
"8553";"D42331";"d4-23-31";140012;192180
"8554";"D42332";"d4-23-32";140012;192180
"8555";"D42333";"d4-23-33";140012;192180
"8556";"D42334";"d4-23-34";140012;192180
"8557";"D42341";"d4-23-41";140012;192180
"8558";"D42342";"d4-23-42";140012;192180
"8559";"D42343";"d4-23-43";140012;192180
"8560";"D42344";"d4-23-44";140012;192180
"8561";"D42411";"d4-24-11";144012;192180
"8562";"D42412";"d4-24-12";144012;192180
"8563";"D42413";"d4-24-13";144012;192180
"8564";"D42414";"d4-24-14";144012;192180
"8565";"D42421";"d4-24-21";144012;192180
"8566";"D42422";"d4-24-22";144012;192180
"8567";"D42423";"d4-24-23";144012;192180
"8568";"D42424";"d4-24-24";144012;192180
"8569";"D42431";"d4-24-31";144012;192180
"8570";"D42432";"d4-24-32";144012;192180
"8571";"D42433";"d4-24-33";144012;192180
"8572";"D42434";"d4-24-34";144012;192180
"8573";"D42441";"d4-24-41";144012;192180
"8574";"D42442";"d4-24-42";144012;192180
"8575";"D42443";"d4-24-43";144012;192180
"8576";"D42444";"d4-24-44";144012;192180
"8577";"D42511";"d4-25-11";148012;192180
"8578";"D42512";"d4-25-12";148012;192180
"8579";"D42513";"d4-25-13";148012;192180
"8580";"D42514";"d4-25-14";148012;192180
"8581";"D42521";"d4-25-21";148012;192180
"8582";"D42522";"d4-25-22";148012;192180
"8583";"D42523";"d4-25-23";148012;192180
"8584";"D42524";"d4-25-24";148012;192180
"8585";"D42531";"d4-25-31";148012;192180
"8586";"D42532";"d4-25-32";148012;192180
"8587";"D42533";"d4-25-33";148012;192180
"8588";"D42534";"d4-25-34";148012;192180
"8589";"D42541";"d4-25-41";148012;192180
"8590";"D42542";"d4-25-42";148012;192180
"8591";"D42543";"d4-25-43";148012;192180
"8592";"D42544";"d4-25-44";148012;192180
"8593";"D42611";"d4-26-11";152012;192180
"8594";"D42612";"d4-26-12";152012;192180
"8595";"D42613";"d4-26-13";152012;192180
"8596";"D42614";"d4-26-14";152012;192180
"8597";"D42621";"d4-26-21";152012;192180
"8598";"D42622";"d4-26-22";152012;192180
"8599";"D42623";"d4-26-23";152012;192180
"8600";"D42624";"d4-26-24";152012;192180
"8601";"D42631";"d4-26-31";152012;192180
"8602";"D42632";"d4-26-32";152012;192180
"8603";"D42633";"d4-26-33";152012;192180
"8604";"D42634";"d4-26-34";152012;192180
"8605";"D42641";"d4-26-41";152012;192180
"8606";"D42642";"d4-26-42";152012;192180
"8607";"D42643";"d4-26-43";152012;192180
"8608";"D42644";"d4-26-44";152012;192180
"8609";"D42711";"d4-27-11";156012;192180
"8610";"D42712";"d4-27-12";156012;192180
"8611";"D42713";"d4-27-13";156012;192180
"8612";"D42714";"d4-27-14";156012;192180
"8613";"D42721";"d4-27-21";156012;192180
"8614";"D42722";"d4-27-22";156012;192180
"8615";"D42723";"d4-27-23";156012;192180
"8616";"D42724";"d4-27-24";156012;192180
"8617";"D42731";"d4-27-31";156012;192180
"8618";"D42732";"d4-27-32";156012;192180
"8619";"D42733";"d4-27-33";156012;192180
"8620";"D42734";"d4-27-34";156012;192180
"8621";"D42741";"d4-27-41";156012;192180
"8622";"D42742";"d4-27-42";156012;192180
"8623";"D42743";"d4-27-43";156012;192180
"8624";"D42744";"d4-27-44";156012;192180
"8625";"D42811";"d4-28-11";160012;192180
"8626";"D42812";"d4-28-12";160012;192180
"8627";"D42813";"d4-28-13";160012;192180
"8628";"D42814";"d4-28-14";160012;192180
"8629";"D42821";"d4-28-21";160012;192180
"8630";"D42822";"d4-28-22";160012;192180
"8631";"D42823";"d4-28-23";160012;192180
"8632";"D42824";"d4-28-24";160012;192180
"8633";"D42831";"d4-28-31";160012;192180
"8634";"D42832";"d4-28-32";160012;192180
"8635";"D42833";"d4-28-33";160012;192180
"8636";"D42834";"d4-28-34";160012;192180
"8637";"D42841";"d4-28-41";160012;192180
"8638";"D42842";"d4-28-42";160012;192180
"8639";"D42843";"d4-28-43";160012;192180
"8640";"D42844";"d4-28-44";160012;192180
"8641";"D43111";"d4-31-11";132012;188180
"8642";"D43112";"d4-31-12";132012;188180
"8643";"D43113";"d4-31-13";132012;188180
"8644";"D43114";"d4-31-14";132012;188180
"8645";"D43121";"d4-31-21";132012;188180
"8646";"D43122";"d4-31-22";132012;188180
"8647";"D43123";"d4-31-23";132012;188180
"8648";"D43124";"d4-31-24";132012;188180
"8649";"D43131";"d4-31-31";132012;188180
"8650";"D43132";"d4-31-32";132012;188180
"8651";"D43133";"d4-31-33";132012;188180
"8652";"D43134";"d4-31-34";132012;188180
"8653";"D43141";"d4-31-41";132012;188180
"8654";"D43142";"d4-31-42";132012;188180
"8655";"D43143";"d4-31-43";132012;188180
"8656";"D43144";"d4-31-44";132012;188180
"8657";"D43211";"d4-32-11";136012;188180
"8658";"D43212";"d4-32-12";136012;188180
"8659";"D43213";"d4-32-13";136012;188180
"8660";"D43214";"d4-32-14";136012;188180
"8661";"D43221";"d4-32-21";136012;188180
"8662";"D43222";"d4-32-22";136012;188180
"8663";"D43223";"d4-32-23";136012;188180
"8664";"D43224";"d4-32-24";136012;188180
"8665";"D43231";"d4-32-31";136012;188180
"8666";"D43232";"d4-32-32";136012;188180
"8667";"D43233";"d4-32-33";136012;188180
"8668";"D43234";"d4-32-34";136012;188180
"8669";"D43241";"d4-32-41";136012;188180
"8670";"D43242";"d4-32-42";136012;188180
"8671";"D43243";"d4-32-43";136012;188180
"8672";"D43244";"d4-32-44";136012;188180
"8673";"D43311";"d4-33-11";140012;188180
"8674";"D43312";"d4-33-12";140012;188180
"8675";"D43313";"d4-33-13";140012;188180
"8676";"D43314";"d4-33-14";140012;188180
"8677";"D43321";"d4-33-21";140012;188180
"8678";"D43322";"d4-33-22";140012;188180
"8679";"D43323";"d4-33-23";140012;188180
"8680";"D43324";"d4-33-24";140012;188180
"8681";"D43331";"d4-33-31";140012;188180
"8682";"D43332";"d4-33-32";140012;188180
"8683";"D43333";"d4-33-33";140012;188180
"8684";"D43334";"d4-33-34";140012;188180
"8685";"D43341";"d4-33-41";140012;188180
"8686";"D43342";"d4-33-42";140012;188180
"8687";"D43343";"d4-33-43";140012;188180
"8688";"D43344";"d4-33-44";140012;188180
"8689";"D43411";"d4-34-11";144012;188180
"8690";"D43412";"d4-34-12";144012;188180
"8691";"D43413";"d4-34-13";144012;188180
"8692";"D43414";"d4-34-14";144012;188180
"8693";"D43421";"d4-34-21";144012;188180
"8694";"D43422";"d4-34-22";144012;188180
"8695";"D43423";"d4-34-23";144012;188180
"8696";"D43424";"d4-34-24";144012;188180
"8697";"D43431";"d4-34-31";144012;188180
"8698";"D43432";"d4-34-32";144012;188180
"8699";"D43433";"d4-34-33";144012;188180
"8700";"D43434";"d4-34-34";144012;188180
"8701";"D43441";"d4-34-41";144012;188180
"8702";"D43442";"d4-34-42";144012;188180
"8703";"D43443";"d4-34-43";144012;188180
"8704";"D43444";"d4-34-44";144012;188180
"8705";"D43511";"d4-35-11";148012;188180
"8706";"D43512";"d4-35-12";148012;188180
"8707";"D43513";"d4-35-13";148012;188180
"8708";"D43514";"d4-35-14";148012;188180
"8709";"D43521";"d4-35-21";148012;188180
"8710";"D43522";"d4-35-22";148012;188180
"8711";"D43523";"d4-35-23";148012;188180
"8712";"D43524";"d4-35-24";148012;188180
"8713";"D43531";"d4-35-31";148012;188180
"8714";"D43532";"d4-35-32";148012;188180
"8715";"D43533";"d4-35-33";148012;188180
"8716";"D43534";"d4-35-34";148012;188180
"8717";"D43541";"d4-35-41";148012;188180
"8718";"D43542";"d4-35-42";148012;188180
"8719";"D43543";"d4-35-43";148012;188180
"8720";"D43544";"d4-35-44";148012;188180
"8721";"D43611";"d4-36-11";152012;188180
"8722";"D43612";"d4-36-12";152012;188180
"8723";"D43613";"d4-36-13";152012;188180
"8724";"D43614";"d4-36-14";152012;188180
"8725";"D43621";"d4-36-21";152012;188180
"8726";"D43622";"d4-36-22";152012;188180
"8727";"D43623";"d4-36-23";152012;188180
"8728";"D43624";"d4-36-24";152012;188180
"8729";"D43631";"d4-36-31";152012;188180
"8730";"D43632";"d4-36-32";152012;188180
"8731";"D43633";"d4-36-33";152012;188180
"8732";"D43634";"d4-36-34";152012;188180
"8733";"D43641";"d4-36-41";152012;188180
"8734";"D43642";"d4-36-42";152012;188180
"8735";"D43643";"d4-36-43";152012;188180
"8736";"D43644";"d4-36-44";152012;188180
"8737";"D43711";"d4-37-11";156012;188180
"8738";"D43712";"d4-37-12";156012;188180
"8739";"D43713";"d4-37-13";156012;188180
"8740";"D43714";"d4-37-14";156012;188180
"8741";"D43721";"d4-37-21";156012;188180
"8742";"D43722";"d4-37-22";156012;188180
"8743";"D43723";"d4-37-23";156012;188180
"8744";"D43724";"d4-37-24";156012;188180
"8745";"D43731";"d4-37-31";156012;188180
"8746";"D43732";"d4-37-32";156012;188180
"8747";"D43733";"d4-37-33";156012;188180
"8748";"D43734";"d4-37-34";156012;188180
"8749";"D43741";"d4-37-41";156012;188180
"8750";"D43742";"d4-37-42";156012;188180
"8751";"D43743";"d4-37-43";156012;188180
"8752";"D43744";"d4-37-44";156012;188180
"8753";"D43811";"d4-38-11";160012;188180
"8754";"D43812";"d4-38-12";160012;188180
"8755";"D43813";"d4-38-13";160012;188180
"8756";"D43814";"d4-38-14";160012;188180
"8757";"D43821";"d4-38-21";160012;188180
"8758";"D43822";"d4-38-22";160012;188180
"8759";"D43823";"d4-38-23";160012;188180
"8760";"D43824";"d4-38-24";160012;188180
"8761";"D43831";"d4-38-31";160012;188180
"8762";"D43832";"d4-38-32";160012;188180
"8763";"D43833";"d4-38-33";160012;188180
"8764";"D43834";"d4-38-34";160012;188180
"8765";"D43841";"d4-38-41";160012;188180
"8766";"D43842";"d4-38-42";160012;188180
"8767";"D43843";"d4-38-43";160012;188180
"8768";"D43844";"d4-38-44";160012;188180
"8769";"D44111";"d4-41-11";132012;184180
"8770";"D44112";"d4-41-12";132012;184180
"8771";"D44113";"d4-41-13";132012;184180
"8772";"D44114";"d4-41-14";132012;184180
"8773";"D44121";"d4-41-21";132012;184180
"8774";"D44122";"d4-41-22";132012;184180
"8775";"D44123";"d4-41-23";132012;184180
"8776";"D44124";"d4-41-24";132012;184180
"8777";"D44131";"d4-41-31";132012;184180
"8778";"D44132";"d4-41-32";132012;184180
"8779";"D44133";"d4-41-33";132012;184180
"8780";"D44134";"d4-41-34";132012;184180
"8781";"D44141";"d4-41-41";132012;184180
"8782";"D44142";"d4-41-42";132012;184180
"8783";"D44143";"d4-41-43";132012;184180
"8784";"D44144";"d4-41-44";132012;184180
"8785";"D44211";"d4-42-11";136012;184180
"8786";"D44212";"d4-42-12";136012;184180
"8787";"D44213";"d4-42-13";136012;184180
"8788";"D44214";"d4-42-14";136012;184180
"8789";"D44221";"d4-42-21";136012;184180
"8790";"D44222";"d4-42-22";136012;184180
"8791";"D44223";"d4-42-23";136012;184180
"8792";"D44224";"d4-42-24";136012;184180
"8793";"D44231";"d4-42-31";136012;184180
"8794";"D44232";"d4-42-32";136012;184180
"8795";"D44233";"d4-42-33";136012;184180
"8796";"D44234";"d4-42-34";136012;184180
"8797";"D44241";"d4-42-41";136012;184180
"8798";"D44242";"d4-42-42";136012;184180
"8799";"D44243";"d4-42-43";136012;184180
"8800";"D44244";"d4-42-44";136012;184180
"8801";"D44311";"d4-43-11";140012;184180
"8802";"D44312";"d4-43-12";140012;184180
"8803";"D44313";"d4-43-13";140012;184180
"8804";"D44314";"d4-43-14";140012;184180
"8805";"D44321";"d4-43-21";140012;184180
"8806";"D44322";"d4-43-22";140012;184180
"8807";"D44323";"d4-43-23";140012;184180
"8808";"D44324";"d4-43-24";140012;184180
"8809";"D44331";"d4-43-31";140012;184180
"8810";"D44332";"d4-43-32";140012;184180
"8811";"D44333";"d4-43-33";140012;184180
"8812";"D44334";"d4-43-34";140012;184180
"8813";"D44341";"d4-43-41";140012;184180
"8814";"D44342";"d4-43-42";140012;184180
"8815";"D44343";"d4-43-43";140012;184180
"8816";"D44344";"d4-43-44";140012;184180
"8817";"D44411";"d4-44-11";144012;184180
"8818";"D44412";"d4-44-12";144012;184180
"8819";"D44413";"d4-44-13";144012;184180
"8820";"D44414";"d4-44-14";144012;184180
"8821";"D44421";"d4-44-21";144012;184180
"8822";"D44422";"d4-44-22";144012;184180
"8823";"D44423";"d4-44-23";144012;184180
"8824";"D44424";"d4-44-24";144012;184180
"8825";"D44431";"d4-44-31";144012;184180
"8826";"D44432";"d4-44-32";144012;184180
"8827";"D44433";"d4-44-33";144012;184180
"8828";"D44434";"d4-44-34";144012;184180
"8829";"D44441";"d4-44-41";144012;184180
"8830";"D44442";"d4-44-42";144012;184180
"8831";"D44443";"d4-44-43";144012;184180
"8832";"D44444";"d4-44-44";144012;184180
"8833";"D44511";"d4-45-11";148012;184180
"8834";"D44512";"d4-45-12";148012;184180
"8835";"D44513";"d4-45-13";148012;184180
"8836";"D44514";"d4-45-14";148012;184180
"8837";"D44521";"d4-45-21";148012;184180
"8838";"D44522";"d4-45-22";148012;184180
"8839";"D44523";"d4-45-23";148012;184180
"8840";"D44524";"d4-45-24";148012;184180
"8841";"D44531";"d4-45-31";148012;184180
"8842";"D44532";"d4-45-32";148012;184180
"8843";"D44533";"d4-45-33";148012;184180
"8844";"D44534";"d4-45-34";148012;184180
"8845";"D44541";"d4-45-41";148012;184180
"8846";"D44542";"d4-45-42";148012;184180
"8847";"D44543";"d4-45-43";148012;184180
"8848";"D44544";"d4-45-44";148012;184180
"8849";"D44611";"d4-46-11";152012;184180
"8850";"D44612";"d4-46-12";152012;184180
"8851";"D44613";"d4-46-13";152012;184180
"8852";"D44614";"d4-46-14";152012;184180
"8853";"D44621";"d4-46-21";152012;184180
"8854";"D44622";"d4-46-22";152012;184180
"8855";"D44623";"d4-46-23";152012;184180
"8856";"D44624";"d4-46-24";152012;184180
"8857";"D44631";"d4-46-31";152012;184180
"8858";"D44632";"d4-46-32";152012;184180
"8859";"D44633";"d4-46-33";152012;184180
"8860";"D44634";"d4-46-34";152012;184180
"8861";"D44641";"d4-46-41";152012;184180
"8862";"D44642";"d4-46-42";152012;184180
"8863";"D44643";"d4-46-43";152012;184180
"8864";"D44644";"d4-46-44";152012;184180
"8865";"D44711";"d4-47-11";156012;184180
"8866";"D44712";"d4-47-12";156012;184180
"8867";"D44713";"d4-47-13";156012;184180
"8868";"D44714";"d4-47-14";156012;184180
"8869";"D44721";"d4-47-21";156012;184180
"8870";"D44722";"d4-47-22";156012;184180
"8871";"D44723";"d4-47-23";156012;184180
"8872";"D44724";"d4-47-24";156012;184180
"8873";"D44731";"d4-47-31";156012;184180
"8874";"D44732";"d4-47-32";156012;184180
"8875";"D44733";"d4-47-33";156012;184180
"8876";"D44734";"d4-47-34";156012;184180
"8877";"D44741";"d4-47-41";156012;184180
"8878";"D44742";"d4-47-42";156012;184180
"8879";"D44743";"d4-47-43";156012;184180
"8880";"D44744";"d4-47-44";156012;184180
"8881";"D44811";"d4-48-11";160012;184180
"8882";"D44812";"d4-48-12";160012;184180
"8883";"D44813";"d4-48-13";160012;184180
"8884";"D44814";"d4-48-14";160012;184180
"8885";"D44821";"d4-48-21";160012;184180
"8886";"D44822";"d4-48-22";160012;184180
"8887";"D44823";"d4-48-23";160012;184180
"8888";"D44824";"d4-48-24";160012;184180
"8889";"D44831";"d4-48-31";160012;184180
"8890";"D44832";"d4-48-32";160012;184180
"8891";"D44833";"d4-48-33";160012;184180
"8892";"D44834";"d4-48-34";160012;184180
"8893";"D44841";"d4-48-41";160012;184180
"8894";"D44842";"d4-48-42";160012;184180
"8895";"D44843";"d4-48-43";160012;184180
"8896";"D44844";"d4-48-44";160012;184180
"8897";"D45111";"d4-51-11";132012;180180
"8898";"D45112";"d4-51-12";132012;180180
"8899";"D45113";"d4-51-13";132012;180180
"8900";"D45114";"d4-51-14";132012;180180
"8901";"D45121";"d4-51-21";132012;180180
"8902";"D45122";"d4-51-22";132012;180180
"8903";"D45123";"d4-51-23";132012;180180
"8904";"D45124";"d4-51-24";132012;180180
"8905";"D45131";"d4-51-31";132012;180180
"8906";"D45132";"d4-51-32";132012;180180
"8907";"D45133";"d4-51-33";132012;180180
"8908";"D45134";"d4-51-34";132012;180180
"8909";"D45141";"d4-51-41";132012;180180
"8910";"D45142";"d4-51-42";132012;180180
"8911";"D45143";"d4-51-43";132012;180180
"8912";"D45144";"d4-51-44";132012;180180
"8913";"D45211";"d4-52-11";136012;180180
"8914";"D45212";"d4-52-12";136012;180180
"8915";"D45213";"d4-52-13";136012;180180
"8916";"D45214";"d4-52-14";136012;180180
"8917";"D45221";"d4-52-21";136012;180180
"8918";"D45222";"d4-52-22";136012;180180
"8919";"D45223";"d4-52-23";136012;180180
"8920";"D45224";"d4-52-24";136012;180180
"8921";"D45231";"d4-52-31";136012;180180
"8922";"D45232";"d4-52-32";136012;180180
"8923";"D45233";"d4-52-33";136012;180180
"8924";"D45234";"d4-52-34";136012;180180
"8925";"D45241";"d4-52-41";136012;180180
"8926";"D45242";"d4-52-42";136012;180180
"8927";"D45243";"d4-52-43";136012;180180
"8928";"D45244";"d4-52-44";136012;180180
"8929";"D45311";"d4-53-11";140012;180180
"8930";"D45312";"d4-53-12";140012;180180
"8931";"D45313";"d4-53-13";140012;180180
"8932";"D45314";"d4-53-14";140012;180180
"8933";"D45321";"d4-53-21";140012;180180
"8934";"D45322";"d4-53-22";140012;180180
"8935";"D45323";"d4-53-23";140012;180180
"8936";"D45324";"d4-53-24";140012;180180
"8937";"D45331";"d4-53-31";140012;180180
"8938";"D45332";"d4-53-32";140012;180180
"8939";"D45333";"d4-53-33";140012;180180
"8940";"D45334";"d4-53-34";140012;180180
"8941";"D45341";"d4-53-41";140012;180180
"8942";"D45342";"d4-53-42";140012;180180
"8943";"D45343";"d4-53-43";140012;180180
"8944";"D45344";"d4-53-44";140012;180180
"8945";"D45411";"d4-54-11";144012;180180
"8946";"D45412";"d4-54-12";144012;180180
"8947";"D45413";"d4-54-13";144012;180180
"8948";"D45414";"d4-54-14";144012;180180
"8949";"D45421";"d4-54-21";144012;180180
"8950";"D45422";"d4-54-22";144012;180180
"8951";"D45423";"d4-54-23";144012;180180
"8952";"D45424";"d4-54-24";144012;180180
"8953";"D45431";"d4-54-31";144012;180180
"8954";"D45432";"d4-54-32";144012;180180
"8955";"D45433";"d4-54-33";144012;180180
"8956";"D45434";"d4-54-34";144012;180180
"8957";"D45441";"d4-54-41";144012;180180
"8958";"D45442";"d4-54-42";144012;180180
"8959";"D45443";"d4-54-43";144012;180180
"8960";"D45444";"d4-54-44";144012;180180
"8961";"D45511";"d4-55-11";148012;180180
"8962";"D45512";"d4-55-12";148012;180180
"8963";"D45513";"d4-55-13";148012;180180
"8964";"D45514";"d4-55-14";148012;180180
"8965";"D45521";"d4-55-21";148012;180180
"8966";"D45522";"d4-55-22";148012;180180
"8967";"D45523";"d4-55-23";148012;180180
"8968";"D45524";"d4-55-24";148012;180180
"8969";"D45531";"d4-55-31";148012;180180
"8970";"D45532";"d4-55-32";148012;180180
"8971";"D45533";"d4-55-33";148012;180180
"8972";"D45534";"d4-55-34";148012;180180
"8973";"D45541";"d4-55-41";148012;180180
"8974";"D45542";"d4-55-42";148012;180180
"8975";"D45543";"d4-55-43";148012;180180
"8976";"D45544";"d4-55-44";148012;180180
"8977";"D45611";"d4-56-11";152012;180180
"8978";"D45612";"d4-56-12";152012;180180
"8979";"D45613";"d4-56-13";152012;180180
"8980";"D45614";"d4-56-14";152012;180180
"8981";"D45621";"d4-56-21";152012;180180
"8982";"D45622";"d4-56-22";152012;180180
"8983";"D45623";"d4-56-23";152012;180180
"8984";"D45624";"d4-56-24";152012;180180
"8985";"D45631";"d4-56-31";152012;180180
"8986";"D45632";"d4-56-32";152012;180180
"8987";"D45633";"d4-56-33";152012;180180
"8988";"D45634";"d4-56-34";152012;180180
"8989";"D45641";"d4-56-41";152012;180180
"8990";"D45642";"d4-56-42";152012;180180
"8991";"D45643";"d4-56-43";152012;180180
"8992";"D45644";"d4-56-44";152012;180180
"8993";"D45711";"d4-57-11";156012;180180
"8994";"D45712";"d4-57-12";156012;180180
"8995";"D45713";"d4-57-13";156012;180180
"8996";"D45714";"d4-57-14";156012;180180
"8997";"D45721";"d4-57-21";156012;180180
"8998";"D45722";"d4-57-22";156012;180180
"8999";"D45723";"d4-57-23";156012;180180
"9000";"D45724";"d4-57-24";156012;180180
"9001";"D45731";"d4-57-31";156012;180180
"9002";"D45732";"d4-57-32";156012;180180
"9003";"D45733";"d4-57-33";156012;180180
"9004";"D45734";"d4-57-34";156012;180180
"9005";"D45741";"d4-57-41";156012;180180
"9006";"D45742";"d4-57-42";156012;180180
"9007";"D45743";"d4-57-43";156012;180180
"9008";"D45744";"d4-57-44";156012;180180
"9009";"D45811";"d4-58-11";160012;180180
"9010";"D45812";"d4-58-12";160012;180180
"9011";"D45813";"d4-58-13";160012;180180
"9012";"D45814";"d4-58-14";160012;180180
"9013";"D45821";"d4-58-21";160012;180180
"9014";"D45822";"d4-58-22";160012;180180
"9015";"D45823";"d4-58-23";160012;180180
"9016";"D45824";"d4-58-24";160012;180180
"9017";"D45831";"d4-58-31";160012;180180
"9018";"D45832";"d4-58-32";160012;180180
"9019";"D45833";"d4-58-33";160012;180180
"9020";"D45834";"d4-58-34";160012;180180
"9021";"D45841";"d4-58-41";160012;180180
"9022";"D45842";"d4-58-42";160012;180180
"9023";"D45843";"d4-58-43";160012;180180
"9024";"D45844";"d4-58-44";160012;180180
"9025";"D51111";"d5-11-11";164012;196180
"9026";"D51112";"d5-11-12";164012;196180
"9027";"D51113";"d5-11-13";164012;196180
"9028";"D51114";"d5-11-14";164012;196180
"9029";"D51121";"d5-11-21";164012;196180
"9030";"D51122";"d5-11-22";164012;196180
"9031";"D51123";"d5-11-23";164012;196180
"9032";"D51124";"d5-11-24";164012;196180
"9033";"D51131";"d5-11-31";164012;196180
"9034";"D51132";"d5-11-32";164012;196180
"9035";"D51133";"d5-11-33";164012;196180
"9036";"D51134";"d5-11-34";164012;196180
"9037";"D51141";"d5-11-41";164012;196180
"9038";"D51142";"d5-11-42";164012;196180
"9039";"D51143";"d5-11-43";164012;196180
"9040";"D51144";"d5-11-44";164012;196180
"9041";"D51211";"d5-12-11";168012;196180
"9042";"D51212";"d5-12-12";168012;196180
"9043";"D51213";"d5-12-13";168012;196180
"9044";"D51214";"d5-12-14";168012;196180
"9045";"D51221";"d5-12-21";168012;196180
"9046";"D51222";"d5-12-22";168012;196180
"9047";"D51223";"d5-12-23";168012;196180
"9048";"D51224";"d5-12-24";168012;196180
"9049";"D51231";"d5-12-31";168012;196180
"9050";"D51232";"d5-12-32";168012;196180
"9051";"D51233";"d5-12-33";168012;196180
"9052";"D51234";"d5-12-34";168012;196180
"9053";"D51241";"d5-12-41";168012;196180
"9054";"D51242";"d5-12-42";168012;196180
"9055";"D51243";"d5-12-43";168012;196180
"9056";"D51244";"d5-12-44";168012;196180
"9057";"D51311";"d5-13-11";172012;196180
"9058";"D51312";"d5-13-12";172012;196180
"9059";"D51313";"d5-13-13";172012;196180
"9060";"D51314";"d5-13-14";172012;196180
"9061";"D51321";"d5-13-21";172012;196180
"9062";"D51322";"d5-13-22";172012;196180
"9063";"D51323";"d5-13-23";172012;196180
"9064";"D51324";"d5-13-24";172012;196180
"9065";"D51331";"d5-13-31";172012;196180
"9066";"D51332";"d5-13-32";172012;196180
"9067";"D51333";"d5-13-33";172012;196180
"9068";"D51334";"d5-13-34";172012;196180
"9069";"D51341";"d5-13-41";172012;196180
"9070";"D51342";"d5-13-42";172012;196180
"9071";"D51343";"d5-13-43";172012;196180
"9072";"D51344";"d5-13-44";172012;196180
"9073";"D51411";"d5-14-11";176012;196180
"9074";"D51412";"d5-14-12";176012;196180
"9075";"D51413";"d5-14-13";176012;196180
"9076";"D51414";"d5-14-14";176012;196180
"9077";"D51421";"d5-14-21";176012;196180
"9078";"D51422";"d5-14-22";176012;196180
"9079";"D51423";"d5-14-23";176012;196180
"9080";"D51424";"d5-14-24";176012;196180
"9081";"D51431";"d5-14-31";176012;196180
"9082";"D51432";"d5-14-32";176012;196180
"9083";"D51433";"d5-14-33";176012;196180
"9084";"D51434";"d5-14-34";176012;196180
"9085";"D51441";"d5-14-41";176012;196180
"9086";"D51442";"d5-14-42";176012;196180
"9087";"D51443";"d5-14-43";176012;196180
"9088";"D51444";"d5-14-44";176012;196180
"9089";"D51511";"d5-15-11";180012;196180
"9090";"D51512";"d5-15-12";180012;196180
"9091";"D51513";"d5-15-13";180012;196180
"9092";"D51514";"d5-15-14";180012;196180
"9093";"D51521";"d5-15-21";180012;196180
"9094";"D51522";"d5-15-22";180012;196180
"9095";"D51523";"d5-15-23";180012;196180
"9096";"D51524";"d5-15-24";180012;196180
"9097";"D51531";"d5-15-31";180012;196180
"9098";"D51532";"d5-15-32";180012;196180
"9099";"D51533";"d5-15-33";180012;196180
"9100";"D51534";"d5-15-34";180012;196180
"9101";"D51541";"d5-15-41";180012;196180
"9102";"D51542";"d5-15-42";180012;196180
"9103";"D51543";"d5-15-43";180012;196180
"9104";"D51544";"d5-15-44";180012;196180
"9105";"D51611";"d5-16-11";184012;196180
"9106";"D51612";"d5-16-12";184012;196180
"9107";"D51613";"d5-16-13";184012;196180
"9108";"D51614";"d5-16-14";184012;196180
"9109";"D51621";"d5-16-21";184012;196180
"9110";"D51622";"d5-16-22";184012;196180
"9111";"D51623";"d5-16-23";184012;196180
"9112";"D51624";"d5-16-24";184012;196180
"9113";"D51631";"d5-16-31";184012;196180
"9114";"D51632";"d5-16-32";184012;196180
"9115";"D51633";"d5-16-33";184012;196180
"9116";"D51634";"d5-16-34";184012;196180
"9117";"D51641";"d5-16-41";184012;196180
"9118";"D51642";"d5-16-42";184012;196180
"9119";"D51643";"d5-16-43";184012;196180
"9120";"D51644";"d5-16-44";184012;196180
"9121";"D51711";"d5-17-11";188012;196180
"9122";"D51712";"d5-17-12";188012;196180
"9123";"D51713";"d5-17-13";188012;196180
"9124";"D51714";"d5-17-14";188012;196180
"9125";"D51721";"d5-17-21";188012;196180
"9126";"D51722";"d5-17-22";188012;196180
"9127";"D51723";"d5-17-23";188012;196180
"9128";"D51724";"d5-17-24";188012;196180
"9129";"D51731";"d5-17-31";188012;196180
"9130";"D51732";"d5-17-32";188012;196180
"9131";"D51733";"d5-17-33";188012;196180
"9132";"D51734";"d5-17-34";188012;196180
"9133";"D51741";"d5-17-41";188012;196180
"9134";"D51742";"d5-17-42";188012;196180
"9135";"D51743";"d5-17-43";188012;196180
"9136";"D51744";"d5-17-44";188012;196180
"9137";"D51811";"d5-18-11";192012;196180
"9138";"D51812";"d5-18-12";192012;196180
"9139";"D51813";"d5-18-13";192012;196180
"9140";"D51814";"d5-18-14";192012;196180
"9141";"D51821";"d5-18-21";192012;196180
"9142";"D51822";"d5-18-22";192012;196180
"9143";"D51823";"d5-18-23";192012;196180
"9144";"D51824";"d5-18-24";192012;196180
"9145";"D51831";"d5-18-31";192012;196180
"9146";"D51832";"d5-18-32";192012;196180
"9147";"D51833";"d5-18-33";192012;196180
"9148";"D51834";"d5-18-34";192012;196180
"9149";"D51841";"d5-18-41";192012;196180
"9150";"D51842";"d5-18-42";192012;196180
"9151";"D51843";"d5-18-43";192012;196180
"9152";"D51844";"d5-18-44";192012;196180
"9153";"D52111";"d5-21-11";164012;192180
"9154";"D52112";"d5-21-12";164012;192180
"9155";"D52113";"d5-21-13";164012;192180
"9156";"D52114";"d5-21-14";164012;192180
"9157";"D52121";"d5-21-21";164012;192180
"9158";"D52122";"d5-21-22";164012;192180
"9159";"D52123";"d5-21-23";164012;192180
"9160";"D52124";"d5-21-24";164012;192180
"9161";"D52131";"d5-21-31";164012;192180
"9162";"D52132";"d5-21-32";164012;192180
"9163";"D52133";"d5-21-33";164012;192180
"9164";"D52134";"d5-21-34";164012;192180
"9165";"D52141";"d5-21-41";164012;192180
"9166";"D52142";"d5-21-42";164012;192180
"9167";"D52143";"d5-21-43";164012;192180
"9168";"D52144";"d5-21-44";164012;192180
"9169";"D52211";"d5-22-11";168012;192180
"9170";"D52212";"d5-22-12";168012;192180
"9171";"D52213";"d5-22-13";168012;192180
"9172";"D52214";"d5-22-14";168012;192180
"9173";"D52221";"d5-22-21";168012;192180
"9174";"D52222";"d5-22-22";168012;192180
"9175";"D52223";"d5-22-23";168012;192180
"9176";"D52224";"d5-22-24";168012;192180
"9177";"D52231";"d5-22-31";168012;192180
"9178";"D52232";"d5-22-32";168012;192180
"9179";"D52233";"d5-22-33";168012;192180
"9180";"D52234";"d5-22-34";168012;192180
"9181";"D52241";"d5-22-41";168012;192180
"9182";"D52242";"d5-22-42";168012;192180
"9183";"D52243";"d5-22-43";168012;192180
"9184";"D52244";"d5-22-44";168012;192180
"9185";"D52311";"d5-23-11";172012;192180
"9186";"D52312";"d5-23-12";172012;192180
"9187";"D52313";"d5-23-13";172012;192180
"9188";"D52314";"d5-23-14";172012;192180
"9189";"D52321";"d5-23-21";172012;192180
"9190";"D52322";"d5-23-22";172012;192180
"9191";"D52323";"d5-23-23";172012;192180
"9192";"D52324";"d5-23-24";172012;192180
"9193";"D52331";"d5-23-31";172012;192180
"9194";"D52332";"d5-23-32";172012;192180
"9195";"D52333";"d5-23-33";172012;192180
"9196";"D52334";"d5-23-34";172012;192180
"9197";"D52341";"d5-23-41";172012;192180
"9198";"D52342";"d5-23-42";172012;192180
"9199";"D52343";"d5-23-43";172012;192180
"9200";"D52344";"d5-23-44";172012;192180
"9201";"D52411";"d5-24-11";176012;192180
"9202";"D52412";"d5-24-12";176012;192180
"9203";"D52413";"d5-24-13";176012;192180
"9204";"D52414";"d5-24-14";176012;192180
"9205";"D52421";"d5-24-21";176012;192180
"9206";"D52422";"d5-24-22";176012;192180
"9207";"D52423";"d5-24-23";176012;192180
"9208";"D52424";"d5-24-24";176012;192180
"9209";"D52431";"d5-24-31";176012;192180
"9210";"D52432";"d5-24-32";176012;192180
"9211";"D52433";"d5-24-33";176012;192180
"9212";"D52434";"d5-24-34";176012;192180
"9213";"D52441";"d5-24-41";176012;192180
"9214";"D52442";"d5-24-42";176012;192180
"9215";"D52443";"d5-24-43";176012;192180
"9216";"D52444";"d5-24-44";176012;192180
"9217";"D52511";"d5-25-11";180012;192180
"9218";"D52512";"d5-25-12";180012;192180
"9219";"D52513";"d5-25-13";180012;192180
"9220";"D52514";"d5-25-14";180012;192180
"9221";"D52521";"d5-25-21";180012;192180
"9222";"D52522";"d5-25-22";180012;192180
"9223";"D52523";"d5-25-23";180012;192180
"9224";"D52524";"d5-25-24";180012;192180
"9225";"D52531";"d5-25-31";180012;192180
"9226";"D52532";"d5-25-32";180012;192180
"9227";"D52533";"d5-25-33";180012;192180
"9228";"D52534";"d5-25-34";180012;192180
"9229";"D52541";"d5-25-41";180012;192180
"9230";"D52542";"d5-25-42";180012;192180
"9231";"D52543";"d5-25-43";180012;192180
"9232";"D52544";"d5-25-44";180012;192180
"9233";"D52611";"d5-26-11";184012;192180
"9234";"D52612";"d5-26-12";184012;192180
"9235";"D52613";"d5-26-13";184012;192180
"9236";"D52614";"d5-26-14";184012;192180
"9237";"D52621";"d5-26-21";184012;192180
"9238";"D52622";"d5-26-22";184012;192180
"9239";"D52623";"d5-26-23";184012;192180
"9240";"D52624";"d5-26-24";184012;192180
"9241";"D52631";"d5-26-31";184012;192180
"9242";"D52632";"d5-26-32";184012;192180
"9243";"D52633";"d5-26-33";184012;192180
"9244";"D52634";"d5-26-34";184012;192180
"9245";"D52641";"d5-26-41";184012;192180
"9246";"D52642";"d5-26-42";184012;192180
"9247";"D52643";"d5-26-43";184012;192180
"9248";"D52644";"d5-26-44";184012;192180
"9249";"D52711";"d5-27-11";188012;192180
"9250";"D52712";"d5-27-12";188012;192180
"9251";"D52713";"d5-27-13";188012;192180
"9252";"D52714";"d5-27-14";188012;192180
"9253";"D52721";"d5-27-21";188012;192180
"9254";"D52722";"d5-27-22";188012;192180
"9255";"D52723";"d5-27-23";188012;192180
"9256";"D52724";"d5-27-24";188012;192180
"9257";"D52731";"d5-27-31";188012;192180
"9258";"D52732";"d5-27-32";188012;192180
"9259";"D52733";"d5-27-33";188012;192180
"9260";"D52734";"d5-27-34";188012;192180
"9261";"D52741";"d5-27-41";188012;192180
"9262";"D52742";"d5-27-42";188012;192180
"9263";"D52743";"d5-27-43";188012;192180
"9264";"D52744";"d5-27-44";188012;192180
"9265";"D52811";"d5-28-11";192012;192180
"9266";"D52812";"d5-28-12";192012;192180
"9267";"D52813";"d5-28-13";192012;192180
"9268";"D52814";"d5-28-14";192012;192180
"9269";"D52821";"d5-28-21";192012;192180
"9270";"D52822";"d5-28-22";192012;192180
"9271";"D52823";"d5-28-23";192012;192180
"9272";"D52824";"d5-28-24";192012;192180
"9273";"D52831";"d5-28-31";192012;192180
"9274";"D52832";"d5-28-32";192012;192180
"9275";"D52833";"d5-28-33";192012;192180
"9276";"D52834";"d5-28-34";192012;192180
"9277";"D52841";"d5-28-41";192012;192180
"9278";"D52842";"d5-28-42";192012;192180
"9279";"D52843";"d5-28-43";192012;192180
"9280";"D52844";"d5-28-44";192012;192180
"9281";"D53111";"d5-31-11";164012;188180
"9282";"D53112";"d5-31-12";164012;188180
"9283";"D53113";"d5-31-13";164012;188180
"9284";"D53114";"d5-31-14";164012;188180
"9285";"D53121";"d5-31-21";164012;188180
"9286";"D53122";"d5-31-22";164012;188180
"9287";"D53123";"d5-31-23";164012;188180
"9288";"D53124";"d5-31-24";164012;188180
"9289";"D53131";"d5-31-31";164012;188180
"9290";"D53132";"d5-31-32";164012;188180
"9291";"D53133";"d5-31-33";164012;188180
"9292";"D53134";"d5-31-34";164012;188180
"9293";"D53141";"d5-31-41";164012;188180
"9294";"D53142";"d5-31-42";164012;188180
"9295";"D53143";"d5-31-43";164012;188180
"9296";"D53144";"d5-31-44";164012;188180
"9297";"D53211";"d5-32-11";168012;188180
"9298";"D53212";"d5-32-12";168012;188180
"9299";"D53213";"d5-32-13";168012;188180
"9300";"D53214";"d5-32-14";168012;188180
"9301";"D53221";"d5-32-21";168012;188180
"9302";"D53222";"d5-32-22";168012;188180
"9303";"D53223";"d5-32-23";168012;188180
"9304";"D53224";"d5-32-24";168012;188180
"9305";"D53231";"d5-32-31";168012;188180
"9306";"D53232";"d5-32-32";168012;188180
"9307";"D53233";"d5-32-33";168012;188180
"9308";"D53234";"d5-32-34";168012;188180
"9309";"D53241";"d5-32-41";168012;188180
"9310";"D53242";"d5-32-42";168012;188180
"9311";"D53243";"d5-32-43";168012;188180
"9312";"D53244";"d5-32-44";168012;188180
"9313";"D53311";"d5-33-11";172012;188180
"9314";"D53312";"d5-33-12";172012;188180
"9315";"D53313";"d5-33-13";172012;188180
"9316";"D53314";"d5-33-14";172012;188180
"9317";"D53321";"d5-33-21";172012;188180
"9318";"D53322";"d5-33-22";172012;188180
"9319";"D53323";"d5-33-23";172012;188180
"9320";"D53324";"d5-33-24";172012;188180
"9321";"D53331";"d5-33-31";172012;188180
"9322";"D53332";"d5-33-32";172012;188180
"9323";"D53333";"d5-33-33";172012;188180
"9324";"D53334";"d5-33-34";172012;188180
"9325";"D53341";"d5-33-41";172012;188180
"9326";"D53342";"d5-33-42";172012;188180
"9327";"D53343";"d5-33-43";172012;188180
"9328";"D53344";"d5-33-44";172012;188180
"9329";"D53411";"d5-34-11";176012;188180
"9330";"D53412";"d5-34-12";176012;188180
"9331";"D53413";"d5-34-13";176012;188180
"9332";"D53414";"d5-34-14";176012;188180
"9333";"D53421";"d5-34-21";176012;188180
"9334";"D53422";"d5-34-22";176012;188180
"9335";"D53423";"d5-34-23";176012;188180
"9336";"D53424";"d5-34-24";176012;188180
"9337";"D53431";"d5-34-31";176012;188180
"9338";"D53432";"d5-34-32";176012;188180
"9339";"D53433";"d5-34-33";176012;188180
"9340";"D53434";"d5-34-34";176012;188180
"9341";"D53441";"d5-34-41";176012;188180
"9342";"D53442";"d5-34-42";176012;188180
"9343";"D53443";"d5-34-43";176012;188180
"9344";"D53444";"d5-34-44";176012;188180
"9345";"D53511";"d5-35-11";180012;188180
"9346";"D53512";"d5-35-12";180012;188180
"9347";"D53513";"d5-35-13";180012;188180
"9348";"D53514";"d5-35-14";180012;188180
"9349";"D53521";"d5-35-21";180012;188180
"9350";"D53522";"d5-35-22";180012;188180
"9351";"D53523";"d5-35-23";180012;188180
"9352";"D53524";"d5-35-24";180012;188180
"9353";"D53531";"d5-35-31";180012;188180
"9354";"D53532";"d5-35-32";180012;188180
"9355";"D53533";"d5-35-33";180012;188180
"9356";"D53534";"d5-35-34";180012;188180
"9357";"D53541";"d5-35-41";180012;188180
"9358";"D53542";"d5-35-42";180012;188180
"9359";"D53543";"d5-35-43";180012;188180
"9360";"D53544";"d5-35-44";180012;188180
"9361";"D53611";"d5-36-11";184012;188180
"9362";"D53612";"d5-36-12";184012;188180
"9363";"D53613";"d5-36-13";184012;188180
"9364";"D53614";"d5-36-14";184012;188180
"9365";"D53621";"d5-36-21";184012;188180
"9366";"D53622";"d5-36-22";184012;188180
"9367";"D53623";"d5-36-23";184012;188180
"9368";"D53624";"d5-36-24";184012;188180
"9369";"D53631";"d5-36-31";184012;188180
"9370";"D53632";"d5-36-32";184012;188180
"9371";"D53633";"d5-36-33";184012;188180
"9372";"D53634";"d5-36-34";184012;188180
"9373";"D53641";"d5-36-41";184012;188180
"9374";"D53642";"d5-36-42";184012;188180
"9375";"D53643";"d5-36-43";184012;188180
"9376";"D53644";"d5-36-44";184012;188180
"9377";"D53711";"d5-37-11";188012;188180
"9378";"D53712";"d5-37-12";188012;188180
"9379";"D53713";"d5-37-13";188012;188180
"9380";"D53714";"d5-37-14";188012;188180
"9381";"D53721";"d5-37-21";188012;188180
"9382";"D53722";"d5-37-22";188012;188180
"9383";"D53723";"d5-37-23";188012;188180
"9384";"D53724";"d5-37-24";188012;188180
"9385";"D53731";"d5-37-31";188012;188180
"9386";"D53732";"d5-37-32";188012;188180
"9387";"D53733";"d5-37-33";188012;188180
"9388";"D53734";"d5-37-34";188012;188180
"9389";"D53741";"d5-37-41";188012;188180
"9390";"D53742";"d5-37-42";188012;188180
"9391";"D53743";"d5-37-43";188012;188180
"9392";"D53744";"d5-37-44";188012;188180
"9393";"D53811";"d5-38-11";192012;188180
"9394";"D53812";"d5-38-12";192012;188180
"9395";"D53813";"d5-38-13";192012;188180
"9396";"D53814";"d5-38-14";192012;188180
"9397";"D53821";"d5-38-21";192012;188180
"9398";"D53822";"d5-38-22";192012;188180
"9399";"D53823";"d5-38-23";192012;188180
"9400";"D53824";"d5-38-24";192012;188180
"9401";"D53831";"d5-38-31";192012;188180
"9402";"D53832";"d5-38-32";192012;188180
"9403";"D53833";"d5-38-33";192012;188180
"9404";"D53834";"d5-38-34";192012;188180
"9405";"D53841";"d5-38-41";192012;188180
"9406";"D53842";"d5-38-42";192012;188180
"9407";"D53843";"d5-38-43";192012;188180
"9408";"D53844";"d5-38-44";192012;188180
"9409";"D54111";"d5-41-11";164012;184180
"9410";"D54112";"d5-41-12";164012;184180
"9411";"D54113";"d5-41-13";164012;184180
"9412";"D54114";"d5-41-14";164012;184180
"9413";"D54121";"d5-41-21";164012;184180
"9414";"D54122";"d5-41-22";164012;184180
"9415";"D54123";"d5-41-23";164012;184180
"9416";"D54124";"d5-41-24";164012;184180
"9417";"D54131";"d5-41-31";164012;184180
"9418";"D54132";"d5-41-32";164012;184180
"9419";"D54133";"d5-41-33";164012;184180
"9420";"D54134";"d5-41-34";164012;184180
"9421";"D54141";"d5-41-41";164012;184180
"9422";"D54142";"d5-41-42";164012;184180
"9423";"D54143";"d5-41-43";164012;184180
"9424";"D54144";"d5-41-44";164012;184180
"9425";"D54211";"d5-42-11";168012;184180
"9426";"D54212";"d5-42-12";168012;184180
"9427";"D54213";"d5-42-13";168012;184180
"9428";"D54214";"d5-42-14";168012;184180
"9429";"D54221";"d5-42-21";168012;184180
"9430";"D54222";"d5-42-22";168012;184180
"9431";"D54223";"d5-42-23";168012;184180
"9432";"D54224";"d5-42-24";168012;184180
"9433";"D54231";"d5-42-31";168012;184180
"9434";"D54232";"d5-42-32";168012;184180
"9435";"D54233";"d5-42-33";168012;184180
"9436";"D54234";"d5-42-34";168012;184180
"9437";"D54241";"d5-42-41";168012;184180
"9438";"D54242";"d5-42-42";168012;184180
"9439";"D54243";"d5-42-43";168012;184180
"9440";"D54244";"d5-42-44";168012;184180
"9441";"D54311";"d5-43-11";172012;184180
"9442";"D54312";"d5-43-12";172012;184180
"9443";"D54313";"d5-43-13";172012;184180
"9444";"D54314";"d5-43-14";172012;184180
"9445";"D54321";"d5-43-21";172012;184180
"9446";"D54322";"d5-43-22";172012;184180
"9447";"D54323";"d5-43-23";172012;184180
"9448";"D54324";"d5-43-24";172012;184180
"9449";"D54331";"d5-43-31";172012;184180
"9450";"D54332";"d5-43-32";172012;184180
"9451";"D54333";"d5-43-33";172012;184180
"9452";"D54334";"d5-43-34";172012;184180
"9453";"D54341";"d5-43-41";172012;184180
"9454";"D54342";"d5-43-42";172012;184180
"9455";"D54343";"d5-43-43";172012;184180
"9456";"D54344";"d5-43-44";172012;184180
"9457";"D54411";"d5-44-11";176012;184180
"9458";"D54412";"d5-44-12";176012;184180
"9459";"D54413";"d5-44-13";176012;184180
"9460";"D54414";"d5-44-14";176012;184180
"9461";"D54421";"d5-44-21";176012;184180
"9462";"D54422";"d5-44-22";176012;184180
"9463";"D54423";"d5-44-23";176012;184180
"9464";"D54424";"d5-44-24";176012;184180
"9465";"D54431";"d5-44-31";176012;184180
"9466";"D54432";"d5-44-32";176012;184180
"9467";"D54433";"d5-44-33";176012;184180
"9468";"D54434";"d5-44-34";176012;184180
"9469";"D54441";"d5-44-41";176012;184180
"9470";"D54442";"d5-44-42";176012;184180
"9471";"D54443";"d5-44-43";176012;184180
"9472";"D54444";"d5-44-44";176012;184180
"9473";"D54511";"d5-45-11";180012;184180
"9474";"D54512";"d5-45-12";180012;184180
"9475";"D54513";"d5-45-13";180012;184180
"9476";"D54514";"d5-45-14";180012;184180
"9477";"D54521";"d5-45-21";180012;184180
"9478";"D54522";"d5-45-22";180012;184180
"9479";"D54523";"d5-45-23";180012;184180
"9480";"D54524";"d5-45-24";180012;184180
"9481";"D54531";"d5-45-31";180012;184180
"9482";"D54532";"d5-45-32";180012;184180
"9483";"D54533";"d5-45-33";180012;184180
"9484";"D54534";"d5-45-34";180012;184180
"9485";"D54541";"d5-45-41";180012;184180
"9486";"D54542";"d5-45-42";180012;184180
"9487";"D54543";"d5-45-43";180012;184180
"9488";"D54544";"d5-45-44";180012;184180
"9489";"D54611";"d5-46-11";184012;184180
"9490";"D54612";"d5-46-12";184012;184180
"9491";"D54613";"d5-46-13";184012;184180
"9492";"D54614";"d5-46-14";184012;184180
"9493";"D54621";"d5-46-21";184012;184180
"9494";"D54622";"d5-46-22";184012;184180
"9495";"D54623";"d5-46-23";184012;184180
"9496";"D54624";"d5-46-24";184012;184180
"9497";"D54631";"d5-46-31";184012;184180
"9498";"D54632";"d5-46-32";184012;184180
"9499";"D54633";"d5-46-33";184012;184180
"9500";"D54634";"d5-46-34";184012;184180
"9501";"D54641";"d5-46-41";184012;184180
"9502";"D54642";"d5-46-42";184012;184180
"9503";"D54643";"d5-46-43";184012;184180
"9504";"D54644";"d5-46-44";184012;184180
"9505";"D54711";"d5-47-11";188012;184180
"9506";"D54712";"d5-47-12";188012;184180
"9507";"D54713";"d5-47-13";188012;184180
"9508";"D54714";"d5-47-14";188012;184180
"9509";"D54721";"d5-47-21";188012;184180
"9510";"D54722";"d5-47-22";188012;184180
"9511";"D54723";"d5-47-23";188012;184180
"9512";"D54724";"d5-47-24";188012;184180
"9513";"D54731";"d5-47-31";188012;184180
"9514";"D54732";"d5-47-32";188012;184180
"9515";"D54733";"d5-47-33";188012;184180
"9516";"D54734";"d5-47-34";188012;184180
"9517";"D54741";"d5-47-41";188012;184180
"9518";"D54742";"d5-47-42";188012;184180
"9519";"D54743";"d5-47-43";188012;184180
"9520";"D54744";"d5-47-44";188012;184180
"9521";"D54811";"d5-48-11";192012;184180
"9522";"D54812";"d5-48-12";192012;184180
"9523";"D54813";"d5-48-13";192012;184180
"9524";"D54814";"d5-48-14";192012;184180
"9525";"D54821";"d5-48-21";192012;184180
"9526";"D54822";"d5-48-22";192012;184180
"9527";"D54823";"d5-48-23";192012;184180
"9528";"D54824";"d5-48-24";192012;184180
"9529";"D54831";"d5-48-31";192012;184180
"9530";"D54832";"d5-48-32";192012;184180
"9531";"D54833";"d5-48-33";192012;184180
"9532";"D54834";"d5-48-34";192012;184180
"9533";"D54841";"d5-48-41";192012;184180
"9534";"D54842";"d5-48-42";192012;184180
"9535";"D54843";"d5-48-43";192012;184180
"9536";"D54844";"d5-48-44";192012;184180
"9537";"D55111";"d5-51-11";164012;180180
"9538";"D55112";"d5-51-12";164012;180180
"9539";"D55113";"d5-51-13";164012;180180
"9540";"D55114";"d5-51-14";164012;180180
"9541";"D55121";"d5-51-21";164012;180180
"9542";"D55122";"d5-51-22";164012;180180
"9543";"D55123";"d5-51-23";164012;180180
"9544";"D55124";"d5-51-24";164012;180180
"9545";"D55131";"d5-51-31";164012;180180
"9546";"D55132";"d5-51-32";164012;180180
"9547";"D55133";"d5-51-33";164012;180180
"9548";"D55134";"d5-51-34";164012;180180
"9549";"D55141";"d5-51-41";164012;180180
"9550";"D55142";"d5-51-42";164012;180180
"9551";"D55143";"d5-51-43";164012;180180
"9552";"D55144";"d5-51-44";164012;180180
"9553";"D55211";"d5-52-11";168012;180180
"9554";"D55212";"d5-52-12";168012;180180
"9555";"D55213";"d5-52-13";168012;180180
"9556";"D55214";"d5-52-14";168012;180180
"9557";"D55221";"d5-52-21";168012;180180
"9558";"D55222";"d5-52-22";168012;180180
"9559";"D55223";"d5-52-23";168012;180180
"9560";"D55224";"d5-52-24";168012;180180
"9561";"D55231";"d5-52-31";168012;180180
"9562";"D55232";"d5-52-32";168012;180180
"9563";"D55233";"d5-52-33";168012;180180
"9564";"D55234";"d5-52-34";168012;180180
"9565";"D55241";"d5-52-41";168012;180180
"9566";"D55242";"d5-52-42";168012;180180
"9567";"D55243";"d5-52-43";168012;180180
"9568";"D55244";"d5-52-44";168012;180180
"9569";"D55311";"d5-53-11";172012;180180
"9570";"D55312";"d5-53-12";172012;180180
"9571";"D55313";"d5-53-13";172012;180180
"9572";"D55314";"d5-53-14";172012;180180
"9573";"D55321";"d5-53-21";172012;180180
"9574";"D55322";"d5-53-22";172012;180180
"9575";"D55323";"d5-53-23";172012;180180
"9576";"D55324";"d5-53-24";172012;180180
"9577";"D55331";"d5-53-31";172012;180180
"9578";"D55332";"d5-53-32";172012;180180
"9579";"D55333";"d5-53-33";172012;180180
"9580";"D55334";"d5-53-34";172012;180180
"9581";"D55341";"d5-53-41";172012;180180
"9582";"D55342";"d5-53-42";172012;180180
"9583";"D55343";"d5-53-43";172012;180180
"9584";"D55344";"d5-53-44";172012;180180
"9585";"D55411";"d5-54-11";176012;180180
"9586";"D55412";"d5-54-12";176012;180180
"9587";"D55413";"d5-54-13";176012;180180
"9588";"D55414";"d5-54-14";176012;180180
"9589";"D55421";"d5-54-21";176012;180180
"9590";"D55422";"d5-54-22";176012;180180
"9591";"D55423";"d5-54-23";176012;180180
"9592";"D55424";"d5-54-24";176012;180180
"9593";"D55431";"d5-54-31";176012;180180
"9594";"D55432";"d5-54-32";176012;180180
"9595";"D55433";"d5-54-33";176012;180180
"9596";"D55434";"d5-54-34";176012;180180
"9597";"D55441";"d5-54-41";176012;180180
"9598";"D55442";"d5-54-42";176012;180180
"9599";"D55443";"d5-54-43";176012;180180
"9600";"D55444";"d5-54-44";176012;180180
"9601";"D55511";"d5-55-11";180012;180180
"9602";"D55512";"d5-55-12";180012;180180
"9603";"D55513";"d5-55-13";180012;180180
"9604";"D55514";"d5-55-14";180012;180180
"9605";"D55521";"d5-55-21";180012;180180
"9606";"D55522";"d5-55-22";180012;180180
"9607";"D55523";"d5-55-23";180012;180180
"9608";"D55524";"d5-55-24";180012;180180
"9609";"D55531";"d5-55-31";180012;180180
"9610";"D55532";"d5-55-32";180012;180180
"9611";"D55533";"d5-55-33";180012;180180
"9612";"D55534";"d5-55-34";180012;180180
"9613";"D55541";"d5-55-41";180012;180180
"9614";"D55542";"d5-55-42";180012;180180
"9615";"D55543";"d5-55-43";180012;180180
"9616";"D55544";"d5-55-44";180012;180180
"9617";"D55611";"d5-56-11";184012;180180
"9618";"D55612";"d5-56-12";184012;180180
"9619";"D55613";"d5-56-13";184012;180180
"9620";"D55614";"d5-56-14";184012;180180
"9621";"D55621";"d5-56-21";184012;180180
"9622";"D55622";"d5-56-22";184012;180180
"9623";"D55623";"d5-56-23";184012;180180
"9624";"D55624";"d5-56-24";184012;180180
"9625";"D55631";"d5-56-31";184012;180180
"9626";"D55632";"d5-56-32";184012;180180
"9627";"D55633";"d5-56-33";184012;180180
"9628";"D55634";"d5-56-34";184012;180180
"9629";"D55641";"d5-56-41";184012;180180
"9630";"D55642";"d5-56-42";184012;180180
"9631";"D55643";"d5-56-43";184012;180180
"9632";"D55644";"d5-56-44";184012;180180
"9633";"D55711";"d5-57-11";188012;180180
"9634";"D55712";"d5-57-12";188012;180180
"9635";"D55713";"d5-57-13";188012;180180
"9636";"D55714";"d5-57-14";188012;180180
"9637";"D55721";"d5-57-21";188012;180180
"9638";"D55722";"d5-57-22";188012;180180
"9639";"D55723";"d5-57-23";188012;180180
"9640";"D55724";"d5-57-24";188012;180180
"9641";"D55731";"d5-57-31";188012;180180
"9642";"D55732";"d5-57-32";188012;180180
"9643";"D55733";"d5-57-33";188012;180180
"9644";"D55734";"d5-57-34";188012;180180
"9645";"D55741";"d5-57-41";188012;180180
"9646";"D55742";"d5-57-42";188012;180180
"9647";"D55743";"d5-57-43";188012;180180
"9648";"D55744";"d5-57-44";188012;180180
"9649";"D55811";"d5-58-11";192012;180180
"9650";"D55812";"d5-58-12";192012;180180
"9651";"D55813";"d5-58-13";192012;180180
"9652";"D55814";"d5-58-14";192012;180180
"9653";"D55821";"d5-58-21";192012;180180
"9654";"D55822";"d5-58-22";192012;180180
"9655";"D55823";"d5-58-23";192012;180180
"9656";"D55824";"d5-58-24";192012;180180
"9657";"D55831";"d5-58-31";192012;180180
"9658";"D55832";"d5-58-32";192012;180180
"9659";"D55833";"d5-58-33";192012;180180
"9660";"D55834";"d5-58-34";192012;180180
"9661";"D55841";"d5-58-41";192012;180180
"9662";"D55842";"d5-58-42";192012;180180
"9663";"D55843";"d5-58-43";192012;180180
"9664";"D55844";"d5-58-44";192012;180180
"9665";"D61111";"d6-11-11";196012;196180
"9666";"D61112";"d6-11-12";196012;196180
"9667";"D61113";"d6-11-13";196012;196180
"9668";"D61114";"d6-11-14";196012;196180
"9669";"D61121";"d6-11-21";196012;196180
"9670";"D61122";"d6-11-22";196012;196180
"9671";"D61123";"d6-11-23";196012;196180
"9672";"D61124";"d6-11-24";196012;196180
"9673";"D61131";"d6-11-31";196012;196180
"9674";"D61132";"d6-11-32";196012;196180
"9675";"D61133";"d6-11-33";196012;196180
"9676";"D61134";"d6-11-34";196012;196180
"9677";"D61141";"d6-11-41";196012;196180
"9678";"D61142";"d6-11-42";196012;196180
"9679";"D61143";"d6-11-43";196012;196180
"9680";"D61144";"d6-11-44";196012;196180
"9681";"D61211";"d6-12-11";200012;196180
"9682";"D61212";"d6-12-12";200012;196180
"9683";"D61213";"d6-12-13";200012;196180
"9684";"D61214";"d6-12-14";200012;196180
"9685";"D61221";"d6-12-21";200012;196180
"9686";"D61222";"d6-12-22";200012;196180
"9687";"D61223";"d6-12-23";200012;196180
"9688";"D61224";"d6-12-24";200012;196180
"9689";"D61231";"d6-12-31";200012;196180
"9690";"D61232";"d6-12-32";200012;196180
"9691";"D61233";"d6-12-33";200012;196180
"9692";"D61234";"d6-12-34";200012;196180
"9693";"D61241";"d6-12-41";200012;196180
"9694";"D61242";"d6-12-42";200012;196180
"9695";"D61243";"d6-12-43";200012;196180
"9696";"D61244";"d6-12-44";200012;196180
"9697";"D61311";"d6-13-11";204012;196180
"9698";"D61312";"d6-13-12";204012;196180
"9699";"D61313";"d6-13-13";204012;196180
"9700";"D61314";"d6-13-14";204012;196180
"9701";"D61321";"d6-13-21";204012;196180
"9702";"D61322";"d6-13-22";204012;196180
"9703";"D61323";"d6-13-23";204012;196180
"9704";"D61324";"d6-13-24";204012;196180
"9705";"D61331";"d6-13-31";204012;196180
"9706";"D61332";"d6-13-32";204012;196180
"9707";"D61333";"d6-13-33";204012;196180
"9708";"D61334";"d6-13-34";204012;196180
"9709";"D61341";"d6-13-41";204012;196180
"9710";"D61342";"d6-13-42";204012;196180
"9711";"D61343";"d6-13-43";204012;196180
"9712";"D61344";"d6-13-44";204012;196180
"9713";"D61411";"d6-14-11";208012;196180
"9714";"D61412";"d6-14-12";208012;196180
"9715";"D61413";"d6-14-13";208012;196180
"9716";"D61414";"d6-14-14";208012;196180
"9717";"D61421";"d6-14-21";208012;196180
"9718";"D61422";"d6-14-22";208012;196180
"9719";"D61423";"d6-14-23";208012;196180
"9720";"D61424";"d6-14-24";208012;196180
"9721";"D61431";"d6-14-31";208012;196180
"9722";"D61432";"d6-14-32";208012;196180
"9723";"D61433";"d6-14-33";208012;196180
"9724";"D61434";"d6-14-34";208012;196180
"9725";"D61441";"d6-14-41";208012;196180
"9726";"D61442";"d6-14-42";208012;196180
"9727";"D61443";"d6-14-43";208012;196180
"9728";"D61444";"d6-14-44";208012;196180
"9729";"D61511";"d6-15-11";212012;196180
"9730";"D61512";"d6-15-12";212012;196180
"9731";"D61513";"d6-15-13";212012;196180
"9732";"D61514";"d6-15-14";212012;196180
"9733";"D61521";"d6-15-21";212012;196180
"9734";"D61522";"d6-15-22";212012;196180
"9735";"D61523";"d6-15-23";212012;196180
"9736";"D61524";"d6-15-24";212012;196180
"9737";"D61531";"d6-15-31";212012;196180
"9738";"D61532";"d6-15-32";212012;196180
"9739";"D61533";"d6-15-33";212012;196180
"9740";"D61534";"d6-15-34";212012;196180
"9741";"D61541";"d6-15-41";212012;196180
"9742";"D61542";"d6-15-42";212012;196180
"9743";"D61543";"d6-15-43";212012;196180
"9744";"D61544";"d6-15-44";212012;196180
"9745";"D61611";"d6-16-11";216012;196180
"9746";"D61612";"d6-16-12";216012;196180
"9747";"D61613";"d6-16-13";216012;196180
"9748";"D61614";"d6-16-14";216012;196180
"9749";"D61621";"d6-16-21";216012;196180
"9750";"D61622";"d6-16-22";216012;196180
"9751";"D61623";"d6-16-23";216012;196180
"9752";"D61624";"d6-16-24";216012;196180
"9753";"D61631";"d6-16-31";216012;196180
"9754";"D61632";"d6-16-32";216012;196180
"9755";"D61633";"d6-16-33";216012;196180
"9756";"D61634";"d6-16-34";216012;196180
"9757";"D61641";"d6-16-41";216012;196180
"9758";"D61642";"d6-16-42";216012;196180
"9759";"D61643";"d6-16-43";216012;196180
"9760";"D61644";"d6-16-44";216012;196180
"9761";"D61711";"d6-17-11";220012;196180
"9762";"D61712";"d6-17-12";220012;196180
"9763";"D61713";"d6-17-13";220012;196180
"9764";"D61714";"d6-17-14";220012;196180
"9765";"D61721";"d6-17-21";220012;196180
"9766";"D61722";"d6-17-22";220012;196180
"9767";"D61723";"d6-17-23";220012;196180
"9768";"D61724";"d6-17-24";220012;196180
"9769";"D61731";"d6-17-31";220012;196180
"9770";"D61732";"d6-17-32";220012;196180
"9771";"D61733";"d6-17-33";220012;196180
"9772";"D61734";"d6-17-34";220012;196180
"9773";"D61741";"d6-17-41";220012;196180
"9774";"D61742";"d6-17-42";220012;196180
"9775";"D61743";"d6-17-43";220012;196180
"9776";"D61744";"d6-17-44";220012;196180
"9777";"D61811";"d6-18-11";224012;196180
"9778";"D61812";"d6-18-12";224012;196180
"9779";"D61813";"d6-18-13";224012;196180
"9780";"D61814";"d6-18-14";224012;196180
"9781";"D61821";"d6-18-21";224012;196180
"9782";"D61822";"d6-18-22";224012;196180
"9783";"D61823";"d6-18-23";224012;196180
"9784";"D61824";"d6-18-24";224012;196180
"9785";"D61831";"d6-18-31";224012;196180
"9786";"D61832";"d6-18-32";224012;196180
"9787";"D61833";"d6-18-33";224012;196180
"9788";"D61834";"d6-18-34";224012;196180
"9789";"D61841";"d6-18-41";224012;196180
"9790";"D61842";"d6-18-42";224012;196180
"9791";"D61843";"d6-18-43";224012;196180
"9792";"D61844";"d6-18-44";224012;196180
"9793";"D62111";"d6-21-11";196012;192180
"9794";"D62112";"d6-21-12";196012;192180
"9795";"D62113";"d6-21-13";196012;192180
"9796";"D62114";"d6-21-14";196012;192180
"9797";"D62121";"d6-21-21";196012;192180
"9798";"D62122";"d6-21-22";196012;192180
"9799";"D62123";"d6-21-23";196012;192180
"9800";"D62124";"d6-21-24";196012;192180
"9801";"D62131";"d6-21-31";196012;192180
"9802";"D62132";"d6-21-32";196012;192180
"9803";"D62133";"d6-21-33";196012;192180
"9804";"D62134";"d6-21-34";196012;192180
"9805";"D62141";"d6-21-41";196012;192180
"9806";"D62142";"d6-21-42";196012;192180
"9807";"D62143";"d6-21-43";196012;192180
"9808";"D62144";"d6-21-44";196012;192180
"9809";"D62211";"d6-22-11";200012;192180
"9810";"D62212";"d6-22-12";200012;192180
"9811";"D62213";"d6-22-13";200012;192180
"9812";"D62214";"d6-22-14";200012;192180
"9813";"D62221";"d6-22-21";200012;192180
"9814";"D62222";"d6-22-22";200012;192180
"9815";"D62223";"d6-22-23";200012;192180
"9816";"D62224";"d6-22-24";200012;192180
"9817";"D62231";"d6-22-31";200012;192180
"9818";"D62232";"d6-22-32";200012;192180
"9819";"D62233";"d6-22-33";200012;192180
"9820";"D62234";"d6-22-34";200012;192180
"9821";"D62241";"d6-22-41";200012;192180
"9822";"D62242";"d6-22-42";200012;192180
"9823";"D62243";"d6-22-43";200012;192180
"9824";"D62244";"d6-22-44";200012;192180
"9825";"D62311";"d6-23-11";204012;192180
"9826";"D62312";"d6-23-12";204012;192180
"9827";"D62313";"d6-23-13";204012;192180
"9828";"D62314";"d6-23-14";204012;192180
"9829";"D62321";"d6-23-21";204012;192180
"9830";"D62322";"d6-23-22";204012;192180
"9831";"D62323";"d6-23-23";204012;192180
"9832";"D62324";"d6-23-24";204012;192180
"9833";"D62331";"d6-23-31";204012;192180
"9834";"D62332";"d6-23-32";204012;192180
"9835";"D62333";"d6-23-33";204012;192180
"9836";"D62334";"d6-23-34";204012;192180
"9837";"D62341";"d6-23-41";204012;192180
"9838";"D62342";"d6-23-42";204012;192180
"9839";"D62343";"d6-23-43";204012;192180
"9840";"D62344";"d6-23-44";204012;192180
"9841";"D62411";"d6-24-11";208012;192180
"9842";"D62412";"d6-24-12";208012;192180
"9843";"D62413";"d6-24-13";208012;192180
"9844";"D62414";"d6-24-14";208012;192180
"9845";"D62421";"d6-24-21";208012;192180
"9846";"D62422";"d6-24-22";208012;192180
"9847";"D62423";"d6-24-23";208012;192180
"9848";"D62424";"d6-24-24";208012;192180
"9849";"D62431";"d6-24-31";208012;192180
"9850";"D62432";"d6-24-32";208012;192180
"9851";"D62433";"d6-24-33";208012;192180
"9852";"D62434";"d6-24-34";208012;192180
"9853";"D62441";"d6-24-41";208012;192180
"9854";"D62442";"d6-24-42";208012;192180
"9855";"D62443";"d6-24-43";208012;192180
"9856";"D62444";"d6-24-44";208012;192180
"9857";"D62511";"d6-25-11";212012;192180
"9858";"D62512";"d6-25-12";212012;192180
"9859";"D62513";"d6-25-13";212012;192180
"9860";"D62514";"d6-25-14";212012;192180
"9861";"D62521";"d6-25-21";212012;192180
"9862";"D62522";"d6-25-22";212012;192180
"9863";"D62523";"d6-25-23";212012;192180
"9864";"D62524";"d6-25-24";212012;192180
"9865";"D62531";"d6-25-31";212012;192180
"9866";"D62532";"d6-25-32";212012;192180
"9867";"D62533";"d6-25-33";212012;192180
"9868";"D62534";"d6-25-34";212012;192180
"9869";"D62541";"d6-25-41";212012;192180
"9870";"D62542";"d6-25-42";212012;192180
"9871";"D62543";"d6-25-43";212012;192180
"9872";"D62544";"d6-25-44";212012;192180
"9873";"D62611";"d6-26-11";216012;192180
"9874";"D62612";"d6-26-12";216012;192180
"9875";"D62613";"d6-26-13";216012;192180
"9876";"D62614";"d6-26-14";216012;192180
"9877";"D62621";"d6-26-21";216012;192180
"9878";"D62622";"d6-26-22";216012;192180
"9879";"D62623";"d6-26-23";216012;192180
"9880";"D62624";"d6-26-24";216012;192180
"9881";"D62631";"d6-26-31";216012;192180
"9882";"D62632";"d6-26-32";216012;192180
"9883";"D62633";"d6-26-33";216012;192180
"9884";"D62634";"d6-26-34";216012;192180
"9885";"D62641";"d6-26-41";216012;192180
"9886";"D62642";"d6-26-42";216012;192180
"9887";"D62643";"d6-26-43";216012;192180
"9888";"D62644";"d6-26-44";216012;192180
"9889";"D62711";"d6-27-11";220012;192180
"9890";"D62712";"d6-27-12";220012;192180
"9891";"D62713";"d6-27-13";220012;192180
"9892";"D62714";"d6-27-14";220012;192180
"9893";"D62721";"d6-27-21";220012;192180
"9894";"D62722";"d6-27-22";220012;192180
"9895";"D62723";"d6-27-23";220012;192180
"9896";"D62724";"d6-27-24";220012;192180
"9897";"D62731";"d6-27-31";220012;192180
"9898";"D62732";"d6-27-32";220012;192180
"9899";"D62733";"d6-27-33";220012;192180
"9900";"D62734";"d6-27-34";220012;192180
"9901";"D62741";"d6-27-41";220012;192180
"9902";"D62742";"d6-27-42";220012;192180
"9903";"D62743";"d6-27-43";220012;192180
"9904";"D62744";"d6-27-44";220012;192180
"9905";"D62811";"d6-28-11";224012;192180
"9906";"D62812";"d6-28-12";224012;192180
"9907";"D62813";"d6-28-13";224012;192180
"9908";"D62814";"d6-28-14";224012;192180
"9909";"D62821";"d6-28-21";224012;192180
"9910";"D62822";"d6-28-22";224012;192180
"9911";"D62823";"d6-28-23";224012;192180
"9912";"D62824";"d6-28-24";224012;192180
"9913";"D62831";"d6-28-31";224012;192180
"9914";"D62832";"d6-28-32";224012;192180
"9915";"D62833";"d6-28-33";224012;192180
"9916";"D62834";"d6-28-34";224012;192180
"9917";"D62841";"d6-28-41";224012;192180
"9918";"D62842";"d6-28-42";224012;192180
"9919";"D62843";"d6-28-43";224012;192180
"9920";"D62844";"d6-28-44";224012;192180
"9921";"D63111";"d6-31-11";196012;188180
"9922";"D63112";"d6-31-12";196012;188180
"9923";"D63113";"d6-31-13";196012;188180
"9924";"D63114";"d6-31-14";196012;188180
"9925";"D63121";"d6-31-21";196012;188180
"9926";"D63122";"d6-31-22";196012;188180
"9927";"D63123";"d6-31-23";196012;188180
"9928";"D63124";"d6-31-24";196012;188180
"9929";"D63131";"d6-31-31";196012;188180
"9930";"D63132";"d6-31-32";196012;188180
"9931";"D63133";"d6-31-33";196012;188180
"9932";"D63134";"d6-31-34";196012;188180
"9933";"D63141";"d6-31-41";196012;188180
"9934";"D63142";"d6-31-42";196012;188180
"9935";"D63143";"d6-31-43";196012;188180
"9936";"D63144";"d6-31-44";196012;188180
"9937";"D63211";"d6-32-11";200012;188180
"9938";"D63212";"d6-32-12";200012;188180
"9939";"D63213";"d6-32-13";200012;188180
"9940";"D63214";"d6-32-14";200012;188180
"9941";"D63221";"d6-32-21";200012;188180
"9942";"D63222";"d6-32-22";200012;188180
"9943";"D63223";"d6-32-23";200012;188180
"9944";"D63224";"d6-32-24";200012;188180
"9945";"D63231";"d6-32-31";200012;188180
"9946";"D63232";"d6-32-32";200012;188180
"9947";"D63233";"d6-32-33";200012;188180
"9948";"D63234";"d6-32-34";200012;188180
"9949";"D63241";"d6-32-41";200012;188180
"9950";"D63242";"d6-32-42";200012;188180
"9951";"D63243";"d6-32-43";200012;188180
"9952";"D63244";"d6-32-44";200012;188180
"9953";"D63311";"d6-33-11";204012;188180
"9954";"D63312";"d6-33-12";204012;188180
"9955";"D63313";"d6-33-13";204012;188180
"9956";"D63314";"d6-33-14";204012;188180
"9957";"D63321";"d6-33-21";204012;188180
"9958";"D63322";"d6-33-22";204012;188180
"9959";"D63323";"d6-33-23";204012;188180
"9960";"D63324";"d6-33-24";204012;188180
"9961";"D63331";"d6-33-31";204012;188180
"9962";"D63332";"d6-33-32";204012;188180
"9963";"D63333";"d6-33-33";204012;188180
"9964";"D63334";"d6-33-34";204012;188180
"9965";"D63341";"d6-33-41";204012;188180
"9966";"D63342";"d6-33-42";204012;188180
"9967";"D63343";"d6-33-43";204012;188180
"9968";"D63344";"d6-33-44";204012;188180
"9969";"D63411";"d6-34-11";208012;188180
"9970";"D63412";"d6-34-12";208012;188180
"9971";"D63413";"d6-34-13";208012;188180
"9972";"D63414";"d6-34-14";208012;188180
"9973";"D63421";"d6-34-21";208012;188180
"9974";"D63422";"d6-34-22";208012;188180
"9975";"D63423";"d6-34-23";208012;188180
"9976";"D63424";"d6-34-24";208012;188180
"9977";"D63431";"d6-34-31";208012;188180
"9978";"D63432";"d6-34-32";208012;188180
"9979";"D63433";"d6-34-33";208012;188180
"9980";"D63434";"d6-34-34";208012;188180
"9981";"D63441";"d6-34-41";208012;188180
"9982";"D63442";"d6-34-42";208012;188180
"9983";"D63443";"d6-34-43";208012;188180
"9984";"D63444";"d6-34-44";208012;188180
"9985";"D63511";"d6-35-11";212012;188180
"9986";"D63512";"d6-35-12";212012;188180
"9987";"D63513";"d6-35-13";212012;188180
"9988";"D63514";"d6-35-14";212012;188180
"9989";"D63521";"d6-35-21";212012;188180
"9990";"D63522";"d6-35-22";212012;188180
"9991";"D63523";"d6-35-23";212012;188180
"9992";"D63524";"d6-35-24";212012;188180
"9993";"D63531";"d6-35-31";212012;188180
"9994";"D63532";"d6-35-32";212012;188180
"9995";"D63533";"d6-35-33";212012;188180
"9996";"D63534";"d6-35-34";212012;188180
"9997";"D63541";"d6-35-41";212012;188180
"9998";"D63542";"d6-35-42";212012;188180
"9999";"D63543";"d6-35-43";212012;188180
"10000";"D63544";"d6-35-44";212012;188180
"10001";"D63611";"d6-36-11";216012;188180
"10002";"D63612";"d6-36-12";216012;188180
"10003";"D63613";"d6-36-13";216012;188180
"10004";"D63614";"d6-36-14";216012;188180
"10005";"D63621";"d6-36-21";216012;188180
"10006";"D63622";"d6-36-22";216012;188180
"10007";"D63623";"d6-36-23";216012;188180
"10008";"D63624";"d6-36-24";216012;188180
"10009";"D63631";"d6-36-31";216012;188180
"10010";"D63632";"d6-36-32";216012;188180
"10011";"D63633";"d6-36-33";216012;188180
"10012";"D63634";"d6-36-34";216012;188180
"10013";"D63641";"d6-36-41";216012;188180
"10014";"D63642";"d6-36-42";216012;188180
"10015";"D63643";"d6-36-43";216012;188180
"10016";"D63644";"d6-36-44";216012;188180
"10017";"D63711";"d6-37-11";220012;188180
"10018";"D63712";"d6-37-12";220012;188180
"10019";"D63713";"d6-37-13";220012;188180
"10020";"D63714";"d6-37-14";220012;188180
"10021";"D63721";"d6-37-21";220012;188180
"10022";"D63722";"d6-37-22";220012;188180
"10023";"D63723";"d6-37-23";220012;188180
"10024";"D63724";"d6-37-24";220012;188180
"10025";"D63731";"d6-37-31";220012;188180
"10026";"D63732";"d6-37-32";220012;188180
"10027";"D63733";"d6-37-33";220012;188180
"10028";"D63734";"d6-37-34";220012;188180
"10029";"D63741";"d6-37-41";220012;188180
"10030";"D63742";"d6-37-42";220012;188180
"10031";"D63743";"d6-37-43";220012;188180
"10032";"D63744";"d6-37-44";220012;188180
"10033";"D63811";"d6-38-11";224012;188180
"10034";"D63812";"d6-38-12";224012;188180
"10035";"D63813";"d6-38-13";224012;188180
"10036";"D63814";"d6-38-14";224012;188180
"10037";"D63821";"d6-38-21";224012;188180
"10038";"D63822";"d6-38-22";224012;188180
"10039";"D63823";"d6-38-23";224012;188180
"10040";"D63824";"d6-38-24";224012;188180
"10041";"D63831";"d6-38-31";224012;188180
"10042";"D63832";"d6-38-32";224012;188180
"10043";"D63833";"d6-38-33";224012;188180
"10044";"D63834";"d6-38-34";224012;188180
"10045";"D63841";"d6-38-41";224012;188180
"10046";"D63842";"d6-38-42";224012;188180
"10047";"D63843";"d6-38-43";224012;188180
"10048";"D63844";"d6-38-44";224012;188180
"10049";"D64111";"d6-41-11";196012;184180
"10050";"D64112";"d6-41-12";196012;184180
"10051";"D64113";"d6-41-13";196012;184180
"10052";"D64114";"d6-41-14";196012;184180
"10053";"D64121";"d6-41-21";196012;184180
"10054";"D64122";"d6-41-22";196012;184180
"10055";"D64123";"d6-41-23";196012;184180
"10056";"D64124";"d6-41-24";196012;184180
"10057";"D64131";"d6-41-31";196012;184180
"10058";"D64132";"d6-41-32";196012;184180
"10059";"D64133";"d6-41-33";196012;184180
"10060";"D64134";"d6-41-34";196012;184180
"10061";"D64141";"d6-41-41";196012;184180
"10062";"D64142";"d6-41-42";196012;184180
"10063";"D64143";"d6-41-43";196012;184180
"10064";"D64144";"d6-41-44";196012;184180
"10065";"D64211";"d6-42-11";200012;184180
"10066";"D64212";"d6-42-12";200012;184180
"10067";"D64213";"d6-42-13";200012;184180
"10068";"D64214";"d6-42-14";200012;184180
"10069";"D64221";"d6-42-21";200012;184180
"10070";"D64222";"d6-42-22";200012;184180
"10071";"D64223";"d6-42-23";200012;184180
"10072";"D64224";"d6-42-24";200012;184180
"10073";"D64231";"d6-42-31";200012;184180
"10074";"D64232";"d6-42-32";200012;184180
"10075";"D64233";"d6-42-33";200012;184180
"10076";"D64234";"d6-42-34";200012;184180
"10077";"D64241";"d6-42-41";200012;184180
"10078";"D64242";"d6-42-42";200012;184180
"10079";"D64243";"d6-42-43";200012;184180
"10080";"D64244";"d6-42-44";200012;184180
"10081";"D64311";"d6-43-11";204012;184180
"10082";"D64312";"d6-43-12";204012;184180
"10083";"D64313";"d6-43-13";204012;184180
"10084";"D64314";"d6-43-14";204012;184180
"10085";"D64321";"d6-43-21";204012;184180
"10086";"D64322";"d6-43-22";204012;184180
"10087";"D64323";"d6-43-23";204012;184180
"10088";"D64324";"d6-43-24";204012;184180
"10089";"D64331";"d6-43-31";204012;184180
"10090";"D64332";"d6-43-32";204012;184180
"10091";"D64333";"d6-43-33";204012;184180
"10092";"D64334";"d6-43-34";204012;184180
"10093";"D64341";"d6-43-41";204012;184180
"10094";"D64342";"d6-43-42";204012;184180
"10095";"D64343";"d6-43-43";204012;184180
"10096";"D64344";"d6-43-44";204012;184180
"10097";"D64411";"d6-44-11";208012;184180
"10098";"D64412";"d6-44-12";208012;184180
"10099";"D64413";"d6-44-13";208012;184180
"10100";"D64414";"d6-44-14";208012;184180
"10101";"D64421";"d6-44-21";208012;184180
"10102";"D64422";"d6-44-22";208012;184180
"10103";"D64423";"d6-44-23";208012;184180
"10104";"D64424";"d6-44-24";208012;184180
"10105";"D64431";"d6-44-31";208012;184180
"10106";"D64432";"d6-44-32";208012;184180
"10107";"D64433";"d6-44-33";208012;184180
"10108";"D64434";"d6-44-34";208012;184180
"10109";"D64441";"d6-44-41";208012;184180
"10110";"D64442";"d6-44-42";208012;184180
"10111";"D64443";"d6-44-43";208012;184180
"10112";"D64444";"d6-44-44";208012;184180
"10113";"D64511";"d6-45-11";212012;184180
"10114";"D64512";"d6-45-12";212012;184180
"10115";"D64513";"d6-45-13";212012;184180
"10116";"D64514";"d6-45-14";212012;184180
"10117";"D64521";"d6-45-21";212012;184180
"10118";"D64522";"d6-45-22";212012;184180
"10119";"D64523";"d6-45-23";212012;184180
"10120";"D64524";"d6-45-24";212012;184180
"10121";"D64531";"d6-45-31";212012;184180
"10122";"D64532";"d6-45-32";212012;184180
"10123";"D64533";"d6-45-33";212012;184180
"10124";"D64534";"d6-45-34";212012;184180
"10125";"D64541";"d6-45-41";212012;184180
"10126";"D64542";"d6-45-42";212012;184180
"10127";"D64543";"d6-45-43";212012;184180
"10128";"D64544";"d6-45-44";212012;184180
"10129";"D64611";"d6-46-11";216012;184180
"10130";"D64612";"d6-46-12";216012;184180
"10131";"D64613";"d6-46-13";216012;184180
"10132";"D64614";"d6-46-14";216012;184180
"10133";"D64621";"d6-46-21";216012;184180
"10134";"D64622";"d6-46-22";216012;184180
"10135";"D64623";"d6-46-23";216012;184180
"10136";"D64624";"d6-46-24";216012;184180
"10137";"D64631";"d6-46-31";216012;184180
"10138";"D64632";"d6-46-32";216012;184180
"10139";"D64633";"d6-46-33";216012;184180
"10140";"D64634";"d6-46-34";216012;184180
"10141";"D64641";"d6-46-41";216012;184180
"10142";"D64642";"d6-46-42";216012;184180
"10143";"D64643";"d6-46-43";216012;184180
"10144";"D64644";"d6-46-44";216012;184180
"10145";"D64711";"d6-47-11";220012;184180
"10146";"D64712";"d6-47-12";220012;184180
"10147";"D64713";"d6-47-13";220012;184180
"10148";"D64714";"d6-47-14";220012;184180
"10149";"D64721";"d6-47-21";220012;184180
"10150";"D64722";"d6-47-22";220012;184180
"10151";"D64723";"d6-47-23";220012;184180
"10152";"D64724";"d6-47-24";220012;184180
"10153";"D64731";"d6-47-31";220012;184180
"10154";"D64732";"d6-47-32";220012;184180
"10155";"D64733";"d6-47-33";220012;184180
"10156";"D64734";"d6-47-34";220012;184180
"10157";"D64741";"d6-47-41";220012;184180
"10158";"D64742";"d6-47-42";220012;184180
"10159";"D64743";"d6-47-43";220012;184180
"10160";"D64744";"d6-47-44";220012;184180
"10161";"D64811";"d6-48-11";224012;184180
"10162";"D64812";"d6-48-12";224012;184180
"10163";"D64813";"d6-48-13";224012;184180
"10164";"D64814";"d6-48-14";224012;184180
"10165";"D64821";"d6-48-21";224012;184180
"10166";"D64822";"d6-48-22";224012;184180
"10167";"D64823";"d6-48-23";224012;184180
"10168";"D64824";"d6-48-24";224012;184180
"10169";"D64831";"d6-48-31";224012;184180
"10170";"D64832";"d6-48-32";224012;184180
"10171";"D64833";"d6-48-33";224012;184180
"10172";"D64834";"d6-48-34";224012;184180
"10173";"D64841";"d6-48-41";224012;184180
"10174";"D64842";"d6-48-42";224012;184180
"10175";"D64843";"d6-48-43";224012;184180
"10176";"D64844";"d6-48-44";224012;184180
"10177";"D65111";"d6-51-11";196012;180180
"10178";"D65112";"d6-51-12";196012;180180
"10179";"D65113";"d6-51-13";196012;180180
"10180";"D65114";"d6-51-14";196012;180180
"10181";"D65121";"d6-51-21";196012;180180
"10182";"D65122";"d6-51-22";196012;180180
"10183";"D65123";"d6-51-23";196012;180180
"10184";"D65124";"d6-51-24";196012;180180
"10185";"D65131";"d6-51-31";196012;180180
"10186";"D65132";"d6-51-32";196012;180180
"10187";"D65133";"d6-51-33";196012;180180
"10188";"D65134";"d6-51-34";196012;180180
"10189";"D65141";"d6-51-41";196012;180180
"10190";"D65142";"d6-51-42";196012;180180
"10191";"D65143";"d6-51-43";196012;180180
"10192";"D65144";"d6-51-44";196012;180180
"10193";"D65211";"d6-52-11";200012;180180
"10194";"D65212";"d6-52-12";200012;180180
"10195";"D65213";"d6-52-13";200012;180180
"10196";"D65214";"d6-52-14";200012;180180
"10197";"D65221";"d6-52-21";200012;180180
"10198";"D65222";"d6-52-22";200012;180180
"10199";"D65223";"d6-52-23";200012;180180
"10200";"D65224";"d6-52-24";200012;180180
"10201";"D65231";"d6-52-31";200012;180180
"10202";"D65232";"d6-52-32";200012;180180
"10203";"D65233";"d6-52-33";200012;180180
"10204";"D65234";"d6-52-34";200012;180180
"10205";"D65241";"d6-52-41";200012;180180
"10206";"D65242";"d6-52-42";200012;180180
"10207";"D65243";"d6-52-43";200012;180180
"10208";"D65244";"d6-52-44";200012;180180
"10209";"D65311";"d6-53-11";204012;180180
"10210";"D65312";"d6-53-12";204012;180180
"10211";"D65313";"d6-53-13";204012;180180
"10212";"D65314";"d6-53-14";204012;180180
"10213";"D65321";"d6-53-21";204012;180180
"10214";"D65322";"d6-53-22";204012;180180
"10215";"D65323";"d6-53-23";204012;180180
"10216";"D65324";"d6-53-24";204012;180180
"10217";"D65331";"d6-53-31";204012;180180
"10218";"D65332";"d6-53-32";204012;180180
"10219";"D65333";"d6-53-33";204012;180180
"10220";"D65334";"d6-53-34";204012;180180
"10221";"D65341";"d6-53-41";204012;180180
"10222";"D65342";"d6-53-42";204012;180180
"10223";"D65343";"d6-53-43";204012;180180
"10224";"D65344";"d6-53-44";204012;180180
"10225";"D65411";"d6-54-11";208012;180180
"10226";"D65412";"d6-54-12";208012;180180
"10227";"D65413";"d6-54-13";208012;180180
"10228";"D65414";"d6-54-14";208012;180180
"10229";"D65421";"d6-54-21";208012;180180
"10230";"D65422";"d6-54-22";208012;180180
"10231";"D65423";"d6-54-23";208012;180180
"10232";"D65424";"d6-54-24";208012;180180
"10233";"D65431";"d6-54-31";208012;180180
"10234";"D65432";"d6-54-32";208012;180180
"10235";"D65433";"d6-54-33";208012;180180
"10236";"D65434";"d6-54-34";208012;180180
"10237";"D65441";"d6-54-41";208012;180180
"10238";"D65442";"d6-54-42";208012;180180
"10239";"D65443";"d6-54-43";208012;180180
"10240";"D65444";"d6-54-44";208012;180180
"10241";"D65511";"d6-55-11";212012;180180
"10242";"D65512";"d6-55-12";212012;180180
"10243";"D65513";"d6-55-13";212012;180180
"10244";"D65514";"d6-55-14";212012;180180
"10245";"D65521";"d6-55-21";212012;180180
"10246";"D65522";"d6-55-22";212012;180180
"10247";"D65523";"d6-55-23";212012;180180
"10248";"D65524";"d6-55-24";212012;180180
"10249";"D65531";"d6-55-31";212012;180180
"10250";"D65532";"d6-55-32";212012;180180
"10251";"D65533";"d6-55-33";212012;180180
"10252";"D65534";"d6-55-34";212012;180180
"10253";"D65541";"d6-55-41";212012;180180
"10254";"D65542";"d6-55-42";212012;180180
"10255";"D65543";"d6-55-43";212012;180180
"10256";"D65544";"d6-55-44";212012;180180
"10257";"D65611";"d6-56-11";216012;180180
"10258";"D65612";"d6-56-12";216012;180180
"10259";"D65613";"d6-56-13";216012;180180
"10260";"D65614";"d6-56-14";216012;180180
"10261";"D65621";"d6-56-21";216012;180180
"10262";"D65622";"d6-56-22";216012;180180
"10263";"D65623";"d6-56-23";216012;180180
"10264";"D65624";"d6-56-24";216012;180180
"10265";"D65631";"d6-56-31";216012;180180
"10266";"D65632";"d6-56-32";216012;180180
"10267";"D65633";"d6-56-33";216012;180180
"10268";"D65634";"d6-56-34";216012;180180
"10269";"D65641";"d6-56-41";216012;180180
"10270";"D65642";"d6-56-42";216012;180180
"10271";"D65643";"d6-56-43";216012;180180
"10272";"D65644";"d6-56-44";216012;180180
"10273";"D65711";"d6-57-11";220012;180180
"10274";"D65712";"d6-57-12";220012;180180
"10275";"D65713";"d6-57-13";220012;180180
"10276";"D65714";"d6-57-14";220012;180180
"10277";"D65721";"d6-57-21";220012;180180
"10278";"D65722";"d6-57-22";220012;180180
"10279";"D65723";"d6-57-23";220012;180180
"10280";"D65724";"d6-57-24";220012;180180
"10281";"D65731";"d6-57-31";220012;180180
"10282";"D65732";"d6-57-32";220012;180180
"10283";"D65733";"d6-57-33";220012;180180
"10284";"D65734";"d6-57-34";220012;180180
"10285";"D65741";"d6-57-41";220012;180180
"10286";"D65742";"d6-57-42";220012;180180
"10287";"D65743";"d6-57-43";220012;180180
"10288";"D65744";"d6-57-44";220012;180180
"10289";"D65811";"d6-58-11";224012;180180
"10290";"D65812";"d6-58-12";224012;180180
"10291";"D65813";"d6-58-13";224012;180180
"10292";"D65814";"d6-58-14";224012;180180
"10293";"D65821";"d6-58-21";224012;180180
"10294";"D65822";"d6-58-22";224012;180180
"10295";"D65823";"d6-58-23";224012;180180
"10296";"D65824";"d6-58-24";224012;180180
"10297";"D65831";"d6-58-31";224012;180180
"10298";"D65832";"d6-58-32";224012;180180
"10299";"D65833";"d6-58-33";224012;180180
"10300";"D65834";"d6-58-34";224012;180180
"10301";"D65841";"d6-58-41";224012;180180
"10302";"D65842";"d6-58-42";224012;180180
"10303";"D65843";"d6-58-43";224012;180180
"10304";"D65844";"d6-58-44";224012;180180
"10305";"D71111";"d7-11-11";228012;196180
"10306";"D71112";"d7-11-12";228012;196180
"10307";"D71113";"d7-11-13";228012;196180
"10308";"D71114";"d7-11-14";228012;196180
"10309";"D71121";"d7-11-21";228012;196180
"10310";"D71122";"d7-11-22";228012;196180
"10311";"D71123";"d7-11-23";228012;196180
"10312";"D71124";"d7-11-24";228012;196180
"10313";"D71131";"d7-11-31";228012;196180
"10314";"D71132";"d7-11-32";228012;196180
"10315";"D71133";"d7-11-33";228012;196180
"10316";"D71134";"d7-11-34";228012;196180
"10317";"D71141";"d7-11-41";228012;196180
"10318";"D71142";"d7-11-42";228012;196180
"10319";"D71143";"d7-11-43";228012;196180
"10320";"D71144";"d7-11-44";228012;196180
"10321";"D71211";"d7-12-11";232012;196180
"10322";"D71212";"d7-12-12";232012;196180
"10323";"D71213";"d7-12-13";232012;196180
"10324";"D71214";"d7-12-14";232012;196180
"10325";"D71221";"d7-12-21";232012;196180
"10326";"D71222";"d7-12-22";232012;196180
"10327";"D71223";"d7-12-23";232012;196180
"10328";"D71224";"d7-12-24";232012;196180
"10329";"D71231";"d7-12-31";232012;196180
"10330";"D71232";"d7-12-32";232012;196180
"10331";"D71233";"d7-12-33";232012;196180
"10332";"D71234";"d7-12-34";232012;196180
"10333";"D71241";"d7-12-41";232012;196180
"10334";"D71242";"d7-12-42";232012;196180
"10335";"D71243";"d7-12-43";232012;196180
"10336";"D71244";"d7-12-44";232012;196180
"10337";"D71311";"d7-13-11";236012;196180
"10338";"D71312";"d7-13-12";236012;196180
"10339";"D71313";"d7-13-13";236012;196180
"10340";"D71314";"d7-13-14";236012;196180
"10341";"D71321";"d7-13-21";236012;196180
"10342";"D71322";"d7-13-22";236012;196180
"10343";"D71323";"d7-13-23";236012;196180
"10344";"D71324";"d7-13-24";236012;196180
"10345";"D71331";"d7-13-31";236012;196180
"10346";"D71332";"d7-13-32";236012;196180
"10347";"D71333";"d7-13-33";236012;196180
"10348";"D71334";"d7-13-34";236012;196180
"10349";"D71341";"d7-13-41";236012;196180
"10350";"D71342";"d7-13-42";236012;196180
"10351";"D71343";"d7-13-43";236012;196180
"10352";"D71344";"d7-13-44";236012;196180
"10353";"D71411";"d7-14-11";240012;196180
"10354";"D71412";"d7-14-12";240012;196180
"10355";"D71413";"d7-14-13";240012;196180
"10356";"D71414";"d7-14-14";240012;196180
"10357";"D71421";"d7-14-21";240012;196180
"10358";"D71422";"d7-14-22";240012;196180
"10359";"D71423";"d7-14-23";240012;196180
"10360";"D71424";"d7-14-24";240012;196180
"10361";"D71431";"d7-14-31";240012;196180
"10362";"D71432";"d7-14-32";240012;196180
"10363";"D71433";"d7-14-33";240012;196180
"10364";"D71434";"d7-14-34";240012;196180
"10365";"D71441";"d7-14-41";240012;196180
"10366";"D71442";"d7-14-42";240012;196180
"10367";"D71443";"d7-14-43";240012;196180
"10368";"D71444";"d7-14-44";240012;196180
"10369";"D71511";"d7-15-11";244012;196180
"10370";"D71512";"d7-15-12";244012;196180
"10371";"D71513";"d7-15-13";244012;196180
"10372";"D71514";"d7-15-14";244012;196180
"10373";"D71521";"d7-15-21";244012;196180
"10374";"D71522";"d7-15-22";244012;196180
"10375";"D71523";"d7-15-23";244012;196180
"10376";"D71524";"d7-15-24";244012;196180
"10377";"D71531";"d7-15-31";244012;196180
"10378";"D71532";"d7-15-32";244012;196180
"10379";"D71533";"d7-15-33";244012;196180
"10380";"D71534";"d7-15-34";244012;196180
"10381";"D71541";"d7-15-41";244012;196180
"10382";"D71542";"d7-15-42";244012;196180
"10383";"D71543";"d7-15-43";244012;196180
"10384";"D71544";"d7-15-44";244012;196180
"10385";"D71611";"d7-16-11";248012;196180
"10386";"D71612";"d7-16-12";248012;196180
"10387";"D71613";"d7-16-13";248012;196180
"10388";"D71614";"d7-16-14";248012;196180
"10389";"D71621";"d7-16-21";248012;196180
"10390";"D71622";"d7-16-22";248012;196180
"10391";"D71623";"d7-16-23";248012;196180
"10392";"D71624";"d7-16-24";248012;196180
"10393";"D71631";"d7-16-31";248012;196180
"10394";"D71632";"d7-16-32";248012;196180
"10395";"D71633";"d7-16-33";248012;196180
"10396";"D71634";"d7-16-34";248012;196180
"10397";"D71641";"d7-16-41";248012;196180
"10398";"D71642";"d7-16-42";248012;196180
"10399";"D71643";"d7-16-43";248012;196180
"10400";"D71644";"d7-16-44";248012;196180
"10401";"D71711";"d7-17-11";252012;196180
"10402";"D71712";"d7-17-12";252012;196180
"10403";"D71713";"d7-17-13";252012;196180
"10404";"D71714";"d7-17-14";252012;196180
"10405";"D71721";"d7-17-21";252012;196180
"10406";"D71722";"d7-17-22";252012;196180
"10407";"D71723";"d7-17-23";252012;196180
"10408";"D71724";"d7-17-24";252012;196180
"10409";"D71731";"d7-17-31";252012;196180
"10410";"D71732";"d7-17-32";252012;196180
"10411";"D71733";"d7-17-33";252012;196180
"10412";"D71734";"d7-17-34";252012;196180
"10413";"D71741";"d7-17-41";252012;196180
"10414";"D71742";"d7-17-42";252012;196180
"10415";"D71743";"d7-17-43";252012;196180
"10416";"D71744";"d7-17-44";252012;196180
"10417";"D72111";"d7-21-11";228012;192180
"10418";"D72112";"d7-21-12";228012;192180
"10419";"D72113";"d7-21-13";228012;192180
"10420";"D72114";"d7-21-14";228012;192180
"10421";"D72121";"d7-21-21";228012;192180
"10422";"D72122";"d7-21-22";228012;192180
"10423";"D72123";"d7-21-23";228012;192180
"10424";"D72124";"d7-21-24";228012;192180
"10425";"D72131";"d7-21-31";228012;192180
"10426";"D72132";"d7-21-32";228012;192180
"10427";"D72133";"d7-21-33";228012;192180
"10428";"D72134";"d7-21-34";228012;192180
"10429";"D72141";"d7-21-41";228012;192180
"10430";"D72142";"d7-21-42";228012;192180
"10431";"D72143";"d7-21-43";228012;192180
"10432";"D72144";"d7-21-44";228012;192180
"10433";"D72211";"d7-22-11";232012;192180
"10434";"D72212";"d7-22-12";232012;192180
"10435";"D72213";"d7-22-13";232012;192180
"10436";"D72214";"d7-22-14";232012;192180
"10437";"D72221";"d7-22-21";232012;192180
"10438";"D72222";"d7-22-22";232012;192180
"10439";"D72223";"d7-22-23";232012;192180
"10440";"D72224";"d7-22-24";232012;192180
"10441";"D72231";"d7-22-31";232012;192180
"10442";"D72232";"d7-22-32";232012;192180
"10443";"D72233";"d7-22-33";232012;192180
"10444";"D72234";"d7-22-34";232012;192180
"10445";"D72241";"d7-22-41";232012;192180
"10446";"D72242";"d7-22-42";232012;192180
"10447";"D72243";"d7-22-43";232012;192180
"10448";"D72244";"d7-22-44";232012;192180
"10449";"D72311";"d7-23-11";236012;192180
"10450";"D72312";"d7-23-12";236012;192180
"10451";"D72313";"d7-23-13";236012;192180
"10452";"D72314";"d7-23-14";236012;192180
"10453";"D72321";"d7-23-21";236012;192180
"10454";"D72322";"d7-23-22";236012;192180
"10455";"D72323";"d7-23-23";236012;192180
"10456";"D72324";"d7-23-24";236012;192180
"10457";"D72331";"d7-23-31";236012;192180
"10458";"D72332";"d7-23-32";236012;192180
"10459";"D72333";"d7-23-33";236012;192180
"10460";"D72334";"d7-23-34";236012;192180
"10461";"D72341";"d7-23-41";236012;192180
"10462";"D72342";"d7-23-42";236012;192180
"10463";"D72343";"d7-23-43";236012;192180
"10464";"D72344";"d7-23-44";236012;192180
"10465";"D72411";"d7-24-11";240012;192180
"10466";"D72412";"d7-24-12";240012;192180
"10467";"D72413";"d7-24-13";240012;192180
"10468";"D72414";"d7-24-14";240012;192180
"10469";"D72421";"d7-24-21";240012;192180
"10470";"D72422";"d7-24-22";240012;192180
"10471";"D72423";"d7-24-23";240012;192180
"10472";"D72424";"d7-24-24";240012;192180
"10473";"D72431";"d7-24-31";240012;192180
"10474";"D72432";"d7-24-32";240012;192180
"10475";"D72433";"d7-24-33";240012;192180
"10476";"D72434";"d7-24-34";240012;192180
"10477";"D72441";"d7-24-41";240012;192180
"10478";"D72442";"d7-24-42";240012;192180
"10479";"D72443";"d7-24-43";240012;192180
"10480";"D72444";"d7-24-44";240012;192180
"10481";"D72511";"d7-25-11";244012;192180
"10482";"D72512";"d7-25-12";244012;192180
"10483";"D72513";"d7-25-13";244012;192180
"10484";"D72514";"d7-25-14";244012;192180
"10485";"D72521";"d7-25-21";244012;192180
"10486";"D72522";"d7-25-22";244012;192180
"10487";"D72523";"d7-25-23";244012;192180
"10488";"D72524";"d7-25-24";244012;192180
"10489";"D72531";"d7-25-31";244012;192180
"10490";"D72532";"d7-25-32";244012;192180
"10491";"D72533";"d7-25-33";244012;192180
"10492";"D72534";"d7-25-34";244012;192180
"10493";"D72541";"d7-25-41";244012;192180
"10494";"D72542";"d7-25-42";244012;192180
"10495";"D72543";"d7-25-43";244012;192180
"10496";"D72544";"d7-25-44";244012;192180
"10497";"D72611";"d7-26-11";248012;192180
"10498";"D72612";"d7-26-12";248012;192180
"10499";"D72613";"d7-26-13";248012;192180
"10500";"D72614";"d7-26-14";248012;192180
"10501";"D72621";"d7-26-21";248012;192180
"10502";"D72622";"d7-26-22";248012;192180
"10503";"D72623";"d7-26-23";248012;192180
"10504";"D72624";"d7-26-24";248012;192180
"10505";"D72631";"d7-26-31";248012;192180
"10506";"D72632";"d7-26-32";248012;192180
"10507";"D72633";"d7-26-33";248012;192180
"10508";"D72634";"d7-26-34";248012;192180
"10509";"D72641";"d7-26-41";248012;192180
"10510";"D72642";"d7-26-42";248012;192180
"10511";"D72643";"d7-26-43";248012;192180
"10512";"D72644";"d7-26-44";248012;192180
"10513";"D73111";"d7-31-11";228012;188180
"10514";"D73112";"d7-31-12";228012;188180
"10515";"D73113";"d7-31-13";228012;188180
"10516";"D73114";"d7-31-14";228012;188180
"10517";"D73121";"d7-31-21";228012;188180
"10518";"D73122";"d7-31-22";228012;188180
"10519";"D73123";"d7-31-23";228012;188180
"10520";"D73124";"d7-31-24";228012;188180
"10521";"D73131";"d7-31-31";228012;188180
"10522";"D73132";"d7-31-32";228012;188180
"10523";"D73133";"d7-31-33";228012;188180
"10524";"D73134";"d7-31-34";228012;188180
"10525";"D73141";"d7-31-41";228012;188180
"10526";"D73142";"d7-31-42";228012;188180
"10527";"D73143";"d7-31-43";228012;188180
"10528";"D73144";"d7-31-44";228012;188180
"10529";"D73211";"d7-32-11";232012;188180
"10530";"D73212";"d7-32-12";232012;188180
"10531";"D73213";"d7-32-13";232012;188180
"10532";"D73214";"d7-32-14";232012;188180
"10533";"D73221";"d7-32-21";232012;188180
"10534";"D73222";"d7-32-22";232012;188180
"10535";"D73223";"d7-32-23";232012;188180
"10536";"D73224";"d7-32-24";232012;188180
"10537";"D73231";"d7-32-31";232012;188180
"10538";"D73232";"d7-32-32";232012;188180
"10539";"D73233";"d7-32-33";232012;188180
"10540";"D73234";"d7-32-34";232012;188180
"10541";"D73241";"d7-32-41";232012;188180
"10542";"D73242";"d7-32-42";232012;188180
"10543";"D73243";"d7-32-43";232012;188180
"10544";"D73244";"d7-32-44";232012;188180
"10545";"D73311";"d7-33-11";236012;188180
"10546";"D73312";"d7-33-12";236012;188180
"10547";"D73313";"d7-33-13";236012;188180
"10548";"D73314";"d7-33-14";236012;188180
"10549";"D73321";"d7-33-21";236012;188180
"10550";"D73322";"d7-33-22";236012;188180
"10551";"D73323";"d7-33-23";236012;188180
"10552";"D73324";"d7-33-24";236012;188180
"10553";"D73331";"d7-33-31";236012;188180
"10554";"D73332";"d7-33-32";236012;188180
"10555";"D73333";"d7-33-33";236012;188180
"10556";"D73334";"d7-33-34";236012;188180
"10557";"D73341";"d7-33-41";236012;188180
"10558";"D73342";"d7-33-42";236012;188180
"10559";"D73343";"d7-33-43";236012;188180
"10560";"D73344";"d7-33-44";236012;188180
"10561";"D73411";"d7-34-11";240012;188180
"10562";"D73412";"d7-34-12";240012;188180
"10563";"D73413";"d7-34-13";240012;188180
"10564";"D73414";"d7-34-14";240012;188180
"10565";"D73421";"d7-34-21";240012;188180
"10566";"D73422";"d7-34-22";240012;188180
"10567";"D73423";"d7-34-23";240012;188180
"10568";"D73424";"d7-34-24";240012;188180
"10569";"D73431";"d7-34-31";240012;188180
"10570";"D73432";"d7-34-32";240012;188180
"10571";"D73433";"d7-34-33";240012;188180
"10572";"D73434";"d7-34-34";240012;188180
"10573";"D73441";"d7-34-41";240012;188180
"10574";"D73442";"d7-34-42";240012;188180
"10575";"D73443";"d7-34-43";240012;188180
"10576";"D73444";"d7-34-44";240012;188180
"10577";"D73511";"d7-35-11";244012;188180
"10578";"D73512";"d7-35-12";244012;188180
"10579";"D73513";"d7-35-13";244012;188180
"10580";"D73514";"d7-35-14";244012;188180
"10581";"D73521";"d7-35-21";244012;188180
"10582";"D73522";"d7-35-22";244012;188180
"10583";"D73523";"d7-35-23";244012;188180
"10584";"D73524";"d7-35-24";244012;188180
"10585";"D73531";"d7-35-31";244012;188180
"10586";"D73532";"d7-35-32";244012;188180
"10587";"D73533";"d7-35-33";244012;188180
"10588";"D73534";"d7-35-34";244012;188180
"10589";"D73541";"d7-35-41";244012;188180
"10590";"D73542";"d7-35-42";244012;188180
"10591";"D73543";"d7-35-43";244012;188180
"10592";"D73544";"d7-35-44";244012;188180
"10593";"D73611";"d7-36-11";248012;188180
"10594";"D73612";"d7-36-12";248012;188180
"10595";"D73613";"d7-36-13";248012;188180
"10596";"D73614";"d7-36-14";248012;188180
"10597";"D73621";"d7-36-21";248012;188180
"10598";"D73622";"d7-36-22";248012;188180
"10599";"D73623";"d7-36-23";248012;188180
"10600";"D73624";"d7-36-24";248012;188180
"10601";"D73631";"d7-36-31";248012;188180
"10602";"D73632";"d7-36-32";248012;188180
"10603";"D73633";"d7-36-33";248012;188180
"10604";"D73634";"d7-36-34";248012;188180
"10605";"D73641";"d7-36-41";248012;188180
"10606";"D73642";"d7-36-42";248012;188180
"10607";"D73643";"d7-36-43";248012;188180
"10608";"D73644";"d7-36-44";248012;188180
"10609";"D74111";"d7-41-11";228012;184180
"10610";"D74112";"d7-41-12";228012;184180
"10611";"D74113";"d7-41-13";228012;184180
"10612";"D74114";"d7-41-14";228012;184180
"10613";"D74121";"d7-41-21";228012;184180
"10614";"D74122";"d7-41-22";228012;184180
"10615";"D74123";"d7-41-23";228012;184180
"10616";"D74124";"d7-41-24";228012;184180
"10617";"D74131";"d7-41-31";228012;184180
"10618";"D74132";"d7-41-32";228012;184180
"10619";"D74133";"d7-41-33";228012;184180
"10620";"D74134";"d7-41-34";228012;184180
"10621";"D74141";"d7-41-41";228012;184180
"10622";"D74142";"d7-41-42";228012;184180
"10623";"D74143";"d7-41-43";228012;184180
"10624";"D74144";"d7-41-44";228012;184180
"10625";"D74211";"d7-42-11";232012;184180
"10626";"D74212";"d7-42-12";232012;184180
"10627";"D74213";"d7-42-13";232012;184180
"10628";"D74214";"d7-42-14";232012;184180
"10629";"D74221";"d7-42-21";232012;184180
"10630";"D74222";"d7-42-22";232012;184180
"10631";"D74223";"d7-42-23";232012;184180
"10632";"D74224";"d7-42-24";232012;184180
"10633";"D74231";"d7-42-31";232012;184180
"10634";"D74232";"d7-42-32";232012;184180
"10635";"D74233";"d7-42-33";232012;184180
"10636";"D74234";"d7-42-34";232012;184180
"10637";"D74241";"d7-42-41";232012;184180
"10638";"D74242";"d7-42-42";232012;184180
"10639";"D74243";"d7-42-43";232012;184180
"10640";"D74244";"d7-42-44";232012;184180
"10641";"D74311";"d7-43-11";236012;184180
"10642";"D74312";"d7-43-12";236012;184180
"10643";"D74313";"d7-43-13";236012;184180
"10644";"D74314";"d7-43-14";236012;184180
"10645";"D74321";"d7-43-21";236012;184180
"10646";"D74322";"d7-43-22";236012;184180
"10647";"D74323";"d7-43-23";236012;184180
"10648";"D74324";"d7-43-24";236012;184180
"10649";"D74331";"d7-43-31";236012;184180
"10650";"D74332";"d7-43-32";236012;184180
"10651";"D74333";"d7-43-33";236012;184180
"10652";"D74334";"d7-43-34";236012;184180
"10653";"D74341";"d7-43-41";236012;184180
"10654";"D74342";"d7-43-42";236012;184180
"10655";"D74343";"d7-43-43";236012;184180
"10656";"D74344";"d7-43-44";236012;184180
"10657";"D74411";"d7-44-11";240012;184180
"10658";"D74412";"d7-44-12";240012;184180
"10659";"D74413";"d7-44-13";240012;184180
"10660";"D74414";"d7-44-14";240012;184180
"10661";"D74421";"d7-44-21";240012;184180
"10662";"D74422";"d7-44-22";240012;184180
"10663";"D74423";"d7-44-23";240012;184180
"10664";"D74424";"d7-44-24";240012;184180
"10665";"D74431";"d7-44-31";240012;184180
"10666";"D74432";"d7-44-32";240012;184180
"10667";"D74433";"d7-44-33";240012;184180
"10668";"D74434";"d7-44-34";240012;184180
"10669";"D74441";"d7-44-41";240012;184180
"10670";"D74442";"d7-44-42";240012;184180
"10671";"D74443";"d7-44-43";240012;184180
"10672";"D74444";"d7-44-44";240012;184180
"10673";"D74511";"d7-45-11";244012;184180
"10674";"D74512";"d7-45-12";244012;184180
"10675";"D74513";"d7-45-13";244012;184180
"10676";"D74514";"d7-45-14";244012;184180
"10677";"D74521";"d7-45-21";244012;184180
"10678";"D74522";"d7-45-22";244012;184180
"10679";"D74523";"d7-45-23";244012;184180
"10680";"D74524";"d7-45-24";244012;184180
"10681";"D74531";"d7-45-31";244012;184180
"10682";"D74532";"d7-45-32";244012;184180
"10683";"D74533";"d7-45-33";244012;184180
"10684";"D74534";"d7-45-34";244012;184180
"10685";"D74541";"d7-45-41";244012;184180
"10686";"D74542";"d7-45-42";244012;184180
"10687";"D74543";"d7-45-43";244012;184180
"10688";"D74544";"d7-45-44";244012;184180
"10689";"D74611";"d7-46-11";248012;184180
"10690";"D74612";"d7-46-12";248012;184180
"10691";"D74613";"d7-46-13";248012;184180
"10692";"D74614";"d7-46-14";248012;184180
"10693";"D74621";"d7-46-21";248012;184180
"10694";"D74622";"d7-46-22";248012;184180
"10695";"D74623";"d7-46-23";248012;184180
"10696";"D74624";"d7-46-24";248012;184180
"10697";"D74631";"d7-46-31";248012;184180
"10698";"D74632";"d7-46-32";248012;184180
"10699";"D74633";"d7-46-33";248012;184180
"10700";"D74634";"d7-46-34";248012;184180
"10701";"D74641";"d7-46-41";248012;184180
"10702";"D74642";"d7-46-42";248012;184180
"10703";"D74643";"d7-46-43";248012;184180
"10704";"D74644";"d7-46-44";248012;184180
"10705";"D75111";"d7-51-11";228012;180180
"10706";"D75112";"d7-51-12";228012;180180
"10707";"D75113";"d7-51-13";228012;180180
"10708";"D75114";"d7-51-14";228012;180180
"10709";"D75121";"d7-51-21";228012;180180
"10710";"D75122";"d7-51-22";228012;180180
"10711";"D75123";"d7-51-23";228012;180180
"10712";"D75124";"d7-51-24";228012;180180
"10713";"D75131";"d7-51-31";228012;180180
"10714";"D75132";"d7-51-32";228012;180180
"10715";"D75133";"d7-51-33";228012;180180
"10716";"D75134";"d7-51-34";228012;180180
"10717";"D75141";"d7-51-41";228012;180180
"10718";"D75142";"d7-51-42";228012;180180
"10719";"D75143";"d7-51-43";228012;180180
"10720";"D75144";"d7-51-44";228012;180180
"10721";"D75211";"d7-52-11";232012;180180
"10722";"D75212";"d7-52-12";232012;180180
"10723";"D75213";"d7-52-13";232012;180180
"10724";"D75214";"d7-52-14";232012;180180
"10725";"D75221";"d7-52-21";232012;180180
"10726";"D75222";"d7-52-22";232012;180180
"10727";"D75223";"d7-52-23";232012;180180
"10728";"D75224";"d7-52-24";232012;180180
"10729";"D75231";"d7-52-31";232012;180180
"10730";"D75232";"d7-52-32";232012;180180
"10731";"D75233";"d7-52-33";232012;180180
"10732";"D75234";"d7-52-34";232012;180180
"10733";"D75241";"d7-52-41";232012;180180
"10734";"D75242";"d7-52-42";232012;180180
"10735";"D75243";"d7-52-43";232012;180180
"10736";"D75244";"d7-52-44";232012;180180
"10737";"D75311";"d7-53-11";236012;180180
"10738";"D75312";"d7-53-12";236012;180180
"10739";"D75313";"d7-53-13";236012;180180
"10740";"D75314";"d7-53-14";236012;180180
"10741";"D75321";"d7-53-21";236012;180180
"10742";"D75322";"d7-53-22";236012;180180
"10743";"D75323";"d7-53-23";236012;180180
"10744";"D75324";"d7-53-24";236012;180180
"10745";"D75331";"d7-53-31";236012;180180
"10746";"D75332";"d7-53-32";236012;180180
"10747";"D75333";"d7-53-33";236012;180180
"10748";"D75334";"d7-53-34";236012;180180
"10749";"D75341";"d7-53-41";236012;180180
"10750";"D75342";"d7-53-42";236012;180180
"10751";"D75343";"d7-53-43";236012;180180
"10752";"D75344";"d7-53-44";236012;180180
"10753";"D75411";"d7-54-11";240012;180180
"10754";"D75412";"d7-54-12";240012;180180
"10755";"D75413";"d7-54-13";240012;180180
"10756";"D75414";"d7-54-14";240012;180180
"10757";"D75421";"d7-54-21";240012;180180
"10758";"D75422";"d7-54-22";240012;180180
"10759";"D75423";"d7-54-23";240012;180180
"10760";"D75424";"d7-54-24";240012;180180
"10761";"D75431";"d7-54-31";240012;180180
"10762";"D75432";"d7-54-32";240012;180180
"10763";"D75433";"d7-54-33";240012;180180
"10764";"D75434";"d7-54-34";240012;180180
"10765";"D75441";"d7-54-41";240012;180180
"10766";"D75442";"d7-54-42";240012;180180
"10767";"D75443";"d7-54-43";240012;180180
"10768";"D75444";"d7-54-44";240012;180180
"10769";"D75511";"d7-55-11";244012;180180
"10770";"D75512";"d7-55-12";244012;180180
"10771";"D75513";"d7-55-13";244012;180180
"10772";"D75514";"d7-55-14";244012;180180
"10773";"D75521";"d7-55-21";244012;180180
"10774";"D75522";"d7-55-22";244012;180180
"10775";"D75523";"d7-55-23";244012;180180
"10776";"D75524";"d7-55-24";244012;180180
"10777";"D75531";"d7-55-31";244012;180180
"10778";"D75532";"d7-55-32";244012;180180
"10779";"D75533";"d7-55-33";244012;180180
"10780";"D75534";"d7-55-34";244012;180180
"10781";"D75541";"d7-55-41";244012;180180
"10782";"D75542";"d7-55-42";244012;180180
"10783";"D75543";"d7-55-43";244012;180180
"10784";"D75544";"d7-55-44";244012;180180
"10785";"D75611";"d7-56-11";248012;180180
"10786";"D75612";"d7-56-12";248012;180180
"10787";"D75613";"d7-56-13";248012;180180
"10788";"D75614";"d7-56-14";248012;180180
"10789";"D75621";"d7-56-21";248012;180180
"10790";"D75622";"d7-56-22";248012;180180
"10791";"D75623";"d7-56-23";248012;180180
"10792";"D75624";"d7-56-24";248012;180180
"10793";"D75631";"d7-56-31";248012;180180
"10794";"D75632";"d7-56-32";248012;180180
"10795";"D75633";"d7-56-33";248012;180180
"10796";"D75634";"d7-56-34";248012;180180
"10797";"D75641";"d7-56-41";248012;180180
"10798";"D75642";"d7-56-42";248012;180180
"10799";"D75643";"d7-56-43";248012;180180
"10800";"D75644";"d7-56-44";248012;180180
"10801";"E01611";"e0-16-11";24012;176180
"10802";"E01612";"e0-16-12";24012;176180
"10803";"E01613";"e0-16-13";24012;176180
"10804";"E01614";"e0-16-14";24012;176180
"10805";"E01621";"e0-16-21";24012;176180
"10806";"E01622";"e0-16-22";24012;176180
"10807";"E01623";"e0-16-23";24012;176180
"10808";"E01624";"e0-16-24";24012;176180
"10809";"E01631";"e0-16-31";24012;176180
"10810";"E01632";"e0-16-32";24012;176180
"10811";"E01633";"e0-16-33";24012;176180
"10812";"E01634";"e0-16-34";24012;176180
"10813";"E01641";"e0-16-41";24012;176180
"10814";"E01642";"e0-16-42";24012;176180
"10815";"E01643";"e0-16-43";24012;176180
"10816";"E01644";"e0-16-44";24012;176180
"10817";"E01711";"e0-17-11";28012;176180
"10818";"E01712";"e0-17-12";28012;176180
"10819";"E01713";"e0-17-13";28012;176180
"10820";"E01714";"e0-17-14";28012;176180
"10821";"E01721";"e0-17-21";28012;176180
"10822";"E01722";"e0-17-22";28012;176180
"10823";"E01723";"e0-17-23";28012;176180
"10824";"E01724";"e0-17-24";28012;176180
"10825";"E01731";"e0-17-31";28012;176180
"10826";"E01732";"e0-17-32";28012;176180
"10827";"E01733";"e0-17-33";28012;176180
"10828";"E01734";"e0-17-34";28012;176180
"10829";"E01741";"e0-17-41";28012;176180
"10830";"E01742";"e0-17-42";28012;176180
"10831";"E01743";"e0-17-43";28012;176180
"10832";"E01744";"e0-17-44";28012;176180
"10833";"E01811";"e0-18-11";32012;176180
"10834";"E01812";"e0-18-12";32012;176180
"10835";"E01813";"e0-18-13";32012;176180
"10836";"E01814";"e0-18-14";32012;176180
"10837";"E01821";"e0-18-21";32012;176180
"10838";"E01822";"e0-18-22";32012;176180
"10839";"E01823";"e0-18-23";32012;176180
"10840";"E01824";"e0-18-24";32012;176180
"10841";"E01831";"e0-18-31";32012;176180
"10842";"E01832";"e0-18-32";32012;176180
"10843";"E01833";"e0-18-33";32012;176180
"10844";"E01834";"e0-18-34";32012;176180
"10845";"E01841";"e0-18-41";32012;176180
"10846";"E01842";"e0-18-42";32012;176180
"10847";"E01843";"e0-18-43";32012;176180
"10848";"E01844";"e0-18-44";32012;176180
"10849";"E02611";"e0-26-11";24012;172180
"10850";"E02612";"e0-26-12";24012;172180
"10851";"E02613";"e0-26-13";24012;172180
"10852";"E02614";"e0-26-14";24012;172180
"10853";"E02621";"e0-26-21";24012;172180
"10854";"E02622";"e0-26-22";24012;172180
"10855";"E02623";"e0-26-23";24012;172180
"10856";"E02624";"e0-26-24";24012;172180
"10857";"E02631";"e0-26-31";24012;172180
"10858";"E02632";"e0-26-32";24012;172180
"10859";"E02633";"e0-26-33";24012;172180
"10860";"E02634";"e0-26-34";24012;172180
"10861";"E02641";"e0-26-41";24012;172180
"10862";"E02642";"e0-26-42";24012;172180
"10863";"E02643";"e0-26-43";24012;172180
"10864";"E02644";"e0-26-44";24012;172180
"10865";"E02711";"e0-27-11";28012;172180
"10866";"E02712";"e0-27-12";28012;172180
"10867";"E02713";"e0-27-13";28012;172180
"10868";"E02714";"e0-27-14";28012;172180
"10869";"E02721";"e0-27-21";28012;172180
"10870";"E02722";"e0-27-22";28012;172180
"10871";"E02723";"e0-27-23";28012;172180
"10872";"E02724";"e0-27-24";28012;172180
"10873";"E02731";"e0-27-31";28012;172180
"10874";"E02732";"e0-27-32";28012;172180
"10875";"E02733";"e0-27-33";28012;172180
"10876";"E02734";"e0-27-34";28012;172180
"10877";"E02741";"e0-27-41";28012;172180
"10878";"E02742";"e0-27-42";28012;172180
"10879";"E02743";"e0-27-43";28012;172180
"10880";"E02744";"e0-27-44";28012;172180
"10881";"E02811";"e0-28-11";32012;172180
"10882";"E02812";"e0-28-12";32012;172180
"10883";"E02813";"e0-28-13";32012;172180
"10884";"E02814";"e0-28-14";32012;172180
"10885";"E02821";"e0-28-21";32012;172180
"10886";"E02822";"e0-28-22";32012;172180
"10887";"E02823";"e0-28-23";32012;172180
"10888";"E02824";"e0-28-24";32012;172180
"10889";"E02831";"e0-28-31";32012;172180
"10890";"E02832";"e0-28-32";32012;172180
"10891";"E02833";"e0-28-33";32012;172180
"10892";"E02834";"e0-28-34";32012;172180
"10893";"E02841";"e0-28-41";32012;172180
"10894";"E02842";"e0-28-42";32012;172180
"10895";"E02843";"e0-28-43";32012;172180
"10896";"E02844";"e0-28-44";32012;172180
"10897";"E03711";"e0-37-11";28012;168180
"10898";"E03712";"e0-37-12";28012;168180
"10899";"E03713";"e0-37-13";28012;168180
"10900";"E03714";"e0-37-14";28012;168180
"10901";"E03721";"e0-37-21";28012;168180
"10902";"E03722";"e0-37-22";28012;168180
"10903";"E03723";"e0-37-23";28012;168180
"10904";"E03724";"e0-37-24";28012;168180
"10905";"E03731";"e0-37-31";28012;168180
"10906";"E03732";"e0-37-32";28012;168180
"10907";"E03733";"e0-37-33";28012;168180
"10908";"E03734";"e0-37-34";28012;168180
"10909";"E03741";"e0-37-41";28012;168180
"10910";"E03742";"e0-37-42";28012;168180
"10911";"E03743";"e0-37-43";28012;168180
"10912";"E03744";"e0-37-44";28012;168180
"10913";"E03811";"e0-38-11";32012;168180
"10914";"E03812";"e0-38-12";32012;168180
"10915";"E03813";"e0-38-13";32012;168180
"10916";"E03814";"e0-38-14";32012;168180
"10917";"E03821";"e0-38-21";32012;168180
"10918";"E03822";"e0-38-22";32012;168180
"10919";"E03823";"e0-38-23";32012;168180
"10920";"E03824";"e0-38-24";32012;168180
"10921";"E03831";"e0-38-31";32012;168180
"10922";"E03832";"e0-38-32";32012;168180
"10923";"E03833";"e0-38-33";32012;168180
"10924";"E03834";"e0-38-34";32012;168180
"10925";"E03841";"e0-38-41";32012;168180
"10926";"E03842";"e0-38-42";32012;168180
"10927";"E03843";"e0-38-43";32012;168180
"10928";"E03844";"e0-38-44";32012;168180
"10929";"E11111";"e1-11-11";36012;176180
"10930";"E11112";"e1-11-12";36012;176180
"10931";"E11113";"e1-11-13";36012;176180
"10932";"E11114";"e1-11-14";36012;176180
"10933";"E11121";"e1-11-21";36012;176180
"10934";"E11122";"e1-11-22";36012;176180
"10935";"E11123";"e1-11-23";36012;176180
"10936";"E11124";"e1-11-24";36012;176180
"10937";"E11131";"e1-11-31";36012;176180
"10938";"E11132";"e1-11-32";36012;176180
"10939";"E11133";"e1-11-33";36012;176180
"10940";"E11134";"e1-11-34";36012;176180
"10941";"E11141";"e1-11-41";36012;176180
"10942";"E11142";"e1-11-42";36012;176180
"10943";"E11143";"e1-11-43";36012;176180
"10944";"E11144";"e1-11-44";36012;176180
"10945";"E11211";"e1-12-11";40012;176180
"10946";"E11212";"e1-12-12";40012;176180
"10947";"E11213";"e1-12-13";40012;176180
"10948";"E11214";"e1-12-14";40012;176180
"10949";"E11221";"e1-12-21";40012;176180
"10950";"E11222";"e1-12-22";40012;176180
"10951";"E11223";"e1-12-23";40012;176180
"10952";"E11224";"e1-12-24";40012;176180
"10953";"E11231";"e1-12-31";40012;176180
"10954";"E11232";"e1-12-32";40012;176180
"10955";"E11233";"e1-12-33";40012;176180
"10956";"E11234";"e1-12-34";40012;176180
"10957";"E11241";"e1-12-41";40012;176180
"10958";"E11242";"e1-12-42";40012;176180
"10959";"E11243";"e1-12-43";40012;176180
"10960";"E11244";"e1-12-44";40012;176180
"10961";"E11311";"e1-13-11";44012;176180
"10962";"E11312";"e1-13-12";44012;176180
"10963";"E11313";"e1-13-13";44012;176180
"10964";"E11314";"e1-13-14";44012;176180
"10965";"E11321";"e1-13-21";44012;176180
"10966";"E11322";"e1-13-22";44012;176180
"10967";"E11323";"e1-13-23";44012;176180
"10968";"E11324";"e1-13-24";44012;176180
"10969";"E11331";"e1-13-31";44012;176180
"10970";"E11332";"e1-13-32";44012;176180
"10971";"E11333";"e1-13-33";44012;176180
"10972";"E11334";"e1-13-34";44012;176180
"10973";"E11341";"e1-13-41";44012;176180
"10974";"E11342";"e1-13-42";44012;176180
"10975";"E11343";"e1-13-43";44012;176180
"10976";"E11344";"e1-13-44";44012;176180
"10977";"E11411";"e1-14-11";48012;176180
"10978";"E11412";"e1-14-12";48012;176180
"10979";"E11413";"e1-14-13";48012;176180
"10980";"E11414";"e1-14-14";48012;176180
"10981";"E11421";"e1-14-21";48012;176180
"10982";"E11422";"e1-14-22";48012;176180
"10983";"E11423";"e1-14-23";48012;176180
"10984";"E11424";"e1-14-24";48012;176180
"10985";"E11431";"e1-14-31";48012;176180
"10986";"E11432";"e1-14-32";48012;176180
"10987";"E11433";"e1-14-33";48012;176180
"10988";"E11434";"e1-14-34";48012;176180
"10989";"E11441";"e1-14-41";48012;176180
"10990";"E11442";"e1-14-42";48012;176180
"10991";"E11443";"e1-14-43";48012;176180
"10992";"E11444";"e1-14-44";48012;176180
"10993";"E11511";"e1-15-11";52012;176180
"10994";"E11512";"e1-15-12";52012;176180
"10995";"E11513";"e1-15-13";52012;176180
"10996";"E11514";"e1-15-14";52012;176180
"10997";"E11521";"e1-15-21";52012;176180
"10998";"E11522";"e1-15-22";52012;176180
"10999";"E11523";"e1-15-23";52012;176180
"11000";"E11524";"e1-15-24";52012;176180
"11001";"E11531";"e1-15-31";52012;176180
"11002";"E11532";"e1-15-32";52012;176180
"11003";"E11533";"e1-15-33";52012;176180
"11004";"E11534";"e1-15-34";52012;176180
"11005";"E11541";"e1-15-41";52012;176180
"11006";"E11542";"e1-15-42";52012;176180
"11007";"E11543";"e1-15-43";52012;176180
"11008";"E11544";"e1-15-44";52012;176180
"11009";"E11611";"e1-16-11";56012;176180
"11010";"E11612";"e1-16-12";56012;176180
"11011";"E11613";"e1-16-13";56012;176180
"11012";"E11614";"e1-16-14";56012;176180
"11013";"E11621";"e1-16-21";56012;176180
"11014";"E11622";"e1-16-22";56012;176180
"11015";"E11623";"e1-16-23";56012;176180
"11016";"E11624";"e1-16-24";56012;176180
"11017";"E11631";"e1-16-31";56012;176180
"11018";"E11632";"e1-16-32";56012;176180
"11019";"E11633";"e1-16-33";56012;176180
"11020";"E11634";"e1-16-34";56012;176180
"11021";"E11641";"e1-16-41";56012;176180
"11022";"E11642";"e1-16-42";56012;176180
"11023";"E11643";"e1-16-43";56012;176180
"11024";"E11644";"e1-16-44";56012;176180
"11025";"E11711";"e1-17-11";60012;176180
"11026";"E11712";"e1-17-12";60012;176180
"11027";"E11713";"e1-17-13";60012;176180
"11028";"E11714";"e1-17-14";60012;176180
"11029";"E11721";"e1-17-21";60012;176180
"11030";"E11722";"e1-17-22";60012;176180
"11031";"E11723";"e1-17-23";60012;176180
"11032";"E11724";"e1-17-24";60012;176180
"11033";"E11731";"e1-17-31";60012;176180
"11034";"E11732";"e1-17-32";60012;176180
"11035";"E11733";"e1-17-33";60012;176180
"11036";"E11734";"e1-17-34";60012;176180
"11037";"E11741";"e1-17-41";60012;176180
"11038";"E11742";"e1-17-42";60012;176180
"11039";"E11743";"e1-17-43";60012;176180
"11040";"E11744";"e1-17-44";60012;176180
"11041";"E11811";"e1-18-11";64012;176180
"11042";"E11812";"e1-18-12";64012;176180
"11043";"E11813";"e1-18-13";64012;176180
"11044";"E11814";"e1-18-14";64012;176180
"11045";"E11821";"e1-18-21";64012;176180
"11046";"E11822";"e1-18-22";64012;176180
"11047";"E11823";"e1-18-23";64012;176180
"11048";"E11824";"e1-18-24";64012;176180
"11049";"E11831";"e1-18-31";64012;176180
"11050";"E11832";"e1-18-32";64012;176180
"11051";"E11833";"e1-18-33";64012;176180
"11052";"E11834";"e1-18-34";64012;176180
"11053";"E11841";"e1-18-41";64012;176180
"11054";"E11842";"e1-18-42";64012;176180
"11055";"E11843";"e1-18-43";64012;176180
"11056";"E11844";"e1-18-44";64012;176180
"11057";"E12111";"e1-21-11";36012;172180
"11058";"E12112";"e1-21-12";36012;172180
"11059";"E12113";"e1-21-13";36012;172180
"11060";"E12114";"e1-21-14";36012;172180
"11061";"E12121";"e1-21-21";36012;172180
"11062";"E12122";"e1-21-22";36012;172180
"11063";"E12123";"e1-21-23";36012;172180
"11064";"E12124";"e1-21-24";36012;172180
"11065";"E12131";"e1-21-31";36012;172180
"11066";"E12132";"e1-21-32";36012;172180
"11067";"E12133";"e1-21-33";36012;172180
"11068";"E12134";"e1-21-34";36012;172180
"11069";"E12141";"e1-21-41";36012;172180
"11070";"E12142";"e1-21-42";36012;172180
"11071";"E12143";"e1-21-43";36012;172180
"11072";"E12144";"e1-21-44";36012;172180
"11073";"E12211";"e1-22-11";40012;172180
"11074";"E12212";"e1-22-12";40012;172180
"11075";"E12213";"e1-22-13";40012;172180
"11076";"E12214";"e1-22-14";40012;172180
"11077";"E12221";"e1-22-21";40012;172180
"11078";"E12222";"e1-22-22";40012;172180
"11079";"E12223";"e1-22-23";40012;172180
"11080";"E12224";"e1-22-24";40012;172180
"11081";"E12231";"e1-22-31";40012;172180
"11082";"E12232";"e1-22-32";40012;172180
"11083";"E12233";"e1-22-33";40012;172180
"11084";"E12234";"e1-22-34";40012;172180
"11085";"E12241";"e1-22-41";40012;172180
"11086";"E12242";"e1-22-42";40012;172180
"11087";"E12243";"e1-22-43";40012;172180
"11088";"E12244";"e1-22-44";40012;172180
"11089";"E12311";"e1-23-11";44012;172180
"11090";"E12312";"e1-23-12";44012;172180
"11091";"E12313";"e1-23-13";44012;172180
"11092";"E12314";"e1-23-14";44012;172180
"11093";"E12321";"e1-23-21";44012;172180
"11094";"E12322";"e1-23-22";44012;172180
"11095";"E12323";"e1-23-23";44012;172180
"11096";"E12324";"e1-23-24";44012;172180
"11097";"E12331";"e1-23-31";44012;172180
"11098";"E12332";"e1-23-32";44012;172180
"11099";"E12333";"e1-23-33";44012;172180
"11100";"E12334";"e1-23-34";44012;172180
"11101";"E12341";"e1-23-41";44012;172180
"11102";"E12342";"e1-23-42";44012;172180
"11103";"E12343";"e1-23-43";44012;172180
"11104";"E12344";"e1-23-44";44012;172180
"11105";"E12411";"e1-24-11";48012;172180
"11106";"E12412";"e1-24-12";48012;172180
"11107";"E12413";"e1-24-13";48012;172180
"11108";"E12414";"e1-24-14";48012;172180
"11109";"E12421";"e1-24-21";48012;172180
"11110";"E12422";"e1-24-22";48012;172180
"11111";"E12423";"e1-24-23";48012;172180
"11112";"E12424";"e1-24-24";48012;172180
"11113";"E12431";"e1-24-31";48012;172180
"11114";"E12432";"e1-24-32";48012;172180
"11115";"E12433";"e1-24-33";48012;172180
"11116";"E12434";"e1-24-34";48012;172180
"11117";"E12441";"e1-24-41";48012;172180
"11118";"E12442";"e1-24-42";48012;172180
"11119";"E12443";"e1-24-43";48012;172180
"11120";"E12444";"e1-24-44";48012;172180
"11121";"E12511";"e1-25-11";52012;172180
"11122";"E12512";"e1-25-12";52012;172180
"11123";"E12513";"e1-25-13";52012;172180
"11124";"E12514";"e1-25-14";52012;172180
"11125";"E12521";"e1-25-21";52012;172180
"11126";"E12522";"e1-25-22";52012;172180
"11127";"E12523";"e1-25-23";52012;172180
"11128";"E12524";"e1-25-24";52012;172180
"11129";"E12531";"e1-25-31";52012;172180
"11130";"E12532";"e1-25-32";52012;172180
"11131";"E12533";"e1-25-33";52012;172180
"11132";"E12534";"e1-25-34";52012;172180
"11133";"E12541";"e1-25-41";52012;172180
"11134";"E12542";"e1-25-42";52012;172180
"11135";"E12543";"e1-25-43";52012;172180
"11136";"E12544";"e1-25-44";52012;172180
"11137";"E12611";"e1-26-11";56012;172180
"11138";"E12612";"e1-26-12";56012;172180
"11139";"E12613";"e1-26-13";56012;172180
"11140";"E12614";"e1-26-14";56012;172180
"11141";"E12621";"e1-26-21";56012;172180
"11142";"E12622";"e1-26-22";56012;172180
"11143";"E12623";"e1-26-23";56012;172180
"11144";"E12624";"e1-26-24";56012;172180
"11145";"E12631";"e1-26-31";56012;172180
"11146";"E12632";"e1-26-32";56012;172180
"11147";"E12633";"e1-26-33";56012;172180
"11148";"E12634";"e1-26-34";56012;172180
"11149";"E12641";"e1-26-41";56012;172180
"11150";"E12642";"e1-26-42";56012;172180
"11151";"E12643";"e1-26-43";56012;172180
"11152";"E12644";"e1-26-44";56012;172180
"11153";"E12711";"e1-27-11";60012;172180
"11154";"E12712";"e1-27-12";60012;172180
"11155";"E12713";"e1-27-13";60012;172180
"11156";"E12714";"e1-27-14";60012;172180
"11157";"E12721";"e1-27-21";60012;172180
"11158";"E12722";"e1-27-22";60012;172180
"11159";"E12723";"e1-27-23";60012;172180
"11160";"E12724";"e1-27-24";60012;172180
"11161";"E12731";"e1-27-31";60012;172180
"11162";"E12732";"e1-27-32";60012;172180
"11163";"E12733";"e1-27-33";60012;172180
"11164";"E12734";"e1-27-34";60012;172180
"11165";"E12741";"e1-27-41";60012;172180
"11166";"E12742";"e1-27-42";60012;172180
"11167";"E12743";"e1-27-43";60012;172180
"11168";"E12744";"e1-27-44";60012;172180
"11169";"E12811";"e1-28-11";64012;172180
"11170";"E12812";"e1-28-12";64012;172180
"11171";"E12813";"e1-28-13";64012;172180
"11172";"E12814";"e1-28-14";64012;172180
"11173";"E12821";"e1-28-21";64012;172180
"11174";"E12822";"e1-28-22";64012;172180
"11175";"E12823";"e1-28-23";64012;172180
"11176";"E12824";"e1-28-24";64012;172180
"11177";"E12831";"e1-28-31";64012;172180
"11178";"E12832";"e1-28-32";64012;172180
"11179";"E12833";"e1-28-33";64012;172180
"11180";"E12834";"e1-28-34";64012;172180
"11181";"E12841";"e1-28-41";64012;172180
"11182";"E12842";"e1-28-42";64012;172180
"11183";"E12843";"e1-28-43";64012;172180
"11184";"E12844";"e1-28-44";64012;172180
"11185";"E13111";"e1-31-11";36012;168180
"11186";"E13112";"e1-31-12";36012;168180
"11187";"E13113";"e1-31-13";36012;168180
"11188";"E13114";"e1-31-14";36012;168180
"11189";"E13121";"e1-31-21";36012;168180
"11190";"E13122";"e1-31-22";36012;168180
"11191";"E13123";"e1-31-23";36012;168180
"11192";"E13124";"e1-31-24";36012;168180
"11193";"E13131";"e1-31-31";36012;168180
"11194";"E13132";"e1-31-32";36012;168180
"11195";"E13133";"e1-31-33";36012;168180
"11196";"E13134";"e1-31-34";36012;168180
"11197";"E13141";"e1-31-41";36012;168180
"11198";"E13142";"e1-31-42";36012;168180
"11199";"E13143";"e1-31-43";36012;168180
"11200";"E13144";"e1-31-44";36012;168180
"11201";"E13211";"e1-32-11";40012;168180
"11202";"E13212";"e1-32-12";40012;168180
"11203";"E13213";"e1-32-13";40012;168180
"11204";"E13214";"e1-32-14";40012;168180
"11205";"E13221";"e1-32-21";40012;168180
"11206";"E13222";"e1-32-22";40012;168180
"11207";"E13223";"e1-32-23";40012;168180
"11208";"E13224";"e1-32-24";40012;168180
"11209";"E13231";"e1-32-31";40012;168180
"11210";"E13232";"e1-32-32";40012;168180
"11211";"E13233";"e1-32-33";40012;168180
"11212";"E13234";"e1-32-34";40012;168180
"11213";"E13241";"e1-32-41";40012;168180
"11214";"E13242";"e1-32-42";40012;168180
"11215";"E13243";"e1-32-43";40012;168180
"11216";"E13244";"e1-32-44";40012;168180
"11217";"E13311";"e1-33-11";44012;168180
"11218";"E13312";"e1-33-12";44012;168180
"11219";"E13313";"e1-33-13";44012;168180
"11220";"E13314";"e1-33-14";44012;168180
"11221";"E13321";"e1-33-21";44012;168180
"11222";"E13322";"e1-33-22";44012;168180
"11223";"E13323";"e1-33-23";44012;168180
"11224";"E13324";"e1-33-24";44012;168180
"11225";"E13331";"e1-33-31";44012;168180
"11226";"E13332";"e1-33-32";44012;168180
"11227";"E13333";"e1-33-33";44012;168180
"11228";"E13334";"e1-33-34";44012;168180
"11229";"E13341";"e1-33-41";44012;168180
"11230";"E13342";"e1-33-42";44012;168180
"11231";"E13343";"e1-33-43";44012;168180
"11232";"E13344";"e1-33-44";44012;168180
"11233";"E13411";"e1-34-11";48012;168180
"11234";"E13412";"e1-34-12";48012;168180
"11235";"E13413";"e1-34-13";48012;168180
"11236";"E13414";"e1-34-14";48012;168180
"11237";"E13421";"e1-34-21";48012;168180
"11238";"E13422";"e1-34-22";48012;168180
"11239";"E13423";"e1-34-23";48012;168180
"11240";"E13424";"e1-34-24";48012;168180
"11241";"E13431";"e1-34-31";48012;168180
"11242";"E13432";"e1-34-32";48012;168180
"11243";"E13433";"e1-34-33";48012;168180
"11244";"E13434";"e1-34-34";48012;168180
"11245";"E13441";"e1-34-41";48012;168180
"11246";"E13442";"e1-34-42";48012;168180
"11247";"E13443";"e1-34-43";48012;168180
"11248";"E13444";"e1-34-44";48012;168180
"11249";"E13511";"e1-35-11";52012;168180
"11250";"E13512";"e1-35-12";52012;168180
"11251";"E13513";"e1-35-13";52012;168180
"11252";"E13514";"e1-35-14";52012;168180
"11253";"E13521";"e1-35-21";52012;168180
"11254";"E13522";"e1-35-22";52012;168180
"11255";"E13523";"e1-35-23";52012;168180
"11256";"E13524";"e1-35-24";52012;168180
"11257";"E13531";"e1-35-31";52012;168180
"11258";"E13532";"e1-35-32";52012;168180
"11259";"E13533";"e1-35-33";52012;168180
"11260";"E13534";"e1-35-34";52012;168180
"11261";"E13541";"e1-35-41";52012;168180
"11262";"E13542";"e1-35-42";52012;168180
"11263";"E13543";"e1-35-43";52012;168180
"11264";"E13544";"e1-35-44";52012;168180
"11265";"E13611";"e1-36-11";56012;168180
"11266";"E13612";"e1-36-12";56012;168180
"11267";"E13613";"e1-36-13";56012;168180
"11268";"E13614";"e1-36-14";56012;168180
"11269";"E13621";"e1-36-21";56012;168180
"11270";"E13622";"e1-36-22";56012;168180
"11271";"E13623";"e1-36-23";56012;168180
"11272";"E13624";"e1-36-24";56012;168180
"11273";"E13631";"e1-36-31";56012;168180
"11274";"E13632";"e1-36-32";56012;168180
"11275";"E13633";"e1-36-33";56012;168180
"11276";"E13634";"e1-36-34";56012;168180
"11277";"E13641";"e1-36-41";56012;168180
"11278";"E13642";"e1-36-42";56012;168180
"11279";"E13643";"e1-36-43";56012;168180
"11280";"E13644";"e1-36-44";56012;168180
"11281";"E13711";"e1-37-11";60012;168180
"11282";"E13712";"e1-37-12";60012;168180
"11283";"E13713";"e1-37-13";60012;168180
"11284";"E13714";"e1-37-14";60012;168180
"11285";"E13721";"e1-37-21";60012;168180
"11286";"E13722";"e1-37-22";60012;168180
"11287";"E13723";"e1-37-23";60012;168180
"11288";"E13724";"e1-37-24";60012;168180
"11289";"E13731";"e1-37-31";60012;168180
"11290";"E13732";"e1-37-32";60012;168180
"11291";"E13733";"e1-37-33";60012;168180
"11292";"E13734";"e1-37-34";60012;168180
"11293";"E13741";"e1-37-41";60012;168180
"11294";"E13742";"e1-37-42";60012;168180
"11295";"E13743";"e1-37-43";60012;168180
"11296";"E13744";"e1-37-44";60012;168180
"11297";"E13811";"e1-38-11";64012;168180
"11298";"E13812";"e1-38-12";64012;168180
"11299";"E13813";"e1-38-13";64012;168180
"11300";"E13814";"e1-38-14";64012;168180
"11301";"E13821";"e1-38-21";64012;168180
"11302";"E13822";"e1-38-22";64012;168180
"11303";"E13823";"e1-38-23";64012;168180
"11304";"E13824";"e1-38-24";64012;168180
"11305";"E13831";"e1-38-31";64012;168180
"11306";"E13832";"e1-38-32";64012;168180
"11307";"E13833";"e1-38-33";64012;168180
"11308";"E13834";"e1-38-34";64012;168180
"11309";"E13841";"e1-38-41";64012;168180
"11310";"E13842";"e1-38-42";64012;168180
"11311";"E13843";"e1-38-43";64012;168180
"11312";"E13844";"e1-38-44";64012;168180
"11313";"E14111";"e1-41-11";36012;164180
"11314";"E14112";"e1-41-12";36012;164180
"11315";"E14113";"e1-41-13";36012;164180
"11316";"E14114";"e1-41-14";36012;164180
"11317";"E14121";"e1-41-21";36012;164180
"11318";"E14122";"e1-41-22";36012;164180
"11319";"E14123";"e1-41-23";36012;164180
"11320";"E14124";"e1-41-24";36012;164180
"11321";"E14131";"e1-41-31";36012;164180
"11322";"E14132";"e1-41-32";36012;164180
"11323";"E14133";"e1-41-33";36012;164180
"11324";"E14134";"e1-41-34";36012;164180
"11325";"E14141";"e1-41-41";36012;164180
"11326";"E14142";"e1-41-42";36012;164180
"11327";"E14143";"e1-41-43";36012;164180
"11328";"E14144";"e1-41-44";36012;164180
"11329";"E14211";"e1-42-11";40012;164180
"11330";"E14212";"e1-42-12";40012;164180
"11331";"E14213";"e1-42-13";40012;164180
"11332";"E14214";"e1-42-14";40012;164180
"11333";"E14221";"e1-42-21";40012;164180
"11334";"E14222";"e1-42-22";40012;164180
"11335";"E14223";"e1-42-23";40012;164180
"11336";"E14224";"e1-42-24";40012;164180
"11337";"E14231";"e1-42-31";40012;164180
"11338";"E14232";"e1-42-32";40012;164180
"11339";"E14233";"e1-42-33";40012;164180
"11340";"E14234";"e1-42-34";40012;164180
"11341";"E14241";"e1-42-41";40012;164180
"11342";"E14242";"e1-42-42";40012;164180
"11343";"E14243";"e1-42-43";40012;164180
"11344";"E14244";"e1-42-44";40012;164180
"11345";"E14311";"e1-43-11";44012;164180
"11346";"E14312";"e1-43-12";44012;164180
"11347";"E14313";"e1-43-13";44012;164180
"11348";"E14314";"e1-43-14";44012;164180
"11349";"E14321";"e1-43-21";44012;164180
"11350";"E14322";"e1-43-22";44012;164180
"11351";"E14323";"e1-43-23";44012;164180
"11352";"E14324";"e1-43-24";44012;164180
"11353";"E14331";"e1-43-31";44012;164180
"11354";"E14332";"e1-43-32";44012;164180
"11355";"E14333";"e1-43-33";44012;164180
"11356";"E14334";"e1-43-34";44012;164180
"11357";"E14341";"e1-43-41";44012;164180
"11358";"E14342";"e1-43-42";44012;164180
"11359";"E14343";"e1-43-43";44012;164180
"11360";"E14344";"e1-43-44";44012;164180
"11361";"E14411";"e1-44-11";48012;164180
"11362";"E14412";"e1-44-12";48012;164180
"11363";"E14413";"e1-44-13";48012;164180
"11364";"E14414";"e1-44-14";48012;164180
"11365";"E14421";"e1-44-21";48012;164180
"11366";"E14422";"e1-44-22";48012;164180
"11367";"E14423";"e1-44-23";48012;164180
"11368";"E14424";"e1-44-24";48012;164180
"11369";"E14431";"e1-44-31";48012;164180
"11370";"E14432";"e1-44-32";48012;164180
"11371";"E14433";"e1-44-33";48012;164180
"11372";"E14434";"e1-44-34";48012;164180
"11373";"E14441";"e1-44-41";48012;164180
"11374";"E14442";"e1-44-42";48012;164180
"11375";"E14443";"e1-44-43";48012;164180
"11376";"E14444";"e1-44-44";48012;164180
"11377";"E14511";"e1-45-11";52012;164180
"11378";"E14512";"e1-45-12";52012;164180
"11379";"E14513";"e1-45-13";52012;164180
"11380";"E14514";"e1-45-14";52012;164180
"11381";"E14521";"e1-45-21";52012;164180
"11382";"E14522";"e1-45-22";52012;164180
"11383";"E14523";"e1-45-23";52012;164180
"11384";"E14524";"e1-45-24";52012;164180
"11385";"E14531";"e1-45-31";52012;164180
"11386";"E14532";"e1-45-32";52012;164180
"11387";"E14533";"e1-45-33";52012;164180
"11388";"E14534";"e1-45-34";52012;164180
"11389";"E14541";"e1-45-41";52012;164180
"11390";"E14542";"e1-45-42";52012;164180
"11391";"E14543";"e1-45-43";52012;164180
"11392";"E14544";"e1-45-44";52012;164180
"11393";"E14611";"e1-46-11";56012;164180
"11394";"E14612";"e1-46-12";56012;164180
"11395";"E14613";"e1-46-13";56012;164180
"11396";"E14614";"e1-46-14";56012;164180
"11397";"E14621";"e1-46-21";56012;164180
"11398";"E14622";"e1-46-22";56012;164180
"11399";"E14623";"e1-46-23";56012;164180
"11400";"E14624";"e1-46-24";56012;164180
"11401";"E14631";"e1-46-31";56012;164180
"11402";"E14632";"e1-46-32";56012;164180
"11403";"E14633";"e1-46-33";56012;164180
"11404";"E14634";"e1-46-34";56012;164180
"11405";"E14641";"e1-46-41";56012;164180
"11406";"E14642";"e1-46-42";56012;164180
"11407";"E14643";"e1-46-43";56012;164180
"11408";"E14644";"e1-46-44";56012;164180
"11409";"E14711";"e1-47-11";60012;164180
"11410";"E14712";"e1-47-12";60012;164180
"11411";"E14713";"e1-47-13";60012;164180
"11412";"E14714";"e1-47-14";60012;164180
"11413";"E14721";"e1-47-21";60012;164180
"11414";"E14722";"e1-47-22";60012;164180
"11415";"E14723";"e1-47-23";60012;164180
"11416";"E14724";"e1-47-24";60012;164180
"11417";"E14731";"e1-47-31";60012;164180
"11418";"E14732";"e1-47-32";60012;164180
"11419";"E14733";"e1-47-33";60012;164180
"11420";"E14734";"e1-47-34";60012;164180
"11421";"E14741";"e1-47-41";60012;164180
"11422";"E14742";"e1-47-42";60012;164180
"11423";"E14743";"e1-47-43";60012;164180
"11424";"E14744";"e1-47-44";60012;164180
"11425";"E14811";"e1-48-11";64012;164180
"11426";"E14812";"e1-48-12";64012;164180
"11427";"E14813";"e1-48-13";64012;164180
"11428";"E14814";"e1-48-14";64012;164180
"11429";"E14821";"e1-48-21";64012;164180
"11430";"E14822";"e1-48-22";64012;164180
"11431";"E14823";"e1-48-23";64012;164180
"11432";"E14824";"e1-48-24";64012;164180
"11433";"E14831";"e1-48-31";64012;164180
"11434";"E14832";"e1-48-32";64012;164180
"11435";"E14833";"e1-48-33";64012;164180
"11436";"E14834";"e1-48-34";64012;164180
"11437";"E14841";"e1-48-41";64012;164180
"11438";"E14842";"e1-48-42";64012;164180
"11439";"E14843";"e1-48-43";64012;164180
"11440";"E14844";"e1-48-44";64012;164180
"11441";"E15111";"e1-51-11";36012;160180
"11442";"E15112";"e1-51-12";36012;160180
"11443";"E15113";"e1-51-13";36012;160180
"11444";"E15114";"e1-51-14";36012;160180
"11445";"E15121";"e1-51-21";36012;160180
"11446";"E15122";"e1-51-22";36012;160180
"11447";"E15123";"e1-51-23";36012;160180
"11448";"E15124";"e1-51-24";36012;160180
"11449";"E15131";"e1-51-31";36012;160180
"11450";"E15132";"e1-51-32";36012;160180
"11451";"E15133";"e1-51-33";36012;160180
"11452";"E15134";"e1-51-34";36012;160180
"11453";"E15141";"e1-51-41";36012;160180
"11454";"E15142";"e1-51-42";36012;160180
"11455";"E15143";"e1-51-43";36012;160180
"11456";"E15144";"e1-51-44";36012;160180
"11457";"E15211";"e1-52-11";40012;160180
"11458";"E15212";"e1-52-12";40012;160180
"11459";"E15213";"e1-52-13";40012;160180
"11460";"E15214";"e1-52-14";40012;160180
"11461";"E15221";"e1-52-21";40012;160180
"11462";"E15222";"e1-52-22";40012;160180
"11463";"E15223";"e1-52-23";40012;160180
"11464";"E15224";"e1-52-24";40012;160180
"11465";"E15231";"e1-52-31";40012;160180
"11466";"E15232";"e1-52-32";40012;160180
"11467";"E15233";"e1-52-33";40012;160180
"11468";"E15234";"e1-52-34";40012;160180
"11469";"E15241";"e1-52-41";40012;160180
"11470";"E15242";"e1-52-42";40012;160180
"11471";"E15243";"e1-52-43";40012;160180
"11472";"E15244";"e1-52-44";40012;160180
"11473";"E15311";"e1-53-11";44012;160180
"11474";"E15312";"e1-53-12";44012;160180
"11475";"E15313";"e1-53-13";44012;160180
"11476";"E15314";"e1-53-14";44012;160180
"11477";"E15321";"e1-53-21";44012;160180
"11478";"E15322";"e1-53-22";44012;160180
"11479";"E15323";"e1-53-23";44012;160180
"11480";"E15324";"e1-53-24";44012;160180
"11481";"E15331";"e1-53-31";44012;160180
"11482";"E15332";"e1-53-32";44012;160180
"11483";"E15333";"e1-53-33";44012;160180
"11484";"E15334";"e1-53-34";44012;160180
"11485";"E15341";"e1-53-41";44012;160180
"11486";"E15342";"e1-53-42";44012;160180
"11487";"E15343";"e1-53-43";44012;160180
"11488";"E15344";"e1-53-44";44012;160180
"11489";"E15411";"e1-54-11";48012;160180
"11490";"E15412";"e1-54-12";48012;160180
"11491";"E15413";"e1-54-13";48012;160180
"11492";"E15414";"e1-54-14";48012;160180
"11493";"E15421";"e1-54-21";48012;160180
"11494";"E15422";"e1-54-22";48012;160180
"11495";"E15423";"e1-54-23";48012;160180
"11496";"E15424";"e1-54-24";48012;160180
"11497";"E15431";"e1-54-31";48012;160180
"11498";"E15432";"e1-54-32";48012;160180
"11499";"E15433";"e1-54-33";48012;160180
"11500";"E15434";"e1-54-34";48012;160180
"11501";"E15441";"e1-54-41";48012;160180
"11502";"E15442";"e1-54-42";48012;160180
"11503";"E15443";"e1-54-43";48012;160180
"11504";"E15444";"e1-54-44";48012;160180
"11505";"E15811";"e1-58-11";64012;160180
"11506";"E15812";"e1-58-12";64012;160180
"11507";"E15813";"e1-58-13";64012;160180
"11508";"E15814";"e1-58-14";64012;160180
"11509";"E15821";"e1-58-21";64012;160180
"11510";"E15822";"e1-58-22";64012;160180
"11511";"E15823";"e1-58-23";64012;160180
"11512";"E15824";"e1-58-24";64012;160180
"11513";"E15831";"e1-58-31";64012;160180
"11514";"E15832";"e1-58-32";64012;160180
"11515";"E15833";"e1-58-33";64012;160180
"11516";"E15834";"e1-58-34";64012;160180
"11517";"E15841";"e1-58-41";64012;160180
"11518";"E15842";"e1-58-42";64012;160180
"11519";"E15843";"e1-58-43";64012;160180
"11520";"E15844";"e1-58-44";64012;160180
"11521";"E21111";"e2-11-11";68012;176180
"11522";"E21112";"e2-11-12";68012;176180
"11523";"E21113";"e2-11-13";68012;176180
"11524";"E21114";"e2-11-14";68012;176180
"11525";"E21121";"e2-11-21";68012;176180
"11526";"E21122";"e2-11-22";68012;176180
"11527";"E21123";"e2-11-23";68012;176180
"11528";"E21124";"e2-11-24";68012;176180
"11529";"E21131";"e2-11-31";68012;176180
"11530";"E21132";"e2-11-32";68012;176180
"11531";"E21133";"e2-11-33";68012;176180
"11532";"E21134";"e2-11-34";68012;176180
"11533";"E21141";"e2-11-41";68012;176180
"11534";"E21142";"e2-11-42";68012;176180
"11535";"E21143";"e2-11-43";68012;176180
"11536";"E21144";"e2-11-44";68012;176180
"11537";"E21211";"e2-12-11";72012;176180
"11538";"E21212";"e2-12-12";72012;176180
"11539";"E21213";"e2-12-13";72012;176180
"11540";"E21214";"e2-12-14";72012;176180
"11541";"E21221";"e2-12-21";72012;176180
"11542";"E21222";"e2-12-22";72012;176180
"11543";"E21223";"e2-12-23";72012;176180
"11544";"E21224";"e2-12-24";72012;176180
"11545";"E21231";"e2-12-31";72012;176180
"11546";"E21232";"e2-12-32";72012;176180
"11547";"E21233";"e2-12-33";72012;176180
"11548";"E21234";"e2-12-34";72012;176180
"11549";"E21241";"e2-12-41";72012;176180
"11550";"E21242";"e2-12-42";72012;176180
"11551";"E21243";"e2-12-43";72012;176180
"11552";"E21244";"e2-12-44";72012;176180
"11553";"E21311";"e2-13-11";76012;176180
"11554";"E21312";"e2-13-12";76012;176180
"11555";"E21313";"e2-13-13";76012;176180
"11556";"E21314";"e2-13-14";76012;176180
"11557";"E21321";"e2-13-21";76012;176180
"11558";"E21322";"e2-13-22";76012;176180
"11559";"E21323";"e2-13-23";76012;176180
"11560";"E21324";"e2-13-24";76012;176180
"11561";"E21331";"e2-13-31";76012;176180
"11562";"E21332";"e2-13-32";76012;176180
"11563";"E21333";"e2-13-33";76012;176180
"11564";"E21334";"e2-13-34";76012;176180
"11565";"E21341";"e2-13-41";76012;176180
"11566";"E21342";"e2-13-42";76012;176180
"11567";"E21343";"e2-13-43";76012;176180
"11568";"E21344";"e2-13-44";76012;176180
"11569";"E21411";"e2-14-11";80012;176180
"11570";"E21412";"e2-14-12";80012;176180
"11571";"E21413";"e2-14-13";80012;176180
"11572";"E21414";"e2-14-14";80012;176180
"11573";"E21421";"e2-14-21";80012;176180
"11574";"E21422";"e2-14-22";80012;176180
"11575";"E21423";"e2-14-23";80012;176180
"11576";"E21424";"e2-14-24";80012;176180
"11577";"E21431";"e2-14-31";80012;176180
"11578";"E21432";"e2-14-32";80012;176180
"11579";"E21433";"e2-14-33";80012;176180
"11580";"E21434";"e2-14-34";80012;176180
"11581";"E21441";"e2-14-41";80012;176180
"11582";"E21442";"e2-14-42";80012;176180
"11583";"E21443";"e2-14-43";80012;176180
"11584";"E21444";"e2-14-44";80012;176180
"11585";"E21511";"e2-15-11";84012;176180
"11586";"E21512";"e2-15-12";84012;176180
"11587";"E21513";"e2-15-13";84012;176180
"11588";"E21514";"e2-15-14";84012;176180
"11589";"E21521";"e2-15-21";84012;176180
"11590";"E21522";"e2-15-22";84012;176180
"11591";"E21523";"e2-15-23";84012;176180
"11592";"E21524";"e2-15-24";84012;176180
"11593";"E21531";"e2-15-31";84012;176180
"11594";"E21532";"e2-15-32";84012;176180
"11595";"E21533";"e2-15-33";84012;176180
"11596";"E21534";"e2-15-34";84012;176180
"11597";"E21541";"e2-15-41";84012;176180
"11598";"E21542";"e2-15-42";84012;176180
"11599";"E21543";"e2-15-43";84012;176180
"11600";"E21544";"e2-15-44";84012;176180
"11601";"E21611";"e2-16-11";88012;176180
"11602";"E21612";"e2-16-12";88012;176180
"11603";"E21613";"e2-16-13";88012;176180
"11604";"E21614";"e2-16-14";88012;176180
"11605";"E21621";"e2-16-21";88012;176180
"11606";"E21622";"e2-16-22";88012;176180
"11607";"E21623";"e2-16-23";88012;176180
"11608";"E21624";"e2-16-24";88012;176180
"11609";"E21631";"e2-16-31";88012;176180
"11610";"E21632";"e2-16-32";88012;176180
"11611";"E21633";"e2-16-33";88012;176180
"11612";"E21634";"e2-16-34";88012;176180
"11613";"E21641";"e2-16-41";88012;176180
"11614";"E21642";"e2-16-42";88012;176180
"11615";"E21643";"e2-16-43";88012;176180
"11616";"E21644";"e2-16-44";88012;176180
"11617";"E21711";"e2-17-11";92012;176180
"11618";"E21712";"e2-17-12";92012;176180
"11619";"E21713";"e2-17-13";92012;176180
"11620";"E21714";"e2-17-14";92012;176180
"11621";"E21721";"e2-17-21";92012;176180
"11622";"E21722";"e2-17-22";92012;176180
"11623";"E21723";"e2-17-23";92012;176180
"11624";"E21724";"e2-17-24";92012;176180
"11625";"E21731";"e2-17-31";92012;176180
"11626";"E21732";"e2-17-32";92012;176180
"11627";"E21733";"e2-17-33";92012;176180
"11628";"E21734";"e2-17-34";92012;176180
"11629";"E21741";"e2-17-41";92012;176180
"11630";"E21742";"e2-17-42";92012;176180
"11631";"E21743";"e2-17-43";92012;176180
"11632";"E21744";"e2-17-44";92012;176180
"11633";"E21811";"e2-18-11";96012;176180
"11634";"E21812";"e2-18-12";96012;176180
"11635";"E21813";"e2-18-13";96012;176180
"11636";"E21814";"e2-18-14";96012;176180
"11637";"E21821";"e2-18-21";96012;176180
"11638";"E21822";"e2-18-22";96012;176180
"11639";"E21823";"e2-18-23";96012;176180
"11640";"E21824";"e2-18-24";96012;176180
"11641";"E21831";"e2-18-31";96012;176180
"11642";"E21832";"e2-18-32";96012;176180
"11643";"E21833";"e2-18-33";96012;176180
"11644";"E21834";"e2-18-34";96012;176180
"11645";"E21841";"e2-18-41";96012;176180
"11646";"E21842";"e2-18-42";96012;176180
"11647";"E21843";"e2-18-43";96012;176180
"11648";"E21844";"e2-18-44";96012;176180
"11649";"E22111";"e2-21-11";68012;172180
"11650";"E22112";"e2-21-12";68012;172180
"11651";"E22113";"e2-21-13";68012;172180
"11652";"E22114";"e2-21-14";68012;172180
"11653";"E22121";"e2-21-21";68012;172180
"11654";"E22122";"e2-21-22";68012;172180
"11655";"E22123";"e2-21-23";68012;172180
"11656";"E22124";"e2-21-24";68012;172180
"11657";"E22131";"e2-21-31";68012;172180
"11658";"E22132";"e2-21-32";68012;172180
"11659";"E22133";"e2-21-33";68012;172180
"11660";"E22134";"e2-21-34";68012;172180
"11661";"E22141";"e2-21-41";68012;172180
"11662";"E22142";"e2-21-42";68012;172180
"11663";"E22143";"e2-21-43";68012;172180
"11664";"E22144";"e2-21-44";68012;172180
"11665";"E22211";"e2-22-11";72012;172180
"11666";"E22212";"e2-22-12";72012;172180
"11667";"E22213";"e2-22-13";72012;172180
"11668";"E22214";"e2-22-14";72012;172180
"11669";"E22221";"e2-22-21";72012;172180
"11670";"E22222";"e2-22-22";72012;172180
"11671";"E22223";"e2-22-23";72012;172180
"11672";"E22224";"e2-22-24";72012;172180
"11673";"E22231";"e2-22-31";72012;172180
"11674";"E22232";"e2-22-32";72012;172180
"11675";"E22233";"e2-22-33";72012;172180
"11676";"E22234";"e2-22-34";72012;172180
"11677";"E22241";"e2-22-41";72012;172180
"11678";"E22242";"e2-22-42";72012;172180
"11679";"E22243";"e2-22-43";72012;172180
"11680";"E22244";"e2-22-44";72012;172180
"11681";"E22311";"e2-23-11";76012;172180
"11682";"E22312";"e2-23-12";76012;172180
"11683";"E22313";"e2-23-13";76012;172180
"11684";"E22314";"e2-23-14";76012;172180
"11685";"E22321";"e2-23-21";76012;172180
"11686";"E22322";"e2-23-22";76012;172180
"11687";"E22323";"e2-23-23";76012;172180
"11688";"E22324";"e2-23-24";76012;172180
"11689";"E22331";"e2-23-31";76012;172180
"11690";"E22332";"e2-23-32";76012;172180
"11691";"E22333";"e2-23-33";76012;172180
"11692";"E22334";"e2-23-34";76012;172180
"11693";"E22341";"e2-23-41";76012;172180
"11694";"E22342";"e2-23-42";76012;172180
"11695";"E22343";"e2-23-43";76012;172180
"11696";"E22344";"e2-23-44";76012;172180
"11697";"E22411";"e2-24-11";80012;172180
"11698";"E22412";"e2-24-12";80012;172180
"11699";"E22413";"e2-24-13";80012;172180
"11700";"E22414";"e2-24-14";80012;172180
"11701";"E22421";"e2-24-21";80012;172180
"11702";"E22422";"e2-24-22";80012;172180
"11703";"E22423";"e2-24-23";80012;172180
"11704";"E22424";"e2-24-24";80012;172180
"11705";"E22431";"e2-24-31";80012;172180
"11706";"E22432";"e2-24-32";80012;172180
"11707";"E22433";"e2-24-33";80012;172180
"11708";"E22434";"e2-24-34";80012;172180
"11709";"E22441";"e2-24-41";80012;172180
"11710";"E22442";"e2-24-42";80012;172180
"11711";"E22443";"e2-24-43";80012;172180
"11712";"E22444";"e2-24-44";80012;172180
"11713";"E22511";"e2-25-11";84012;172180
"11714";"E22512";"e2-25-12";84012;172180
"11715";"E22513";"e2-25-13";84012;172180
"11716";"E22514";"e2-25-14";84012;172180
"11717";"E22521";"e2-25-21";84012;172180
"11718";"E22522";"e2-25-22";84012;172180
"11719";"E22523";"e2-25-23";84012;172180
"11720";"E22524";"e2-25-24";84012;172180
"11721";"E22531";"e2-25-31";84012;172180
"11722";"E22532";"e2-25-32";84012;172180
"11723";"E22533";"e2-25-33";84012;172180
"11724";"E22534";"e2-25-34";84012;172180
"11725";"E22541";"e2-25-41";84012;172180
"11726";"E22542";"e2-25-42";84012;172180
"11727";"E22543";"e2-25-43";84012;172180
"11728";"E22544";"e2-25-44";84012;172180
"11729";"E22611";"e2-26-11";88012;172180
"11730";"E22612";"e2-26-12";88012;172180
"11731";"E22613";"e2-26-13";88012;172180
"11732";"E22614";"e2-26-14";88012;172180
"11733";"E22621";"e2-26-21";88012;172180
"11734";"E22622";"e2-26-22";88012;172180
"11735";"E22623";"e2-26-23";88012;172180
"11736";"E22624";"e2-26-24";88012;172180
"11737";"E22631";"e2-26-31";88012;172180
"11738";"E22632";"e2-26-32";88012;172180
"11739";"E22633";"e2-26-33";88012;172180
"11740";"E22634";"e2-26-34";88012;172180
"11741";"E22641";"e2-26-41";88012;172180
"11742";"E22642";"e2-26-42";88012;172180
"11743";"E22643";"e2-26-43";88012;172180
"11744";"E22644";"e2-26-44";88012;172180
"11745";"E22711";"e2-27-11";92012;172180
"11746";"E22712";"e2-27-12";92012;172180
"11747";"E22713";"e2-27-13";92012;172180
"11748";"E22714";"e2-27-14";92012;172180
"11749";"E22721";"e2-27-21";92012;172180
"11750";"E22722";"e2-27-22";92012;172180
"11751";"E22723";"e2-27-23";92012;172180
"11752";"E22724";"e2-27-24";92012;172180
"11753";"E22731";"e2-27-31";92012;172180
"11754";"E22732";"e2-27-32";92012;172180
"11755";"E22733";"e2-27-33";92012;172180
"11756";"E22734";"e2-27-34";92012;172180
"11757";"E22741";"e2-27-41";92012;172180
"11758";"E22742";"e2-27-42";92012;172180
"11759";"E22743";"e2-27-43";92012;172180
"11760";"E22744";"e2-27-44";92012;172180
"11761";"E22811";"e2-28-11";96012;172180
"11762";"E22812";"e2-28-12";96012;172180
"11763";"E22813";"e2-28-13";96012;172180
"11764";"E22814";"e2-28-14";96012;172180
"11765";"E22821";"e2-28-21";96012;172180
"11766";"E22822";"e2-28-22";96012;172180
"11767";"E22823";"e2-28-23";96012;172180
"11768";"E22824";"e2-28-24";96012;172180
"11769";"E22831";"e2-28-31";96012;172180
"11770";"E22832";"e2-28-32";96012;172180
"11771";"E22833";"e2-28-33";96012;172180
"11772";"E22834";"e2-28-34";96012;172180
"11773";"E22841";"e2-28-41";96012;172180
"11774";"E22842";"e2-28-42";96012;172180
"11775";"E22843";"e2-28-43";96012;172180
"11776";"E22844";"e2-28-44";96012;172180
"11777";"E23111";"e2-31-11";68012;168180
"11778";"E23112";"e2-31-12";68012;168180
"11779";"E23113";"e2-31-13";68012;168180
"11780";"E23114";"e2-31-14";68012;168180
"11781";"E23121";"e2-31-21";68012;168180
"11782";"E23122";"e2-31-22";68012;168180
"11783";"E23123";"e2-31-23";68012;168180
"11784";"E23124";"e2-31-24";68012;168180
"11785";"E23131";"e2-31-31";68012;168180
"11786";"E23132";"e2-31-32";68012;168180
"11787";"E23133";"e2-31-33";68012;168180
"11788";"E23134";"e2-31-34";68012;168180
"11789";"E23141";"e2-31-41";68012;168180
"11790";"E23142";"e2-31-42";68012;168180
"11791";"E23143";"e2-31-43";68012;168180
"11792";"E23144";"e2-31-44";68012;168180
"11793";"E23211";"e2-32-11";72012;168180
"11794";"E23212";"e2-32-12";72012;168180
"11795";"E23213";"e2-32-13";72012;168180
"11796";"E23214";"e2-32-14";72012;168180
"11797";"E23221";"e2-32-21";72012;168180
"11798";"E23222";"e2-32-22";72012;168180
"11799";"E23223";"e2-32-23";72012;168180
"11800";"E23224";"e2-32-24";72012;168180
"11801";"E23231";"e2-32-31";72012;168180
"11802";"E23232";"e2-32-32";72012;168180
"11803";"E23233";"e2-32-33";72012;168180
"11804";"E23234";"e2-32-34";72012;168180
"11805";"E23241";"e2-32-41";72012;168180
"11806";"E23242";"e2-32-42";72012;168180
"11807";"E23243";"e2-32-43";72012;168180
"11808";"E23244";"e2-32-44";72012;168180
"11809";"E23311";"e2-33-11";76012;168180
"11810";"E23312";"e2-33-12";76012;168180
"11811";"E23313";"e2-33-13";76012;168180
"11812";"E23314";"e2-33-14";76012;168180
"11813";"E23321";"e2-33-21";76012;168180
"11814";"E23322";"e2-33-22";76012;168180
"11815";"E23323";"e2-33-23";76012;168180
"11816";"E23324";"e2-33-24";76012;168180
"11817";"E23331";"e2-33-31";76012;168180
"11818";"E23332";"e2-33-32";76012;168180
"11819";"E23333";"e2-33-33";76012;168180
"11820";"E23334";"e2-33-34";76012;168180
"11821";"E23341";"e2-33-41";76012;168180
"11822";"E23342";"e2-33-42";76012;168180
"11823";"E23343";"e2-33-43";76012;168180
"11824";"E23344";"e2-33-44";76012;168180
"11825";"E23411";"e2-34-11";80012;168180
"11826";"E23412";"e2-34-12";80012;168180
"11827";"E23413";"e2-34-13";80012;168180
"11828";"E23414";"e2-34-14";80012;168180
"11829";"E23421";"e2-34-21";80012;168180
"11830";"E23422";"e2-34-22";80012;168180
"11831";"E23423";"e2-34-23";80012;168180
"11832";"E23424";"e2-34-24";80012;168180
"11833";"E23431";"e2-34-31";80012;168180
"11834";"E23432";"e2-34-32";80012;168180
"11835";"E23433";"e2-34-33";80012;168180
"11836";"E23434";"e2-34-34";80012;168180
"11837";"E23441";"e2-34-41";80012;168180
"11838";"E23442";"e2-34-42";80012;168180
"11839";"E23443";"e2-34-43";80012;168180
"11840";"E23444";"e2-34-44";80012;168180
"11841";"E23511";"e2-35-11";84012;168180
"11842";"E23512";"e2-35-12";84012;168180
"11843";"E23513";"e2-35-13";84012;168180
"11844";"E23514";"e2-35-14";84012;168180
"11845";"E23521";"e2-35-21";84012;168180
"11846";"E23522";"e2-35-22";84012;168180
"11847";"E23523";"e2-35-23";84012;168180
"11848";"E23524";"e2-35-24";84012;168180
"11849";"E23531";"e2-35-31";84012;168180
"11850";"E23532";"e2-35-32";84012;168180
"11851";"E23533";"e2-35-33";84012;168180
"11852";"E23534";"e2-35-34";84012;168180
"11853";"E23541";"e2-35-41";84012;168180
"11854";"E23542";"e2-35-42";84012;168180
"11855";"E23543";"e2-35-43";84012;168180
"11856";"E23544";"e2-35-44";84012;168180
"11857";"E23611";"e2-36-11";88012;168180
"11858";"E23612";"e2-36-12";88012;168180
"11859";"E23613";"e2-36-13";88012;168180
"11860";"E23614";"e2-36-14";88012;168180
"11861";"E23621";"e2-36-21";88012;168180
"11862";"E23622";"e2-36-22";88012;168180
"11863";"E23623";"e2-36-23";88012;168180
"11864";"E23624";"e2-36-24";88012;168180
"11865";"E23631";"e2-36-31";88012;168180
"11866";"E23632";"e2-36-32";88012;168180
"11867";"E23633";"e2-36-33";88012;168180
"11868";"E23634";"e2-36-34";88012;168180
"11869";"E23641";"e2-36-41";88012;168180
"11870";"E23642";"e2-36-42";88012;168180
"11871";"E23643";"e2-36-43";88012;168180
"11872";"E23644";"e2-36-44";88012;168180
"11873";"E23711";"e2-37-11";92012;168180
"11874";"E23712";"e2-37-12";92012;168180
"11875";"E23713";"e2-37-13";92012;168180
"11876";"E23714";"e2-37-14";92012;168180
"11877";"E23721";"e2-37-21";92012;168180
"11878";"E23722";"e2-37-22";92012;168180
"11879";"E23723";"e2-37-23";92012;168180
"11880";"E23724";"e2-37-24";92012;168180
"11881";"E23731";"e2-37-31";92012;168180
"11882";"E23732";"e2-37-32";92012;168180
"11883";"E23733";"e2-37-33";92012;168180
"11884";"E23734";"e2-37-34";92012;168180
"11885";"E23741";"e2-37-41";92012;168180
"11886";"E23742";"e2-37-42";92012;168180
"11887";"E23743";"e2-37-43";92012;168180
"11888";"E23744";"e2-37-44";92012;168180
"11889";"E23811";"e2-38-11";96012;168180
"11890";"E23812";"e2-38-12";96012;168180
"11891";"E23813";"e2-38-13";96012;168180
"11892";"E23814";"e2-38-14";96012;168180
"11893";"E23821";"e2-38-21";96012;168180
"11894";"E23822";"e2-38-22";96012;168180
"11895";"E23823";"e2-38-23";96012;168180
"11896";"E23824";"e2-38-24";96012;168180
"11897";"E23831";"e2-38-31";96012;168180
"11898";"E23832";"e2-38-32";96012;168180
"11899";"E23833";"e2-38-33";96012;168180
"11900";"E23834";"e2-38-34";96012;168180
"11901";"E23841";"e2-38-41";96012;168180
"11902";"E23842";"e2-38-42";96012;168180
"11903";"E23843";"e2-38-43";96012;168180
"11904";"E23844";"e2-38-44";96012;168180
"11905";"E24111";"e2-41-11";68012;164180
"11906";"E24112";"e2-41-12";68012;164180
"11907";"E24113";"e2-41-13";68012;164180
"11908";"E24114";"e2-41-14";68012;164180
"11909";"E24121";"e2-41-21";68012;164180
"11910";"E24122";"e2-41-22";68012;164180
"11911";"E24123";"e2-41-23";68012;164180
"11912";"E24124";"e2-41-24";68012;164180
"11913";"E24131";"e2-41-31";68012;164180
"11914";"E24132";"e2-41-32";68012;164180
"11915";"E24133";"e2-41-33";68012;164180
"11916";"E24134";"e2-41-34";68012;164180
"11917";"E24141";"e2-41-41";68012;164180
"11918";"E24142";"e2-41-42";68012;164180
"11919";"E24143";"e2-41-43";68012;164180
"11920";"E24144";"e2-41-44";68012;164180
"11921";"E24211";"e2-42-11";72012;164180
"11922";"E24212";"e2-42-12";72012;164180
"11923";"E24213";"e2-42-13";72012;164180
"11924";"E24214";"e2-42-14";72012;164180
"11925";"E24221";"e2-42-21";72012;164180
"11926";"E24222";"e2-42-22";72012;164180
"11927";"E24223";"e2-42-23";72012;164180
"11928";"E24224";"e2-42-24";72012;164180
"11929";"E24231";"e2-42-31";72012;164180
"11930";"E24232";"e2-42-32";72012;164180
"11931";"E24233";"e2-42-33";72012;164180
"11932";"E24234";"e2-42-34";72012;164180
"11933";"E24241";"e2-42-41";72012;164180
"11934";"E24242";"e2-42-42";72012;164180
"11935";"E24243";"e2-42-43";72012;164180
"11936";"E24244";"e2-42-44";72012;164180
"11937";"E24311";"e2-43-11";76012;164180
"11938";"E24312";"e2-43-12";76012;164180
"11939";"E24313";"e2-43-13";76012;164180
"11940";"E24314";"e2-43-14";76012;164180
"11941";"E24321";"e2-43-21";76012;164180
"11942";"E24322";"e2-43-22";76012;164180
"11943";"E24323";"e2-43-23";76012;164180
"11944";"E24324";"e2-43-24";76012;164180
"11945";"E24331";"e2-43-31";76012;164180
"11946";"E24332";"e2-43-32";76012;164180
"11947";"E24333";"e2-43-33";76012;164180
"11948";"E24334";"e2-43-34";76012;164180
"11949";"E24341";"e2-43-41";76012;164180
"11950";"E24342";"e2-43-42";76012;164180
"11951";"E24343";"e2-43-43";76012;164180
"11952";"E24344";"e2-43-44";76012;164180
"11953";"E24411";"e2-44-11";80012;164180
"11954";"E24412";"e2-44-12";80012;164180
"11955";"E24413";"e2-44-13";80012;164180
"11956";"E24414";"e2-44-14";80012;164180
"11957";"E24421";"e2-44-21";80012;164180
"11958";"E24422";"e2-44-22";80012;164180
"11959";"E24423";"e2-44-23";80012;164180
"11960";"E24424";"e2-44-24";80012;164180
"11961";"E24431";"e2-44-31";80012;164180
"11962";"E24432";"e2-44-32";80012;164180
"11963";"E24433";"e2-44-33";80012;164180
"11964";"E24434";"e2-44-34";80012;164180
"11965";"E24441";"e2-44-41";80012;164180
"11966";"E24442";"e2-44-42";80012;164180
"11967";"E24443";"e2-44-43";80012;164180
"11968";"E24444";"e2-44-44";80012;164180
"11969";"E24511";"e2-45-11";84012;164180
"11970";"E24512";"e2-45-12";84012;164180
"11971";"E24513";"e2-45-13";84012;164180
"11972";"E24514";"e2-45-14";84012;164180
"11973";"E24521";"e2-45-21";84012;164180
"11974";"E24522";"e2-45-22";84012;164180
"11975";"E24523";"e2-45-23";84012;164180
"11976";"E24524";"e2-45-24";84012;164180
"11977";"E24531";"e2-45-31";84012;164180
"11978";"E24532";"e2-45-32";84012;164180
"11979";"E24533";"e2-45-33";84012;164180
"11980";"E24534";"e2-45-34";84012;164180
"11981";"E24541";"e2-45-41";84012;164180
"11982";"E24542";"e2-45-42";84012;164180
"11983";"E24543";"e2-45-43";84012;164180
"11984";"E24544";"e2-45-44";84012;164180
"11985";"E24611";"e2-46-11";88012;164180
"11986";"E24612";"e2-46-12";88012;164180
"11987";"E24613";"e2-46-13";88012;164180
"11988";"E24614";"e2-46-14";88012;164180
"11989";"E24621";"e2-46-21";88012;164180
"11990";"E24622";"e2-46-22";88012;164180
"11991";"E24623";"e2-46-23";88012;164180
"11992";"E24624";"e2-46-24";88012;164180
"11993";"E24631";"e2-46-31";88012;164180
"11994";"E24632";"e2-46-32";88012;164180
"11995";"E24633";"e2-46-33";88012;164180
"11996";"E24634";"e2-46-34";88012;164180
"11997";"E24641";"e2-46-41";88012;164180
"11998";"E24642";"e2-46-42";88012;164180
"11999";"E24643";"e2-46-43";88012;164180
"12000";"E24644";"e2-46-44";88012;164180
"12001";"E24711";"e2-47-11";92012;164180
"12002";"E24712";"e2-47-12";92012;164180
"12003";"E24713";"e2-47-13";92012;164180
"12004";"E24714";"e2-47-14";92012;164180
"12005";"E24721";"e2-47-21";92012;164180
"12006";"E24722";"e2-47-22";92012;164180
"12007";"E24723";"e2-47-23";92012;164180
"12008";"E24724";"e2-47-24";92012;164180
"12009";"E24731";"e2-47-31";92012;164180
"12010";"E24732";"e2-47-32";92012;164180
"12011";"E24733";"e2-47-33";92012;164180
"12012";"E24734";"e2-47-34";92012;164180
"12013";"E24741";"e2-47-41";92012;164180
"12014";"E24742";"e2-47-42";92012;164180
"12015";"E24743";"e2-47-43";92012;164180
"12016";"E24744";"e2-47-44";92012;164180
"12017";"E24811";"e2-48-11";96012;164180
"12018";"E24812";"e2-48-12";96012;164180
"12019";"E24813";"e2-48-13";96012;164180
"12020";"E24814";"e2-48-14";96012;164180
"12021";"E24821";"e2-48-21";96012;164180
"12022";"E24822";"e2-48-22";96012;164180
"12023";"E24823";"e2-48-23";96012;164180
"12024";"E24824";"e2-48-24";96012;164180
"12025";"E24831";"e2-48-31";96012;164180
"12026";"E24832";"e2-48-32";96012;164180
"12027";"E24833";"e2-48-33";96012;164180
"12028";"E24834";"e2-48-34";96012;164180
"12029";"E24841";"e2-48-41";96012;164180
"12030";"E24842";"e2-48-42";96012;164180
"12031";"E24843";"e2-48-43";96012;164180
"12032";"E24844";"e2-48-44";96012;164180
"12033";"E25111";"e2-51-11";68012;160180
"12034";"E25112";"e2-51-12";68012;160180
"12035";"E25113";"e2-51-13";68012;160180
"12036";"E25114";"e2-51-14";68012;160180
"12037";"E25121";"e2-51-21";68012;160180
"12038";"E25122";"e2-51-22";68012;160180
"12039";"E25123";"e2-51-23";68012;160180
"12040";"E25124";"e2-51-24";68012;160180
"12041";"E25131";"e2-51-31";68012;160180
"12042";"E25132";"e2-51-32";68012;160180
"12043";"E25133";"e2-51-33";68012;160180
"12044";"E25134";"e2-51-34";68012;160180
"12045";"E25141";"e2-51-41";68012;160180
"12046";"E25142";"e2-51-42";68012;160180
"12047";"E25143";"e2-51-43";68012;160180
"12048";"E25144";"e2-51-44";68012;160180
"12049";"E25211";"e2-52-11";72012;160180
"12050";"E25212";"e2-52-12";72012;160180
"12051";"E25213";"e2-52-13";72012;160180
"12052";"E25214";"e2-52-14";72012;160180
"12053";"E25221";"e2-52-21";72012;160180
"12054";"E25222";"e2-52-22";72012;160180
"12055";"E25223";"e2-52-23";72012;160180
"12056";"E25224";"e2-52-24";72012;160180
"12057";"E25231";"e2-52-31";72012;160180
"12058";"E25232";"e2-52-32";72012;160180
"12059";"E25233";"e2-52-33";72012;160180
"12060";"E25234";"e2-52-34";72012;160180
"12061";"E25241";"e2-52-41";72012;160180
"12062";"E25242";"e2-52-42";72012;160180
"12063";"E25243";"e2-52-43";72012;160180
"12064";"E25244";"e2-52-44";72012;160180
"12065";"E25311";"e2-53-11";76012;160180
"12066";"E25312";"e2-53-12";76012;160180
"12067";"E25313";"e2-53-13";76012;160180
"12068";"E25314";"e2-53-14";76012;160180
"12069";"E25321";"e2-53-21";76012;160180
"12070";"E25322";"e2-53-22";76012;160180
"12071";"E25323";"e2-53-23";76012;160180
"12072";"E25324";"e2-53-24";76012;160180
"12073";"E25331";"e2-53-31";76012;160180
"12074";"E25332";"e2-53-32";76012;160180
"12075";"E25333";"e2-53-33";76012;160180
"12076";"E25334";"e2-53-34";76012;160180
"12077";"E25341";"e2-53-41";76012;160180
"12078";"E25342";"e2-53-42";76012;160180
"12079";"E25343";"e2-53-43";76012;160180
"12080";"E25344";"e2-53-44";76012;160180
"12081";"E25411";"e2-54-11";80012;160180
"12082";"E25412";"e2-54-12";80012;160180
"12083";"E25413";"e2-54-13";80012;160180
"12084";"E25414";"e2-54-14";80012;160180
"12085";"E25421";"e2-54-21";80012;160180
"12086";"E25422";"e2-54-22";80012;160180
"12087";"E25423";"e2-54-23";80012;160180
"12088";"E25424";"e2-54-24";80012;160180
"12089";"E25431";"e2-54-31";80012;160180
"12090";"E25432";"e2-54-32";80012;160180
"12091";"E25433";"e2-54-33";80012;160180
"12092";"E25434";"e2-54-34";80012;160180
"12093";"E25441";"e2-54-41";80012;160180
"12094";"E25442";"e2-54-42";80012;160180
"12095";"E25443";"e2-54-43";80012;160180
"12096";"E25444";"e2-54-44";80012;160180
"12097";"E25511";"e2-55-11";84012;160180
"12098";"E25512";"e2-55-12";84012;160180
"12099";"E25513";"e2-55-13";84012;160180
"12100";"E25514";"e2-55-14";84012;160180
"12101";"E25521";"e2-55-21";84012;160180
"12102";"E25522";"e2-55-22";84012;160180
"12103";"E25523";"e2-55-23";84012;160180
"12104";"E25524";"e2-55-24";84012;160180
"12105";"E25531";"e2-55-31";84012;160180
"12106";"E25532";"e2-55-32";84012;160180
"12107";"E25533";"e2-55-33";84012;160180
"12108";"E25534";"e2-55-34";84012;160180
"12109";"E25541";"e2-55-41";84012;160180
"12110";"E25542";"e2-55-42";84012;160180
"12111";"E25543";"e2-55-43";84012;160180
"12112";"E25544";"e2-55-44";84012;160180
"12113";"E25611";"e2-56-11";88012;160180
"12114";"E25612";"e2-56-12";88012;160180
"12115";"E25613";"e2-56-13";88012;160180
"12116";"E25614";"e2-56-14";88012;160180
"12117";"E25621";"e2-56-21";88012;160180
"12118";"E25622";"e2-56-22";88012;160180
"12119";"E25623";"e2-56-23";88012;160180
"12120";"E25624";"e2-56-24";88012;160180
"12121";"E25631";"e2-56-31";88012;160180
"12122";"E25632";"e2-56-32";88012;160180
"12123";"E25633";"e2-56-33";88012;160180
"12124";"E25634";"e2-56-34";88012;160180
"12125";"E25641";"e2-56-41";88012;160180
"12126";"E25642";"e2-56-42";88012;160180
"12127";"E25643";"e2-56-43";88012;160180
"12128";"E25644";"e2-56-44";88012;160180
"12129";"E25711";"e2-57-11";92012;160180
"12130";"E25712";"e2-57-12";92012;160180
"12131";"E25713";"e2-57-13";92012;160180
"12132";"E25714";"e2-57-14";92012;160180
"12133";"E25721";"e2-57-21";92012;160180
"12134";"E25722";"e2-57-22";92012;160180
"12135";"E25723";"e2-57-23";92012;160180
"12136";"E25724";"e2-57-24";92012;160180
"12137";"E25731";"e2-57-31";92012;160180
"12138";"E25732";"e2-57-32";92012;160180
"12139";"E25733";"e2-57-33";92012;160180
"12140";"E25734";"e2-57-34";92012;160180
"12141";"E25741";"e2-57-41";92012;160180
"12142";"E25742";"e2-57-42";92012;160180
"12143";"E25743";"e2-57-43";92012;160180
"12144";"E25744";"e2-57-44";92012;160180
"12145";"E25811";"e2-58-11";96012;160180
"12146";"E25812";"e2-58-12";96012;160180
"12147";"E25813";"e2-58-13";96012;160180
"12148";"E25814";"e2-58-14";96012;160180
"12149";"E25821";"e2-58-21";96012;160180
"12150";"E25822";"e2-58-22";96012;160180
"12151";"E25823";"e2-58-23";96012;160180
"12152";"E25824";"e2-58-24";96012;160180
"12153";"E25831";"e2-58-31";96012;160180
"12154";"E25832";"e2-58-32";96012;160180
"12155";"E25833";"e2-58-33";96012;160180
"12156";"E25834";"e2-58-34";96012;160180
"12157";"E25841";"e2-58-41";96012;160180
"12158";"E25842";"e2-58-42";96012;160180
"12159";"E25843";"e2-58-43";96012;160180
"12160";"E25844";"e2-58-44";96012;160180
"12161";"E31111";"e3-11-11";100012;176180
"12162";"E31112";"e3-11-12";100012;176180
"12163";"E31113";"e3-11-13";100012;176180
"12164";"E31114";"e3-11-14";100012;176180
"12165";"E31121";"e3-11-21";100012;176180
"12166";"E31122";"e3-11-22";100012;176180
"12167";"E31123";"e3-11-23";100012;176180
"12168";"E31124";"e3-11-24";100012;176180
"12169";"E31131";"e3-11-31";100012;176180
"12170";"E31132";"e3-11-32";100012;176180
"12171";"E31133";"e3-11-33";100012;176180
"12172";"E31134";"e3-11-34";100012;176180
"12173";"E31141";"e3-11-41";100012;176180
"12174";"E31142";"e3-11-42";100012;176180
"12175";"E31143";"e3-11-43";100012;176180
"12176";"E31144";"e3-11-44";100012;176180
"12177";"E31211";"e3-12-11";104012;176180
"12178";"E31212";"e3-12-12";104012;176180
"12179";"E31213";"e3-12-13";104012;176180
"12180";"E31214";"e3-12-14";104012;176180
"12181";"E31221";"e3-12-21";104012;176180
"12182";"E31222";"e3-12-22";104012;176180
"12183";"E31223";"e3-12-23";104012;176180
"12184";"E31224";"e3-12-24";104012;176180
"12185";"E31231";"e3-12-31";104012;176180
"12186";"E31232";"e3-12-32";104012;176180
"12187";"E31233";"e3-12-33";104012;176180
"12188";"E31234";"e3-12-34";104012;176180
"12189";"E31241";"e3-12-41";104012;176180
"12190";"E31242";"e3-12-42";104012;176180
"12191";"E31243";"e3-12-43";104012;176180
"12192";"E31244";"e3-12-44";104012;176180
"12193";"E31311";"e3-13-11";108012;176180
"12194";"E31312";"e3-13-12";108012;176180
"12195";"E31313";"e3-13-13";108012;176180
"12196";"E31314";"e3-13-14";108012;176180
"12197";"E31321";"e3-13-21";108012;176180
"12198";"E31322";"e3-13-22";108012;176180
"12199";"E31323";"e3-13-23";108012;176180
"12200";"E31324";"e3-13-24";108012;176180
"12201";"E31331";"e3-13-31";108012;176180
"12202";"E31332";"e3-13-32";108012;176180
"12203";"E31333";"e3-13-33";108012;176180
"12204";"E31334";"e3-13-34";108012;176180
"12205";"E31341";"e3-13-41";108012;176180
"12206";"E31342";"e3-13-42";108012;176180
"12207";"E31343";"e3-13-43";108012;176180
"12208";"E31344";"e3-13-44";108012;176180
"12209";"E31411";"e3-14-11";112012;176180
"12210";"E31412";"e3-14-12";112012;176180
"12211";"E31413";"e3-14-13";112012;176180
"12212";"E31414";"e3-14-14";112012;176180
"12213";"E31421";"e3-14-21";112012;176180
"12214";"E31422";"e3-14-22";112012;176180
"12215";"E31423";"e3-14-23";112012;176180
"12216";"E31424";"e3-14-24";112012;176180
"12217";"E31431";"e3-14-31";112012;176180
"12218";"E31432";"e3-14-32";112012;176180
"12219";"E31433";"e3-14-33";112012;176180
"12220";"E31434";"e3-14-34";112012;176180
"12221";"E31441";"e3-14-41";112012;176180
"12222";"E31442";"e3-14-42";112012;176180
"12223";"E31443";"e3-14-43";112012;176180
"12224";"E31444";"e3-14-44";112012;176180
"12225";"E31511";"e3-15-11";116012;176180
"12226";"E31512";"e3-15-12";116012;176180
"12227";"E31513";"e3-15-13";116012;176180
"12228";"E31514";"e3-15-14";116012;176180
"12229";"E31521";"e3-15-21";116012;176180
"12230";"E31522";"e3-15-22";116012;176180
"12231";"E31523";"e3-15-23";116012;176180
"12232";"E31524";"e3-15-24";116012;176180
"12233";"E31531";"e3-15-31";116012;176180
"12234";"E31532";"e3-15-32";116012;176180
"12235";"E31533";"e3-15-33";116012;176180
"12236";"E31534";"e3-15-34";116012;176180
"12237";"E31541";"e3-15-41";116012;176180
"12238";"E31542";"e3-15-42";116012;176180
"12239";"E31543";"e3-15-43";116012;176180
"12240";"E31544";"e3-15-44";116012;176180
"12241";"E31611";"e3-16-11";120012;176180
"12242";"E31612";"e3-16-12";120012;176180
"12243";"E31613";"e3-16-13";120012;176180
"12244";"E31614";"e3-16-14";120012;176180
"12245";"E31621";"e3-16-21";120012;176180
"12246";"E31622";"e3-16-22";120012;176180
"12247";"E31623";"e3-16-23";120012;176180
"12248";"E31624";"e3-16-24";120012;176180
"12249";"E31631";"e3-16-31";120012;176180
"12250";"E31632";"e3-16-32";120012;176180
"12251";"E31633";"e3-16-33";120012;176180
"12252";"E31634";"e3-16-34";120012;176180
"12253";"E31641";"e3-16-41";120012;176180
"12254";"E31642";"e3-16-42";120012;176180
"12255";"E31643";"e3-16-43";120012;176180
"12256";"E31644";"e3-16-44";120012;176180
"12257";"E31711";"e3-17-11";124012;176180
"12258";"E31712";"e3-17-12";124012;176180
"12259";"E31713";"e3-17-13";124012;176180
"12260";"E31714";"e3-17-14";124012;176180
"12261";"E31721";"e3-17-21";124012;176180
"12262";"E31722";"e3-17-22";124012;176180
"12263";"E31723";"e3-17-23";124012;176180
"12264";"E31724";"e3-17-24";124012;176180
"12265";"E31731";"e3-17-31";124012;176180
"12266";"E31732";"e3-17-32";124012;176180
"12267";"E31733";"e3-17-33";124012;176180
"12268";"E31734";"e3-17-34";124012;176180
"12269";"E31741";"e3-17-41";124012;176180
"12270";"E31742";"e3-17-42";124012;176180
"12271";"E31743";"e3-17-43";124012;176180
"12272";"E31744";"e3-17-44";124012;176180
"12273";"E31811";"e3-18-11";128012;176180
"12274";"E31812";"e3-18-12";128012;176180
"12275";"E31813";"e3-18-13";128012;176180
"12276";"E31814";"e3-18-14";128012;176180
"12277";"E31821";"e3-18-21";128012;176180
"12278";"E31822";"e3-18-22";128012;176180
"12279";"E31823";"e3-18-23";128012;176180
"12280";"E31824";"e3-18-24";128012;176180
"12281";"E31831";"e3-18-31";128012;176180
"12282";"E31832";"e3-18-32";128012;176180
"12283";"E31833";"e3-18-33";128012;176180
"12284";"E31834";"e3-18-34";128012;176180
"12285";"E31841";"e3-18-41";128012;176180
"12286";"E31842";"e3-18-42";128012;176180
"12287";"E31843";"e3-18-43";128012;176180
"12288";"E31844";"e3-18-44";128012;176180
"12289";"E32111";"e3-21-11";100012;172180
"12290";"E32112";"e3-21-12";100012;172180
"12291";"E32113";"e3-21-13";100012;172180
"12292";"E32114";"e3-21-14";100012;172180
"12293";"E32121";"e3-21-21";100012;172180
"12294";"E32122";"e3-21-22";100012;172180
"12295";"E32123";"e3-21-23";100012;172180
"12296";"E32124";"e3-21-24";100012;172180
"12297";"E32131";"e3-21-31";100012;172180
"12298";"E32132";"e3-21-32";100012;172180
"12299";"E32133";"e3-21-33";100012;172180
"12300";"E32134";"e3-21-34";100012;172180
"12301";"E32141";"e3-21-41";100012;172180
"12302";"E32142";"e3-21-42";100012;172180
"12303";"E32143";"e3-21-43";100012;172180
"12304";"E32144";"e3-21-44";100012;172180
"12305";"E32211";"e3-22-11";104012;172180
"12306";"E32212";"e3-22-12";104012;172180
"12307";"E32213";"e3-22-13";104012;172180
"12308";"E32214";"e3-22-14";104012;172180
"12309";"E32221";"e3-22-21";104012;172180
"12310";"E32222";"e3-22-22";104012;172180
"12311";"E32223";"e3-22-23";104012;172180
"12312";"E32224";"e3-22-24";104012;172180
"12313";"E32231";"e3-22-31";104012;172180
"12314";"E32232";"e3-22-32";104012;172180
"12315";"E32233";"e3-22-33";104012;172180
"12316";"E32234";"e3-22-34";104012;172180
"12317";"E32241";"e3-22-41";104012;172180
"12318";"E32242";"e3-22-42";104012;172180
"12319";"E32243";"e3-22-43";104012;172180
"12320";"E32244";"e3-22-44";104012;172180
"12321";"E32311";"e3-23-11";108012;172180
"12322";"E32312";"e3-23-12";108012;172180
"12323";"E32313";"e3-23-13";108012;172180
"12324";"E32314";"e3-23-14";108012;172180
"12325";"E32321";"e3-23-21";108012;172180
"12326";"E32322";"e3-23-22";108012;172180
"12327";"E32323";"e3-23-23";108012;172180
"12328";"E32324";"e3-23-24";108012;172180
"12329";"E32331";"e3-23-31";108012;172180
"12330";"E32332";"e3-23-32";108012;172180
"12331";"E32333";"e3-23-33";108012;172180
"12332";"E32334";"e3-23-34";108012;172180
"12333";"E32341";"e3-23-41";108012;172180
"12334";"E32342";"e3-23-42";108012;172180
"12335";"E32343";"e3-23-43";108012;172180
"12336";"E32344";"e3-23-44";108012;172180
"12337";"E32411";"e3-24-11";112012;172180
"12338";"E32412";"e3-24-12";112012;172180
"12339";"E32413";"e3-24-13";112012;172180
"12340";"E32414";"e3-24-14";112012;172180
"12341";"E32421";"e3-24-21";112012;172180
"12342";"E32422";"e3-24-22";112012;172180
"12343";"E32423";"e3-24-23";112012;172180
"12344";"E32424";"e3-24-24";112012;172180
"12345";"E32431";"e3-24-31";112012;172180
"12346";"E32432";"e3-24-32";112012;172180
"12347";"E32433";"e3-24-33";112012;172180
"12348";"E32434";"e3-24-34";112012;172180
"12349";"E32441";"e3-24-41";112012;172180
"12350";"E32442";"e3-24-42";112012;172180
"12351";"E32443";"e3-24-43";112012;172180
"12352";"E32444";"e3-24-44";112012;172180
"12353";"E32511";"e3-25-11";116012;172180
"12354";"E32512";"e3-25-12";116012;172180
"12355";"E32513";"e3-25-13";116012;172180
"12356";"E32514";"e3-25-14";116012;172180
"12357";"E32521";"e3-25-21";116012;172180
"12358";"E32522";"e3-25-22";116012;172180
"12359";"E32523";"e3-25-23";116012;172180
"12360";"E32524";"e3-25-24";116012;172180
"12361";"E32531";"e3-25-31";116012;172180
"12362";"E32532";"e3-25-32";116012;172180
"12363";"E32533";"e3-25-33";116012;172180
"12364";"E32534";"e3-25-34";116012;172180
"12365";"E32541";"e3-25-41";116012;172180
"12366";"E32542";"e3-25-42";116012;172180
"12367";"E32543";"e3-25-43";116012;172180
"12368";"E32544";"e3-25-44";116012;172180
"12369";"E32611";"e3-26-11";120012;172180
"12370";"E32612";"e3-26-12";120012;172180
"12371";"E32613";"e3-26-13";120012;172180
"12372";"E32614";"e3-26-14";120012;172180
"12373";"E32621";"e3-26-21";120012;172180
"12374";"E32622";"e3-26-22";120012;172180
"12375";"E32623";"e3-26-23";120012;172180
"12376";"E32624";"e3-26-24";120012;172180
"12377";"E32631";"e3-26-31";120012;172180
"12378";"E32632";"e3-26-32";120012;172180
"12379";"E32633";"e3-26-33";120012;172180
"12380";"E32634";"e3-26-34";120012;172180
"12381";"E32641";"e3-26-41";120012;172180
"12382";"E32642";"e3-26-42";120012;172180
"12383";"E32643";"e3-26-43";120012;172180
"12384";"E32644";"e3-26-44";120012;172180
"12385";"E32711";"e3-27-11";124012;172180
"12386";"E32712";"e3-27-12";124012;172180
"12387";"E32713";"e3-27-13";124012;172180
"12388";"E32714";"e3-27-14";124012;172180
"12389";"E32721";"e3-27-21";124012;172180
"12390";"E32722";"e3-27-22";124012;172180
"12391";"E32723";"e3-27-23";124012;172180
"12392";"E32724";"e3-27-24";124012;172180
"12393";"E32731";"e3-27-31";124012;172180
"12394";"E32732";"e3-27-32";124012;172180
"12395";"E32733";"e3-27-33";124012;172180
"12396";"E32734";"e3-27-34";124012;172180
"12397";"E32741";"e3-27-41";124012;172180
"12398";"E32742";"e3-27-42";124012;172180
"12399";"E32743";"e3-27-43";124012;172180
"12400";"E32744";"e3-27-44";124012;172180
"12401";"E32811";"e3-28-11";128012;172180
"12402";"E32812";"e3-28-12";128012;172180
"12403";"E32813";"e3-28-13";128012;172180
"12404";"E32814";"e3-28-14";128012;172180
"12405";"E32821";"e3-28-21";128012;172180
"12406";"E32822";"e3-28-22";128012;172180
"12407";"E32823";"e3-28-23";128012;172180
"12408";"E32824";"e3-28-24";128012;172180
"12409";"E32831";"e3-28-31";128012;172180
"12410";"E32832";"e3-28-32";128012;172180
"12411";"E32833";"e3-28-33";128012;172180
"12412";"E32834";"e3-28-34";128012;172180
"12413";"E32841";"e3-28-41";128012;172180
"12414";"E32842";"e3-28-42";128012;172180
"12415";"E32843";"e3-28-43";128012;172180
"12416";"E32844";"e3-28-44";128012;172180
"12417";"E33111";"e3-31-11";100012;168180
"12418";"E33112";"e3-31-12";100012;168180
"12419";"E33113";"e3-31-13";100012;168180
"12420";"E33114";"e3-31-14";100012;168180
"12421";"E33121";"e3-31-21";100012;168180
"12422";"E33122";"e3-31-22";100012;168180
"12423";"E33123";"e3-31-23";100012;168180
"12424";"E33124";"e3-31-24";100012;168180
"12425";"E33131";"e3-31-31";100012;168180
"12426";"E33132";"e3-31-32";100012;168180
"12427";"E33133";"e3-31-33";100012;168180
"12428";"E33134";"e3-31-34";100012;168180
"12429";"E33141";"e3-31-41";100012;168180
"12430";"E33142";"e3-31-42";100012;168180
"12431";"E33143";"e3-31-43";100012;168180
"12432";"E33144";"e3-31-44";100012;168180
"12433";"E33211";"e3-32-11";104012;168180
"12434";"E33212";"e3-32-12";104012;168180
"12435";"E33213";"e3-32-13";104012;168180
"12436";"E33214";"e3-32-14";104012;168180
"12437";"E33221";"e3-32-21";104012;168180
"12438";"E33222";"e3-32-22";104012;168180
"12439";"E33223";"e3-32-23";104012;168180
"12440";"E33224";"e3-32-24";104012;168180
"12441";"E33231";"e3-32-31";104012;168180
"12442";"E33232";"e3-32-32";104012;168180
"12443";"E33233";"e3-32-33";104012;168180
"12444";"E33234";"e3-32-34";104012;168180
"12445";"E33241";"e3-32-41";104012;168180
"12446";"E33242";"e3-32-42";104012;168180
"12447";"E33243";"e3-32-43";104012;168180
"12448";"E33244";"e3-32-44";104012;168180
"12449";"E33311";"e3-33-11";108012;168180
"12450";"E33312";"e3-33-12";108012;168180
"12451";"E33313";"e3-33-13";108012;168180
"12452";"E33314";"e3-33-14";108012;168180
"12453";"E33321";"e3-33-21";108012;168180
"12454";"E33322";"e3-33-22";108012;168180
"12455";"E33323";"e3-33-23";108012;168180
"12456";"E33324";"e3-33-24";108012;168180
"12457";"E33331";"e3-33-31";108012;168180
"12458";"E33332";"e3-33-32";108012;168180
"12459";"E33333";"e3-33-33";108012;168180
"12460";"E33334";"e3-33-34";108012;168180
"12461";"E33341";"e3-33-41";108012;168180
"12462";"E33342";"e3-33-42";108012;168180
"12463";"E33343";"e3-33-43";108012;168180
"12464";"E33344";"e3-33-44";108012;168180
"12465";"E33411";"e3-34-11";112012;168180
"12466";"E33412";"e3-34-12";112012;168180
"12467";"E33413";"e3-34-13";112012;168180
"12468";"E33414";"e3-34-14";112012;168180
"12469";"E33421";"e3-34-21";112012;168180
"12470";"E33422";"e3-34-22";112012;168180
"12471";"E33423";"e3-34-23";112012;168180
"12472";"E33424";"e3-34-24";112012;168180
"12473";"E33431";"e3-34-31";112012;168180
"12474";"E33432";"e3-34-32";112012;168180
"12475";"E33433";"e3-34-33";112012;168180
"12476";"E33434";"e3-34-34";112012;168180
"12477";"E33441";"e3-34-41";112012;168180
"12478";"E33442";"e3-34-42";112012;168180
"12479";"E33443";"e3-34-43";112012;168180
"12480";"E33444";"e3-34-44";112012;168180
"12481";"E33511";"e3-35-11";116012;168180
"12482";"E33512";"e3-35-12";116012;168180
"12483";"E33513";"e3-35-13";116012;168180
"12484";"E33514";"e3-35-14";116012;168180
"12485";"E33521";"e3-35-21";116012;168180
"12486";"E33522";"e3-35-22";116012;168180
"12487";"E33523";"e3-35-23";116012;168180
"12488";"E33524";"e3-35-24";116012;168180
"12489";"E33531";"e3-35-31";116012;168180
"12490";"E33532";"e3-35-32";116012;168180
"12491";"E33533";"e3-35-33";116012;168180
"12492";"E33534";"e3-35-34";116012;168180
"12493";"E33541";"e3-35-41";116012;168180
"12494";"E33542";"e3-35-42";116012;168180
"12495";"E33543";"e3-35-43";116012;168180
"12496";"E33544";"e3-35-44";116012;168180
"12497";"E33611";"e3-36-11";120012;168180
"12498";"E33612";"e3-36-12";120012;168180
"12499";"E33613";"e3-36-13";120012;168180
"12500";"E33614";"e3-36-14";120012;168180
"12501";"E33621";"e3-36-21";120012;168180
"12502";"E33622";"e3-36-22";120012;168180
"12503";"E33623";"e3-36-23";120012;168180
"12504";"E33624";"e3-36-24";120012;168180
"12505";"E33631";"e3-36-31";120012;168180
"12506";"E33632";"e3-36-32";120012;168180
"12507";"E33633";"e3-36-33";120012;168180
"12508";"E33634";"e3-36-34";120012;168180
"12509";"E33641";"e3-36-41";120012;168180
"12510";"E33642";"e3-36-42";120012;168180
"12511";"E33643";"e3-36-43";120012;168180
"12512";"E33644";"e3-36-44";120012;168180
"12513";"E33711";"e3-37-11";124012;168180
"12514";"E33712";"e3-37-12";124012;168180
"12515";"E33713";"e3-37-13";124012;168180
"12516";"E33714";"e3-37-14";124012;168180
"12517";"E33721";"e3-37-21";124012;168180
"12518";"E33722";"e3-37-22";124012;168180
"12519";"E33723";"e3-37-23";124012;168180
"12520";"E33724";"e3-37-24";124012;168180
"12521";"E33731";"e3-37-31";124012;168180
"12522";"E33732";"e3-37-32";124012;168180
"12523";"E33733";"e3-37-33";124012;168180
"12524";"E33734";"e3-37-34";124012;168180
"12525";"E33741";"e3-37-41";124012;168180
"12526";"E33742";"e3-37-42";124012;168180
"12527";"E33743";"e3-37-43";124012;168180
"12528";"E33744";"e3-37-44";124012;168180
"12529";"E33811";"e3-38-11";128012;168180
"12530";"E33812";"e3-38-12";128012;168180
"12531";"E33813";"e3-38-13";128012;168180
"12532";"E33814";"e3-38-14";128012;168180
"12533";"E33821";"e3-38-21";128012;168180
"12534";"E33822";"e3-38-22";128012;168180
"12535";"E33823";"e3-38-23";128012;168180
"12536";"E33824";"e3-38-24";128012;168180
"12537";"E33831";"e3-38-31";128012;168180
"12538";"E33832";"e3-38-32";128012;168180
"12539";"E33833";"e3-38-33";128012;168180
"12540";"E33834";"e3-38-34";128012;168180
"12541";"E33841";"e3-38-41";128012;168180
"12542";"E33842";"e3-38-42";128012;168180
"12543";"E33843";"e3-38-43";128012;168180
"12544";"E33844";"e3-38-44";128012;168180
"12545";"E34111";"e3-41-11";100012;164180
"12546";"E34112";"e3-41-12";100012;164180
"12547";"E34113";"e3-41-13";100012;164180
"12548";"E34114";"e3-41-14";100012;164180
"12549";"E34121";"e3-41-21";100012;164180
"12550";"E34122";"e3-41-22";100012;164180
"12551";"E34123";"e3-41-23";100012;164180
"12552";"E34124";"e3-41-24";100012;164180
"12553";"E34131";"e3-41-31";100012;164180
"12554";"E34132";"e3-41-32";100012;164180
"12555";"E34133";"e3-41-33";100012;164180
"12556";"E34134";"e3-41-34";100012;164180
"12557";"E34141";"e3-41-41";100012;164180
"12558";"E34142";"e3-41-42";100012;164180
"12559";"E34143";"e3-41-43";100012;164180
"12560";"E34144";"e3-41-44";100012;164180
"12561";"E34211";"e3-42-11";104012;164180
"12562";"E34212";"e3-42-12";104012;164180
"12563";"E34213";"e3-42-13";104012;164180
"12564";"E34214";"e3-42-14";104012;164180
"12565";"E34221";"e3-42-21";104012;164180
"12566";"E34222";"e3-42-22";104012;164180
"12567";"E34223";"e3-42-23";104012;164180
"12568";"E34224";"e3-42-24";104012;164180
"12569";"E34231";"e3-42-31";104012;164180
"12570";"E34232";"e3-42-32";104012;164180
"12571";"E34233";"e3-42-33";104012;164180
"12572";"E34234";"e3-42-34";104012;164180
"12573";"E34241";"e3-42-41";104012;164180
"12574";"E34242";"e3-42-42";104012;164180
"12575";"E34243";"e3-42-43";104012;164180
"12576";"E34244";"e3-42-44";104012;164180
"12577";"E34311";"e3-43-11";108012;164180
"12578";"E34312";"e3-43-12";108012;164180
"12579";"E34313";"e3-43-13";108012;164180
"12580";"E34314";"e3-43-14";108012;164180
"12581";"E34321";"e3-43-21";108012;164180
"12582";"E34322";"e3-43-22";108012;164180
"12583";"E34323";"e3-43-23";108012;164180
"12584";"E34324";"e3-43-24";108012;164180
"12585";"E34331";"e3-43-31";108012;164180
"12586";"E34332";"e3-43-32";108012;164180
"12587";"E34333";"e3-43-33";108012;164180
"12588";"E34334";"e3-43-34";108012;164180
"12589";"E34341";"e3-43-41";108012;164180
"12590";"E34342";"e3-43-42";108012;164180
"12591";"E34343";"e3-43-43";108012;164180
"12592";"E34344";"e3-43-44";108012;164180
"12593";"E34411";"e3-44-11";112012;164180
"12594";"E34412";"e3-44-12";112012;164180
"12595";"E34413";"e3-44-13";112012;164180
"12596";"E34414";"e3-44-14";112012;164180
"12597";"E34421";"e3-44-21";112012;164180
"12598";"E34422";"e3-44-22";112012;164180
"12599";"E34423";"e3-44-23";112012;164180
"12600";"E34424";"e3-44-24";112012;164180
"12601";"E34431";"e3-44-31";112012;164180
"12602";"E34432";"e3-44-32";112012;164180
"12603";"E34433";"e3-44-33";112012;164180
"12604";"E34434";"e3-44-34";112012;164180
"12605";"E34441";"e3-44-41";112012;164180
"12606";"E34442";"e3-44-42";112012;164180
"12607";"E34443";"e3-44-43";112012;164180
"12608";"E34444";"e3-44-44";112012;164180
"12609";"E34511";"e3-45-11";116012;164180
"12610";"E34512";"e3-45-12";116012;164180
"12611";"E34513";"e3-45-13";116012;164180
"12612";"E34514";"e3-45-14";116012;164180
"12613";"E34521";"e3-45-21";116012;164180
"12614";"E34522";"e3-45-22";116012;164180
"12615";"E34523";"e3-45-23";116012;164180
"12616";"E34524";"e3-45-24";116012;164180
"12617";"E34531";"e3-45-31";116012;164180
"12618";"E34532";"e3-45-32";116012;164180
"12619";"E34533";"e3-45-33";116012;164180
"12620";"E34534";"e3-45-34";116012;164180
"12621";"E34541";"e3-45-41";116012;164180
"12622";"E34542";"e3-45-42";116012;164180
"12623";"E34543";"e3-45-43";116012;164180
"12624";"E34544";"e3-45-44";116012;164180
"12625";"E34611";"e3-46-11";120012;164180
"12626";"E34612";"e3-46-12";120012;164180
"12627";"E34613";"e3-46-13";120012;164180
"12628";"E34614";"e3-46-14";120012;164180
"12629";"E34621";"e3-46-21";120012;164180
"12630";"E34622";"e3-46-22";120012;164180
"12631";"E34623";"e3-46-23";120012;164180
"12632";"E34624";"e3-46-24";120012;164180
"12633";"E34631";"e3-46-31";120012;164180
"12634";"E34632";"e3-46-32";120012;164180
"12635";"E34633";"e3-46-33";120012;164180
"12636";"E34634";"e3-46-34";120012;164180
"12637";"E34641";"e3-46-41";120012;164180
"12638";"E34642";"e3-46-42";120012;164180
"12639";"E34643";"e3-46-43";120012;164180
"12640";"E34644";"e3-46-44";120012;164180
"12641";"E34711";"e3-47-11";124012;164180
"12642";"E34712";"e3-47-12";124012;164180
"12643";"E34713";"e3-47-13";124012;164180
"12644";"E34714";"e3-47-14";124012;164180
"12645";"E34721";"e3-47-21";124012;164180
"12646";"E34722";"e3-47-22";124012;164180
"12647";"E34723";"e3-47-23";124012;164180
"12648";"E34724";"e3-47-24";124012;164180
"12649";"E34731";"e3-47-31";124012;164180
"12650";"E34732";"e3-47-32";124012;164180
"12651";"E34733";"e3-47-33";124012;164180
"12652";"E34734";"e3-47-34";124012;164180
"12653";"E34741";"e3-47-41";124012;164180
"12654";"E34742";"e3-47-42";124012;164180
"12655";"E34743";"e3-47-43";124012;164180
"12656";"E34744";"e3-47-44";124012;164180
"12657";"E34811";"e3-48-11";128012;164180
"12658";"E34812";"e3-48-12";128012;164180
"12659";"E34813";"e3-48-13";128012;164180
"12660";"E34814";"e3-48-14";128012;164180
"12661";"E34821";"e3-48-21";128012;164180
"12662";"E34822";"e3-48-22";128012;164180
"12663";"E34823";"e3-48-23";128012;164180
"12664";"E34824";"e3-48-24";128012;164180
"12665";"E34831";"e3-48-31";128012;164180
"12666";"E34832";"e3-48-32";128012;164180
"12667";"E34833";"e3-48-33";128012;164180
"12668";"E34834";"e3-48-34";128012;164180
"12669";"E34841";"e3-48-41";128012;164180
"12670";"E34842";"e3-48-42";128012;164180
"12671";"E34843";"e3-48-43";128012;164180
"12672";"E34844";"e3-48-44";128012;164180
"12673";"E35111";"e3-51-11";100012;160180
"12674";"E35112";"e3-51-12";100012;160180
"12675";"E35113";"e3-51-13";100012;160180
"12676";"E35114";"e3-51-14";100012;160180
"12677";"E35121";"e3-51-21";100012;160180
"12678";"E35122";"e3-51-22";100012;160180
"12679";"E35123";"e3-51-23";100012;160180
"12680";"E35124";"e3-51-24";100012;160180
"12681";"E35131";"e3-51-31";100012;160180
"12682";"E35132";"e3-51-32";100012;160180
"12683";"E35133";"e3-51-33";100012;160180
"12684";"E35134";"e3-51-34";100012;160180
"12685";"E35141";"e3-51-41";100012;160180
"12686";"E35142";"e3-51-42";100012;160180
"12687";"E35143";"e3-51-43";100012;160180
"12688";"E35144";"e3-51-44";100012;160180
"12689";"E35211";"e3-52-11";104012;160180
"12690";"E35212";"e3-52-12";104012;160180
"12691";"E35213";"e3-52-13";104012;160180
"12692";"E35214";"e3-52-14";104012;160180
"12693";"E35221";"e3-52-21";104012;160180
"12694";"E35222";"e3-52-22";104012;160180
"12695";"E35223";"e3-52-23";104012;160180
"12696";"E35224";"e3-52-24";104012;160180
"12697";"E35231";"e3-52-31";104012;160180
"12698";"E35232";"e3-52-32";104012;160180
"12699";"E35233";"e3-52-33";104012;160180
"12700";"E35234";"e3-52-34";104012;160180
"12701";"E35241";"e3-52-41";104012;160180
"12702";"E35242";"e3-52-42";104012;160180
"12703";"E35243";"e3-52-43";104012;160180
"12704";"E35244";"e3-52-44";104012;160180
"12705";"E35311";"e3-53-11";108012;160180
"12706";"E35312";"e3-53-12";108012;160180
"12707";"E35313";"e3-53-13";108012;160180
"12708";"E35314";"e3-53-14";108012;160180
"12709";"E35321";"e3-53-21";108012;160180
"12710";"E35322";"e3-53-22";108012;160180
"12711";"E35323";"e3-53-23";108012;160180
"12712";"E35324";"e3-53-24";108012;160180
"12713";"E35331";"e3-53-31";108012;160180
"12714";"E35332";"e3-53-32";108012;160180
"12715";"E35333";"e3-53-33";108012;160180
"12716";"E35334";"e3-53-34";108012;160180
"12717";"E35341";"e3-53-41";108012;160180
"12718";"E35342";"e3-53-42";108012;160180
"12719";"E35343";"e3-53-43";108012;160180
"12720";"E35344";"e3-53-44";108012;160180
"12721";"E35411";"e3-54-11";112012;160180
"12722";"E35412";"e3-54-12";112012;160180
"12723";"E35413";"e3-54-13";112012;160180
"12724";"E35414";"e3-54-14";112012;160180
"12725";"E35421";"e3-54-21";112012;160180
"12726";"E35422";"e3-54-22";112012;160180
"12727";"E35423";"e3-54-23";112012;160180
"12728";"E35424";"e3-54-24";112012;160180
"12729";"E35431";"e3-54-31";112012;160180
"12730";"E35432";"e3-54-32";112012;160180
"12731";"E35433";"e3-54-33";112012;160180
"12732";"E35434";"e3-54-34";112012;160180
"12733";"E35441";"e3-54-41";112012;160180
"12734";"E35442";"e3-54-42";112012;160180
"12735";"E35443";"e3-54-43";112012;160180
"12736";"E35444";"e3-54-44";112012;160180
"12737";"E35511";"e3-55-11";116012;160180
"12738";"E35512";"e3-55-12";116012;160180
"12739";"E35513";"e3-55-13";116012;160180
"12740";"E35514";"e3-55-14";116012;160180
"12741";"E35521";"e3-55-21";116012;160180
"12742";"E35522";"e3-55-22";116012;160180
"12743";"E35523";"e3-55-23";116012;160180
"12744";"E35524";"e3-55-24";116012;160180
"12745";"E35531";"e3-55-31";116012;160180
"12746";"E35532";"e3-55-32";116012;160180
"12747";"E35533";"e3-55-33";116012;160180
"12748";"E35534";"e3-55-34";116012;160180
"12749";"E35541";"e3-55-41";116012;160180
"12750";"E35542";"e3-55-42";116012;160180
"12751";"E35543";"e3-55-43";116012;160180
"12752";"E35544";"e3-55-44";116012;160180
"12753";"E35611";"e3-56-11";120012;160180
"12754";"E35612";"e3-56-12";120012;160180
"12755";"E35613";"e3-56-13";120012;160180
"12756";"E35614";"e3-56-14";120012;160180
"12757";"E35621";"e3-56-21";120012;160180
"12758";"E35622";"e3-56-22";120012;160180
"12759";"E35623";"e3-56-23";120012;160180
"12760";"E35624";"e3-56-24";120012;160180
"12761";"E35631";"e3-56-31";120012;160180
"12762";"E35632";"e3-56-32";120012;160180
"12763";"E35633";"e3-56-33";120012;160180
"12764";"E35634";"e3-56-34";120012;160180
"12765";"E35641";"e3-56-41";120012;160180
"12766";"E35642";"e3-56-42";120012;160180
"12767";"E35643";"e3-56-43";120012;160180
"12768";"E35644";"e3-56-44";120012;160180
"12769";"E35711";"e3-57-11";124012;160180
"12770";"E35712";"e3-57-12";124012;160180
"12771";"E35713";"e3-57-13";124012;160180
"12772";"E35714";"e3-57-14";124012;160180
"12773";"E35721";"e3-57-21";124012;160180
"12774";"E35722";"e3-57-22";124012;160180
"12775";"E35723";"e3-57-23";124012;160180
"12776";"E35724";"e3-57-24";124012;160180
"12777";"E35731";"e3-57-31";124012;160180
"12778";"E35732";"e3-57-32";124012;160180
"12779";"E35733";"e3-57-33";124012;160180
"12780";"E35734";"e3-57-34";124012;160180
"12781";"E35741";"e3-57-41";124012;160180
"12782";"E35742";"e3-57-42";124012;160180
"12783";"E35743";"e3-57-43";124012;160180
"12784";"E35744";"e3-57-44";124012;160180
"12785";"E35811";"e3-58-11";128012;160180
"12786";"E35812";"e3-58-12";128012;160180
"12787";"E35813";"e3-58-13";128012;160180
"12788";"E35814";"e3-58-14";128012;160180
"12789";"E35821";"e3-58-21";128012;160180
"12790";"E35822";"e3-58-22";128012;160180
"12791";"E35823";"e3-58-23";128012;160180
"12792";"E35824";"e3-58-24";128012;160180
"12793";"E35831";"e3-58-31";128012;160180
"12794";"E35832";"e3-58-32";128012;160180
"12795";"E35833";"e3-58-33";128012;160180
"12796";"E35834";"e3-58-34";128012;160180
"12797";"E35841";"e3-58-41";128012;160180
"12798";"E35842";"e3-58-42";128012;160180
"12799";"E35843";"e3-58-43";128012;160180
"12800";"E35844";"e3-58-44";128012;160180
"12801";"E41111";"e4-11-11";132012;176180
"12802";"E41112";"e4-11-12";132012;176180
"12803";"E41113";"e4-11-13";132012;176180
"12804";"E41114";"e4-11-14";132012;176180
"12805";"E41121";"e4-11-21";132012;176180
"12806";"E41122";"e4-11-22";132012;176180
"12807";"E41123";"e4-11-23";132012;176180
"12808";"E41124";"e4-11-24";132012;176180
"12809";"E41131";"e4-11-31";132012;176180
"12810";"E41132";"e4-11-32";132012;176180
"12811";"E41133";"e4-11-33";132012;176180
"12812";"E41134";"e4-11-34";132012;176180
"12813";"E41141";"e4-11-41";132012;176180
"12814";"E41142";"e4-11-42";132012;176180
"12815";"E41143";"e4-11-43";132012;176180
"12816";"E41144";"e4-11-44";132012;176180
"12817";"E41211";"e4-12-11";136012;176180
"12818";"E41212";"e4-12-12";136012;176180
"12819";"E41213";"e4-12-13";136012;176180
"12820";"E41214";"e4-12-14";136012;176180
"12821";"E41221";"e4-12-21";136012;176180
"12822";"E41222";"e4-12-22";136012;176180
"12823";"E41223";"e4-12-23";136012;176180
"12824";"E41224";"e4-12-24";136012;176180
"12825";"E41231";"e4-12-31";136012;176180
"12826";"E41232";"e4-12-32";136012;176180
"12827";"E41233";"e4-12-33";136012;176180
"12828";"E41234";"e4-12-34";136012;176180
"12829";"E41241";"e4-12-41";136012;176180
"12830";"E41242";"e4-12-42";136012;176180
"12831";"E41243";"e4-12-43";136012;176180
"12832";"E41244";"e4-12-44";136012;176180
"12833";"E41311";"e4-13-11";140012;176180
"12834";"E41312";"e4-13-12";140012;176180
"12835";"E41313";"e4-13-13";140012;176180
"12836";"E41314";"e4-13-14";140012;176180
"12837";"E41321";"e4-13-21";140012;176180
"12838";"E41322";"e4-13-22";140012;176180
"12839";"E41323";"e4-13-23";140012;176180
"12840";"E41324";"e4-13-24";140012;176180
"12841";"E41331";"e4-13-31";140012;176180
"12842";"E41332";"e4-13-32";140012;176180
"12843";"E41333";"e4-13-33";140012;176180
"12844";"E41334";"e4-13-34";140012;176180
"12845";"E41341";"e4-13-41";140012;176180
"12846";"E41342";"e4-13-42";140012;176180
"12847";"E41343";"e4-13-43";140012;176180
"12848";"E41344";"e4-13-44";140012;176180
"12849";"E41411";"e4-14-11";144012;176180
"12850";"E41412";"e4-14-12";144012;176180
"12851";"E41413";"e4-14-13";144012;176180
"12852";"E41414";"e4-14-14";144012;176180
"12853";"E41421";"e4-14-21";144012;176180
"12854";"E41422";"e4-14-22";144012;176180
"12855";"E41423";"e4-14-23";144012;176180
"12856";"E41424";"e4-14-24";144012;176180
"12857";"E41431";"e4-14-31";144012;176180
"12858";"E41432";"e4-14-32";144012;176180
"12859";"E41433";"e4-14-33";144012;176180
"12860";"E41434";"e4-14-34";144012;176180
"12861";"E41441";"e4-14-41";144012;176180
"12862";"E41442";"e4-14-42";144012;176180
"12863";"E41443";"e4-14-43";144012;176180
"12864";"E41444";"e4-14-44";144012;176180
"12865";"E41511";"e4-15-11";148012;176180
"12866";"E41512";"e4-15-12";148012;176180
"12867";"E41513";"e4-15-13";148012;176180
"12868";"E41514";"e4-15-14";148012;176180
"12869";"E41521";"e4-15-21";148012;176180
"12870";"E41522";"e4-15-22";148012;176180
"12871";"E41523";"e4-15-23";148012;176180
"12872";"E41524";"e4-15-24";148012;176180
"12873";"E41531";"e4-15-31";148012;176180
"12874";"E41532";"e4-15-32";148012;176180
"12875";"E41533";"e4-15-33";148012;176180
"12876";"E41534";"e4-15-34";148012;176180
"12877";"E41541";"e4-15-41";148012;176180
"12878";"E41542";"e4-15-42";148012;176180
"12879";"E41543";"e4-15-43";148012;176180
"12880";"E41544";"e4-15-44";148012;176180
"12881";"E41611";"e4-16-11";152012;176180
"12882";"E41612";"e4-16-12";152012;176180
"12883";"E41613";"e4-16-13";152012;176180
"12884";"E41614";"e4-16-14";152012;176180
"12885";"E41621";"e4-16-21";152012;176180
"12886";"E41622";"e4-16-22";152012;176180
"12887";"E41623";"e4-16-23";152012;176180
"12888";"E41624";"e4-16-24";152012;176180
"12889";"E41631";"e4-16-31";152012;176180
"12890";"E41632";"e4-16-32";152012;176180
"12891";"E41633";"e4-16-33";152012;176180
"12892";"E41634";"e4-16-34";152012;176180
"12893";"E41641";"e4-16-41";152012;176180
"12894";"E41642";"e4-16-42";152012;176180
"12895";"E41643";"e4-16-43";152012;176180
"12896";"E41644";"e4-16-44";152012;176180
"12897";"E41711";"e4-17-11";156012;176180
"12898";"E41712";"e4-17-12";156012;176180
"12899";"E41713";"e4-17-13";156012;176180
"12900";"E41714";"e4-17-14";156012;176180
"12901";"E41721";"e4-17-21";156012;176180
"12902";"E41722";"e4-17-22";156012;176180
"12903";"E41723";"e4-17-23";156012;176180
"12904";"E41724";"e4-17-24";156012;176180
"12905";"E41731";"e4-17-31";156012;176180
"12906";"E41732";"e4-17-32";156012;176180
"12907";"E41733";"e4-17-33";156012;176180
"12908";"E41734";"e4-17-34";156012;176180
"12909";"E41741";"e4-17-41";156012;176180
"12910";"E41742";"e4-17-42";156012;176180
"12911";"E41743";"e4-17-43";156012;176180
"12912";"E41744";"e4-17-44";156012;176180
"12913";"E41811";"e4-18-11";160012;176180
"12914";"E41812";"e4-18-12";160012;176180
"12915";"E41813";"e4-18-13";160012;176180
"12916";"E41814";"e4-18-14";160012;176180
"12917";"E41821";"e4-18-21";160012;176180
"12918";"E41822";"e4-18-22";160012;176180
"12919";"E41823";"e4-18-23";160012;176180
"12920";"E41824";"e4-18-24";160012;176180
"12921";"E41831";"e4-18-31";160012;176180
"12922";"E41832";"e4-18-32";160012;176180
"12923";"E41833";"e4-18-33";160012;176180
"12924";"E41834";"e4-18-34";160012;176180
"12925";"E41841";"e4-18-41";160012;176180
"12926";"E41842";"e4-18-42";160012;176180
"12927";"E41843";"e4-18-43";160012;176180
"12928";"E41844";"e4-18-44";160012;176180
"12929";"E42111";"e4-21-11";132012;172180
"12930";"E42112";"e4-21-12";132012;172180
"12931";"E42113";"e4-21-13";132012;172180
"12932";"E42114";"e4-21-14";132012;172180
"12933";"E42121";"e4-21-21";132012;172180
"12934";"E42122";"e4-21-22";132012;172180
"12935";"E42123";"e4-21-23";132012;172180
"12936";"E42124";"e4-21-24";132012;172180
"12937";"E42131";"e4-21-31";132012;172180
"12938";"E42132";"e4-21-32";132012;172180
"12939";"E42133";"e4-21-33";132012;172180
"12940";"E42134";"e4-21-34";132012;172180
"12941";"E42141";"e4-21-41";132012;172180
"12942";"E42142";"e4-21-42";132012;172180
"12943";"E42143";"e4-21-43";132012;172180
"12944";"E42144";"e4-21-44";132012;172180
"12945";"E42211";"e4-22-11";136012;172180
"12946";"E42212";"e4-22-12";136012;172180
"12947";"E42213";"e4-22-13";136012;172180
"12948";"E42214";"e4-22-14";136012;172180
"12949";"E42221";"e4-22-21";136012;172180
"12950";"E42222";"e4-22-22";136012;172180
"12951";"E42223";"e4-22-23";136012;172180
"12952";"E42224";"e4-22-24";136012;172180
"12953";"E42231";"e4-22-31";136012;172180
"12954";"E42232";"e4-22-32";136012;172180
"12955";"E42233";"e4-22-33";136012;172180
"12956";"E42234";"e4-22-34";136012;172180
"12957";"E42241";"e4-22-41";136012;172180
"12958";"E42242";"e4-22-42";136012;172180
"12959";"E42243";"e4-22-43";136012;172180
"12960";"E42244";"e4-22-44";136012;172180
"12961";"E42311";"e4-23-11";140012;172180
"12962";"E42312";"e4-23-12";140012;172180
"12963";"E42313";"e4-23-13";140012;172180
"12964";"E42314";"e4-23-14";140012;172180
"12965";"E42321";"e4-23-21";140012;172180
"12966";"E42322";"e4-23-22";140012;172180
"12967";"E42323";"e4-23-23";140012;172180
"12968";"E42324";"e4-23-24";140012;172180
"12969";"E42331";"e4-23-31";140012;172180
"12970";"E42332";"e4-23-32";140012;172180
"12971";"E42333";"e4-23-33";140012;172180
"12972";"E42334";"e4-23-34";140012;172180
"12973";"E42341";"e4-23-41";140012;172180
"12974";"E42342";"e4-23-42";140012;172180
"12975";"E42343";"e4-23-43";140012;172180
"12976";"E42344";"e4-23-44";140012;172180
"12977";"E42411";"e4-24-11";144012;172180
"12978";"E42412";"e4-24-12";144012;172180
"12979";"E42413";"e4-24-13";144012;172180
"12980";"E42414";"e4-24-14";144012;172180
"12981";"E42421";"e4-24-21";144012;172180
"12982";"E42422";"e4-24-22";144012;172180
"12983";"E42423";"e4-24-23";144012;172180
"12984";"E42424";"e4-24-24";144012;172180
"12985";"E42431";"e4-24-31";144012;172180
"12986";"E42432";"e4-24-32";144012;172180
"12987";"E42433";"e4-24-33";144012;172180
"12988";"E42434";"e4-24-34";144012;172180
"12989";"E42441";"e4-24-41";144012;172180
"12990";"E42442";"e4-24-42";144012;172180
"12991";"E42443";"e4-24-43";144012;172180
"12992";"E42444";"e4-24-44";144012;172180
"12993";"E42511";"e4-25-11";148012;172180
"12994";"E42512";"e4-25-12";148012;172180
"12995";"E42513";"e4-25-13";148012;172180
"12996";"E42514";"e4-25-14";148012;172180
"12997";"E42521";"e4-25-21";148012;172180
"12998";"E42522";"e4-25-22";148012;172180
"12999";"E42523";"e4-25-23";148012;172180
"13000";"E42524";"e4-25-24";148012;172180
"13001";"E42531";"e4-25-31";148012;172180
"13002";"E42532";"e4-25-32";148012;172180
"13003";"E42533";"e4-25-33";148012;172180
"13004";"E42534";"e4-25-34";148012;172180
"13005";"E42541";"e4-25-41";148012;172180
"13006";"E42542";"e4-25-42";148012;172180
"13007";"E42543";"e4-25-43";148012;172180
"13008";"E42544";"e4-25-44";148012;172180
"13009";"E42611";"e4-26-11";152012;172180
"13010";"E42612";"e4-26-12";152012;172180
"13011";"E42613";"e4-26-13";152012;172180
"13012";"E42614";"e4-26-14";152012;172180
"13013";"E42621";"e4-26-21";152012;172180
"13014";"E42622";"e4-26-22";152012;172180
"13015";"E42623";"e4-26-23";152012;172180
"13016";"E42624";"e4-26-24";152012;172180
"13017";"E42631";"e4-26-31";152012;172180
"13018";"E42632";"e4-26-32";152012;172180
"13019";"E42633";"e4-26-33";152012;172180
"13020";"E42634";"e4-26-34";152012;172180
"13021";"E42641";"e4-26-41";152012;172180
"13022";"E42642";"e4-26-42";152012;172180
"13023";"E42643";"e4-26-43";152012;172180
"13024";"E42644";"e4-26-44";152012;172180
"13025";"E42711";"e4-27-11";156012;172180
"13026";"E42712";"e4-27-12";156012;172180
"13027";"E42713";"e4-27-13";156012;172180
"13028";"E42714";"e4-27-14";156012;172180
"13029";"E42721";"e4-27-21";156012;172180
"13030";"E42722";"e4-27-22";156012;172180
"13031";"E42723";"e4-27-23";156012;172180
"13032";"E42724";"e4-27-24";156012;172180
"13033";"E42731";"e4-27-31";156012;172180
"13034";"E42732";"e4-27-32";156012;172180
"13035";"E42733";"e4-27-33";156012;172180
"13036";"E42734";"e4-27-34";156012;172180
"13037";"E42741";"e4-27-41";156012;172180
"13038";"E42742";"e4-27-42";156012;172180
"13039";"E42743";"e4-27-43";156012;172180
"13040";"E42744";"e4-27-44";156012;172180
"13041";"E42811";"e4-28-11";160012;172180
"13042";"E42812";"e4-28-12";160012;172180
"13043";"E42813";"e4-28-13";160012;172180
"13044";"E42814";"e4-28-14";160012;172180
"13045";"E42821";"e4-28-21";160012;172180
"13046";"E42822";"e4-28-22";160012;172180
"13047";"E42823";"e4-28-23";160012;172180
"13048";"E42824";"e4-28-24";160012;172180
"13049";"E42831";"e4-28-31";160012;172180
"13050";"E42832";"e4-28-32";160012;172180
"13051";"E42833";"e4-28-33";160012;172180
"13052";"E42834";"e4-28-34";160012;172180
"13053";"E42841";"e4-28-41";160012;172180
"13054";"E42842";"e4-28-42";160012;172180
"13055";"E42843";"e4-28-43";160012;172180
"13056";"E42844";"e4-28-44";160012;172180
"13057";"E43111";"e4-31-11";132012;168180
"13058";"E43112";"e4-31-12";132012;168180
"13059";"E43113";"e4-31-13";132012;168180
"13060";"E43114";"e4-31-14";132012;168180
"13061";"E43121";"e4-31-21";132012;168180
"13062";"E43122";"e4-31-22";132012;168180
"13063";"E43123";"e4-31-23";132012;168180
"13064";"E43124";"e4-31-24";132012;168180
"13065";"E43131";"e4-31-31";132012;168180
"13066";"E43132";"e4-31-32";132012;168180
"13067";"E43133";"e4-31-33";132012;168180
"13068";"E43134";"e4-31-34";132012;168180
"13069";"E43141";"e4-31-41";132012;168180
"13070";"E43142";"e4-31-42";132012;168180
"13071";"E43143";"e4-31-43";132012;168180
"13072";"E43144";"e4-31-44";132012;168180
"13073";"E43211";"e4-32-11";136012;168180
"13074";"E43212";"e4-32-12";136012;168180
"13075";"E43213";"e4-32-13";136012;168180
"13076";"E43214";"e4-32-14";136012;168180
"13077";"E43221";"e4-32-21";136012;168180
"13078";"E43222";"e4-32-22";136012;168180
"13079";"E43223";"e4-32-23";136012;168180
"13080";"E43224";"e4-32-24";136012;168180
"13081";"E43231";"e4-32-31";136012;168180
"13082";"E43232";"e4-32-32";136012;168180
"13083";"E43233";"e4-32-33";136012;168180
"13084";"E43234";"e4-32-34";136012;168180
"13085";"E43241";"e4-32-41";136012;168180
"13086";"E43242";"e4-32-42";136012;168180
"13087";"E43243";"e4-32-43";136012;168180
"13088";"E43244";"e4-32-44";136012;168180
"13089";"E43311";"e4-33-11";140012;168180
"13090";"E43312";"e4-33-12";140012;168180
"13091";"E43313";"e4-33-13";140012;168180
"13092";"E43314";"e4-33-14";140012;168180
"13093";"E43321";"e4-33-21";140012;168180
"13094";"E43322";"e4-33-22";140012;168180
"13095";"E43323";"e4-33-23";140012;168180
"13096";"E43324";"e4-33-24";140012;168180
"13097";"E43331";"e4-33-31";140012;168180
"13098";"E43332";"e4-33-32";140012;168180
"13099";"E43333";"e4-33-33";140012;168180
"13100";"E43334";"e4-33-34";140012;168180
"13101";"E43341";"e4-33-41";140012;168180
"13102";"E43342";"e4-33-42";140012;168180
"13103";"E43343";"e4-33-43";140012;168180
"13104";"E43344";"e4-33-44";140012;168180
"13105";"E43411";"e4-34-11";144012;168180
"13106";"E43412";"e4-34-12";144012;168180
"13107";"E43413";"e4-34-13";144012;168180
"13108";"E43414";"e4-34-14";144012;168180
"13109";"E43421";"e4-34-21";144012;168180
"13110";"E43422";"e4-34-22";144012;168180
"13111";"E43423";"e4-34-23";144012;168180
"13112";"E43424";"e4-34-24";144012;168180
"13113";"E43431";"e4-34-31";144012;168180
"13114";"E43432";"e4-34-32";144012;168180
"13115";"E43433";"e4-34-33";144012;168180
"13116";"E43434";"e4-34-34";144012;168180
"13117";"E43441";"e4-34-41";144012;168180
"13118";"E43442";"e4-34-42";144012;168180
"13119";"E43443";"e4-34-43";144012;168180
"13120";"E43444";"e4-34-44";144012;168180
"13121";"E43511";"e4-35-11";148012;168180
"13122";"E43512";"e4-35-12";148012;168180
"13123";"E43513";"e4-35-13";148012;168180
"13124";"E43514";"e4-35-14";148012;168180
"13125";"E43521";"e4-35-21";148012;168180
"13126";"E43522";"e4-35-22";148012;168180
"13127";"E43523";"e4-35-23";148012;168180
"13128";"E43524";"e4-35-24";148012;168180
"13129";"E43531";"e4-35-31";148012;168180
"13130";"E43532";"e4-35-32";148012;168180
"13131";"E43533";"e4-35-33";148012;168180
"13132";"E43534";"e4-35-34";148012;168180
"13133";"E43541";"e4-35-41";148012;168180
"13134";"E43542";"e4-35-42";148012;168180
"13135";"E43543";"e4-35-43";148012;168180
"13136";"E43544";"e4-35-44";148012;168180
"13137";"E43611";"e4-36-11";152012;168180
"13138";"E43612";"e4-36-12";152012;168180
"13139";"E43613";"e4-36-13";152012;168180
"13140";"E43614";"e4-36-14";152012;168180
"13141";"E43621";"e4-36-21";152012;168180
"13142";"E43622";"e4-36-22";152012;168180
"13143";"E43623";"e4-36-23";152012;168180
"13144";"E43624";"e4-36-24";152012;168180
"13145";"E43631";"e4-36-31";152012;168180
"13146";"E43632";"e4-36-32";152012;168180
"13147";"E43633";"e4-36-33";152012;168180
"13148";"E43634";"e4-36-34";152012;168180
"13149";"E43641";"e4-36-41";152012;168180
"13150";"E43642";"e4-36-42";152012;168180
"13151";"E43643";"e4-36-43";152012;168180
"13152";"E43644";"e4-36-44";152012;168180
"13153";"E43711";"e4-37-11";156012;168180
"13154";"E43712";"e4-37-12";156012;168180
"13155";"E43713";"e4-37-13";156012;168180
"13156";"E43714";"e4-37-14";156012;168180
"13157";"E43721";"e4-37-21";156012;168180
"13158";"E43722";"e4-37-22";156012;168180
"13159";"E43723";"e4-37-23";156012;168180
"13160";"E43724";"e4-37-24";156012;168180
"13161";"E43731";"e4-37-31";156012;168180
"13162";"E43732";"e4-37-32";156012;168180
"13163";"E43733";"e4-37-33";156012;168180
"13164";"E43734";"e4-37-34";156012;168180
"13165";"E43741";"e4-37-41";156012;168180
"13166";"E43742";"e4-37-42";156012;168180
"13167";"E43743";"e4-37-43";156012;168180
"13168";"E43744";"e4-37-44";156012;168180
"13169";"E43811";"e4-38-11";160012;168180
"13170";"E43812";"e4-38-12";160012;168180
"13171";"E43813";"e4-38-13";160012;168180
"13172";"E43814";"e4-38-14";160012;168180
"13173";"E43821";"e4-38-21";160012;168180
"13174";"E43822";"e4-38-22";160012;168180
"13175";"E43823";"e4-38-23";160012;168180
"13176";"E43824";"e4-38-24";160012;168180
"13177";"E43831";"e4-38-31";160012;168180
"13178";"E43832";"e4-38-32";160012;168180
"13179";"E43833";"e4-38-33";160012;168180
"13180";"E43834";"e4-38-34";160012;168180
"13181";"E43841";"e4-38-41";160012;168180
"13182";"E43842";"e4-38-42";160012;168180
"13183";"E43843";"e4-38-43";160012;168180
"13184";"E43844";"e4-38-44";160012;168180
"13185";"E44111";"e4-41-11";132012;164180
"13186";"E44112";"e4-41-12";132012;164180
"13187";"E44113";"e4-41-13";132012;164180
"13188";"E44114";"e4-41-14";132012;164180
"13189";"E44121";"e4-41-21";132012;164180
"13190";"E44122";"e4-41-22";132012;164180
"13191";"E44123";"e4-41-23";132012;164180
"13192";"E44124";"e4-41-24";132012;164180
"13193";"E44131";"e4-41-31";132012;164180
"13194";"E44132";"e4-41-32";132012;164180
"13195";"E44133";"e4-41-33";132012;164180
"13196";"E44134";"e4-41-34";132012;164180
"13197";"E44141";"e4-41-41";132012;164180
"13198";"E44142";"e4-41-42";132012;164180
"13199";"E44143";"e4-41-43";132012;164180
"13200";"E44144";"e4-41-44";132012;164180
"13201";"E44211";"e4-42-11";136012;164180
"13202";"E44212";"e4-42-12";136012;164180
"13203";"E44213";"e4-42-13";136012;164180
"13204";"E44214";"e4-42-14";136012;164180
"13205";"E44221";"e4-42-21";136012;164180
"13206";"E44222";"e4-42-22";136012;164180
"13207";"E44223";"e4-42-23";136012;164180
"13208";"E44224";"e4-42-24";136012;164180
"13209";"E44231";"e4-42-31";136012;164180
"13210";"E44232";"e4-42-32";136012;164180
"13211";"E44233";"e4-42-33";136012;164180
"13212";"E44234";"e4-42-34";136012;164180
"13213";"E44241";"e4-42-41";136012;164180
"13214";"E44242";"e4-42-42";136012;164180
"13215";"E44243";"e4-42-43";136012;164180
"13216";"E44244";"e4-42-44";136012;164180
"13217";"E44311";"e4-43-11";140012;164180
"13218";"E44312";"e4-43-12";140012;164180
"13219";"E44313";"e4-43-13";140012;164180
"13220";"E44314";"e4-43-14";140012;164180
"13221";"E44321";"e4-43-21";140012;164180
"13222";"E44322";"e4-43-22";140012;164180
"13223";"E44323";"e4-43-23";140012;164180
"13224";"E44324";"e4-43-24";140012;164180
"13225";"E44331";"e4-43-31";140012;164180
"13226";"E44332";"e4-43-32";140012;164180
"13227";"E44333";"e4-43-33";140012;164180
"13228";"E44334";"e4-43-34";140012;164180
"13229";"E44341";"e4-43-41";140012;164180
"13230";"E44342";"e4-43-42";140012;164180
"13231";"E44343";"e4-43-43";140012;164180
"13232";"E44344";"e4-43-44";140012;164180
"13233";"E44411";"e4-44-11";144012;164180
"13234";"E44412";"e4-44-12";144012;164180
"13235";"E44413";"e4-44-13";144012;164180
"13236";"E44414";"e4-44-14";144012;164180
"13237";"E44421";"e4-44-21";144012;164180
"13238";"E44422";"e4-44-22";144012;164180
"13239";"E44423";"e4-44-23";144012;164180
"13240";"E44424";"e4-44-24";144012;164180
"13241";"E44431";"e4-44-31";144012;164180
"13242";"E44432";"e4-44-32";144012;164180
"13243";"E44433";"e4-44-33";144012;164180
"13244";"E44434";"e4-44-34";144012;164180
"13245";"E44441";"e4-44-41";144012;164180
"13246";"E44442";"e4-44-42";144012;164180
"13247";"E44443";"e4-44-43";144012;164180
"13248";"E44444";"e4-44-44";144012;164180
"13249";"E44511";"e4-45-11";148012;164180
"13250";"E44512";"e4-45-12";148012;164180
"13251";"E44513";"e4-45-13";148012;164180
"13252";"E44514";"e4-45-14";148012;164180
"13253";"E44521";"e4-45-21";148012;164180
"13254";"E44522";"e4-45-22";148012;164180
"13255";"E44523";"e4-45-23";148012;164180
"13256";"E44524";"e4-45-24";148012;164180
"13257";"E44531";"e4-45-31";148012;164180
"13258";"E44532";"e4-45-32";148012;164180
"13259";"E44533";"e4-45-33";148012;164180
"13260";"E44534";"e4-45-34";148012;164180
"13261";"E44541";"e4-45-41";148012;164180
"13262";"E44542";"e4-45-42";148012;164180
"13263";"E44543";"e4-45-43";148012;164180
"13264";"E44544";"e4-45-44";148012;164180
"13265";"E44611";"e4-46-11";152012;164180
"13266";"E44612";"e4-46-12";152012;164180
"13267";"E44613";"e4-46-13";152012;164180
"13268";"E44614";"e4-46-14";152012;164180
"13269";"E44621";"e4-46-21";152012;164180
"13270";"E44622";"e4-46-22";152012;164180
"13271";"E44623";"e4-46-23";152012;164180
"13272";"E44624";"e4-46-24";152012;164180
"13273";"E44631";"e4-46-31";152012;164180
"13274";"E44632";"e4-46-32";152012;164180
"13275";"E44633";"e4-46-33";152012;164180
"13276";"E44634";"e4-46-34";152012;164180
"13277";"E44641";"e4-46-41";152012;164180
"13278";"E44642";"e4-46-42";152012;164180
"13279";"E44643";"e4-46-43";152012;164180
"13280";"E44644";"e4-46-44";152012;164180
"13281";"E44711";"e4-47-11";156012;164180
"13282";"E44712";"e4-47-12";156012;164180
"13283";"E44713";"e4-47-13";156012;164180
"13284";"E44714";"e4-47-14";156012;164180
"13285";"E44721";"e4-47-21";156012;164180
"13286";"E44722";"e4-47-22";156012;164180
"13287";"E44723";"e4-47-23";156012;164180
"13288";"E44724";"e4-47-24";156012;164180
"13289";"E44731";"e4-47-31";156012;164180
"13290";"E44732";"e4-47-32";156012;164180
"13291";"E44733";"e4-47-33";156012;164180
"13292";"E44734";"e4-47-34";156012;164180
"13293";"E44741";"e4-47-41";156012;164180
"13294";"E44742";"e4-47-42";156012;164180
"13295";"E44743";"e4-47-43";156012;164180
"13296";"E44744";"e4-47-44";156012;164180
"13297";"E44811";"e4-48-11";160012;164180
"13298";"E44812";"e4-48-12";160012;164180
"13299";"E44813";"e4-48-13";160012;164180
"13300";"E44814";"e4-48-14";160012;164180
"13301";"E44821";"e4-48-21";160012;164180
"13302";"E44822";"e4-48-22";160012;164180
"13303";"E44823";"e4-48-23";160012;164180
"13304";"E44824";"e4-48-24";160012;164180
"13305";"E44831";"e4-48-31";160012;164180
"13306";"E44832";"e4-48-32";160012;164180
"13307";"E44833";"e4-48-33";160012;164180
"13308";"E44834";"e4-48-34";160012;164180
"13309";"E44841";"e4-48-41";160012;164180
"13310";"E44842";"e4-48-42";160012;164180
"13311";"E44843";"e4-48-43";160012;164180
"13312";"E44844";"e4-48-44";160012;164180
"13313";"E45111";"e4-51-11";132012;160180
"13314";"E45112";"e4-51-12";132012;160180
"13315";"E45113";"e4-51-13";132012;160180
"13316";"E45114";"e4-51-14";132012;160180
"13317";"E45121";"e4-51-21";132012;160180
"13318";"E45122";"e4-51-22";132012;160180
"13319";"E45123";"e4-51-23";132012;160180
"13320";"E45124";"e4-51-24";132012;160180
"13321";"E45131";"e4-51-31";132012;160180
"13322";"E45132";"e4-51-32";132012;160180
"13323";"E45133";"e4-51-33";132012;160180
"13324";"E45134";"e4-51-34";132012;160180
"13325";"E45141";"e4-51-41";132012;160180
"13326";"E45142";"e4-51-42";132012;160180
"13327";"E45143";"e4-51-43";132012;160180
"13328";"E45144";"e4-51-44";132012;160180
"13329";"E45211";"e4-52-11";136012;160180
"13330";"E45212";"e4-52-12";136012;160180
"13331";"E45213";"e4-52-13";136012;160180
"13332";"E45214";"e4-52-14";136012;160180
"13333";"E45221";"e4-52-21";136012;160180
"13334";"E45222";"e4-52-22";136012;160180
"13335";"E45223";"e4-52-23";136012;160180
"13336";"E45224";"e4-52-24";136012;160180
"13337";"E45231";"e4-52-31";136012;160180
"13338";"E45232";"e4-52-32";136012;160180
"13339";"E45233";"e4-52-33";136012;160180
"13340";"E45234";"e4-52-34";136012;160180
"13341";"E45241";"e4-52-41";136012;160180
"13342";"E45242";"e4-52-42";136012;160180
"13343";"E45243";"e4-52-43";136012;160180
"13344";"E45244";"e4-52-44";136012;160180
"13345";"E45311";"e4-53-11";140012;160180
"13346";"E45312";"e4-53-12";140012;160180
"13347";"E45313";"e4-53-13";140012;160180
"13348";"E45314";"e4-53-14";140012;160180
"13349";"E45321";"e4-53-21";140012;160180
"13350";"E45322";"e4-53-22";140012;160180
"13351";"E45323";"e4-53-23";140012;160180
"13352";"E45324";"e4-53-24";140012;160180
"13353";"E45331";"e4-53-31";140012;160180
"13354";"E45332";"e4-53-32";140012;160180
"13355";"E45333";"e4-53-33";140012;160180
"13356";"E45334";"e4-53-34";140012;160180
"13357";"E45341";"e4-53-41";140012;160180
"13358";"E45342";"e4-53-42";140012;160180
"13359";"E45343";"e4-53-43";140012;160180
"13360";"E45344";"e4-53-44";140012;160180
"13361";"E45411";"e4-54-11";144012;160180
"13362";"E45412";"e4-54-12";144012;160180
"13363";"E45413";"e4-54-13";144012;160180
"13364";"E45414";"e4-54-14";144012;160180
"13365";"E45421";"e4-54-21";144012;160180
"13366";"E45422";"e4-54-22";144012;160180
"13367";"E45423";"e4-54-23";144012;160180
"13368";"E45424";"e4-54-24";144012;160180
"13369";"E45431";"e4-54-31";144012;160180
"13370";"E45432";"e4-54-32";144012;160180
"13371";"E45433";"e4-54-33";144012;160180
"13372";"E45434";"e4-54-34";144012;160180
"13373";"E45441";"e4-54-41";144012;160180
"13374";"E45442";"e4-54-42";144012;160180
"13375";"E45443";"e4-54-43";144012;160180
"13376";"E45444";"e4-54-44";144012;160180
"13377";"E45511";"e4-55-11";148012;160180
"13378";"E45512";"e4-55-12";148012;160180
"13379";"E45513";"e4-55-13";148012;160180
"13380";"E45514";"e4-55-14";148012;160180
"13381";"E45521";"e4-55-21";148012;160180
"13382";"E45522";"e4-55-22";148012;160180
"13383";"E45523";"e4-55-23";148012;160180
"13384";"E45524";"e4-55-24";148012;160180
"13385";"E45531";"e4-55-31";148012;160180
"13386";"E45532";"e4-55-32";148012;160180
"13387";"E45533";"e4-55-33";148012;160180
"13388";"E45534";"e4-55-34";148012;160180
"13389";"E45541";"e4-55-41";148012;160180
"13390";"E45542";"e4-55-42";148012;160180
"13391";"E45543";"e4-55-43";148012;160180
"13392";"E45544";"e4-55-44";148012;160180
"13393";"E45611";"e4-56-11";152012;160180
"13394";"E45612";"e4-56-12";152012;160180
"13395";"E45613";"e4-56-13";152012;160180
"13396";"E45614";"e4-56-14";152012;160180
"13397";"E45621";"e4-56-21";152012;160180
"13398";"E45622";"e4-56-22";152012;160180
"13399";"E45623";"e4-56-23";152012;160180
"13400";"E45624";"e4-56-24";152012;160180
"13401";"E45631";"e4-56-31";152012;160180
"13402";"E45632";"e4-56-32";152012;160180
"13403";"E45633";"e4-56-33";152012;160180
"13404";"E45634";"e4-56-34";152012;160180
"13405";"E45641";"e4-56-41";152012;160180
"13406";"E45642";"e4-56-42";152012;160180
"13407";"E45643";"e4-56-43";152012;160180
"13408";"E45644";"e4-56-44";152012;160180
"13409";"E45711";"e4-57-11";156012;160180
"13410";"E45712";"e4-57-12";156012;160180
"13411";"E45713";"e4-57-13";156012;160180
"13412";"E45714";"e4-57-14";156012;160180
"13413";"E45721";"e4-57-21";156012;160180
"13414";"E45722";"e4-57-22";156012;160180
"13415";"E45723";"e4-57-23";156012;160180
"13416";"E45724";"e4-57-24";156012;160180
"13417";"E45731";"e4-57-31";156012;160180
"13418";"E45732";"e4-57-32";156012;160180
"13419";"E45733";"e4-57-33";156012;160180
"13420";"E45734";"e4-57-34";156012;160180
"13421";"E45741";"e4-57-41";156012;160180
"13422";"E45742";"e4-57-42";156012;160180
"13423";"E45743";"e4-57-43";156012;160180
"13424";"E45744";"e4-57-44";156012;160180
"13425";"E45811";"e4-58-11";160012;160180
"13426";"E45812";"e4-58-12";160012;160180
"13427";"E45813";"e4-58-13";160012;160180
"13428";"E45814";"e4-58-14";160012;160180
"13429";"E45821";"e4-58-21";160012;160180
"13430";"E45822";"e4-58-22";160012;160180
"13431";"E45823";"e4-58-23";160012;160180
"13432";"E45824";"e4-58-24";160012;160180
"13433";"E45831";"e4-58-31";160012;160180
"13434";"E45832";"e4-58-32";160012;160180
"13435";"E45833";"e4-58-33";160012;160180
"13436";"E45834";"e4-58-34";160012;160180
"13437";"E45841";"e4-58-41";160012;160180
"13438";"E45842";"e4-58-42";160012;160180
"13439";"E45843";"e4-58-43";160012;160180
"13440";"E45844";"e4-58-44";160012;160180
"13441";"E51111";"e5-11-11";164012;176180
"13442";"E51112";"e5-11-12";164012;176180
"13443";"E51113";"e5-11-13";164012;176180
"13444";"E51114";"e5-11-14";164012;176180
"13445";"E51121";"e5-11-21";164012;176180
"13446";"E51122";"e5-11-22";164012;176180
"13447";"E51123";"e5-11-23";164012;176180
"13448";"E51124";"e5-11-24";164012;176180
"13449";"E51131";"e5-11-31";164012;176180
"13450";"E51132";"e5-11-32";164012;176180
"13451";"E51133";"e5-11-33";164012;176180
"13452";"E51134";"e5-11-34";164012;176180
"13453";"E51141";"e5-11-41";164012;176180
"13454";"E51142";"e5-11-42";164012;176180
"13455";"E51143";"e5-11-43";164012;176180
"13456";"E51144";"e5-11-44";164012;176180
"13457";"E51211";"e5-12-11";168012;176180
"13458";"E51212";"e5-12-12";168012;176180
"13459";"E51213";"e5-12-13";168012;176180
"13460";"E51214";"e5-12-14";168012;176180
"13461";"E51221";"e5-12-21";168012;176180
"13462";"E51222";"e5-12-22";168012;176180
"13463";"E51223";"e5-12-23";168012;176180
"13464";"E51224";"e5-12-24";168012;176180
"13465";"E51231";"e5-12-31";168012;176180
"13466";"E51232";"e5-12-32";168012;176180
"13467";"E51233";"e5-12-33";168012;176180
"13468";"E51234";"e5-12-34";168012;176180
"13469";"E51241";"e5-12-41";168012;176180
"13470";"E51242";"e5-12-42";168012;176180
"13471";"E51243";"e5-12-43";168012;176180
"13472";"E51244";"e5-12-44";168012;176180
"13473";"E51311";"e5-13-11";172012;176180
"13474";"E51312";"e5-13-12";172012;176180
"13475";"E51313";"e5-13-13";172012;176180
"13476";"E51314";"e5-13-14";172012;176180
"13477";"E51321";"e5-13-21";172012;176180
"13478";"E51322";"e5-13-22";172012;176180
"13479";"E51323";"e5-13-23";172012;176180
"13480";"E51324";"e5-13-24";172012;176180
"13481";"E51331";"e5-13-31";172012;176180
"13482";"E51332";"e5-13-32";172012;176180
"13483";"E51333";"e5-13-33";172012;176180
"13484";"E51334";"e5-13-34";172012;176180
"13485";"E51341";"e5-13-41";172012;176180
"13486";"E51342";"e5-13-42";172012;176180
"13487";"E51343";"e5-13-43";172012;176180
"13488";"E51344";"e5-13-44";172012;176180
"13489";"E51411";"e5-14-11";176012;176180
"13490";"E51412";"e5-14-12";176012;176180
"13491";"E51413";"e5-14-13";176012;176180
"13492";"E51414";"e5-14-14";176012;176180
"13493";"E51421";"e5-14-21";176012;176180
"13494";"E51422";"e5-14-22";176012;176180
"13495";"E51423";"e5-14-23";176012;176180
"13496";"E51424";"e5-14-24";176012;176180
"13497";"E51431";"e5-14-31";176012;176180
"13498";"E51432";"e5-14-32";176012;176180
"13499";"E51433";"e5-14-33";176012;176180
"13500";"E51434";"e5-14-34";176012;176180
"13501";"E51441";"e5-14-41";176012;176180
"13502";"E51442";"e5-14-42";176012;176180
"13503";"E51443";"e5-14-43";176012;176180
"13504";"E51444";"e5-14-44";176012;176180
"13505";"E51511";"e5-15-11";180012;176180
"13506";"E51512";"e5-15-12";180012;176180
"13507";"E51513";"e5-15-13";180012;176180
"13508";"E51514";"e5-15-14";180012;176180
"13509";"E51521";"e5-15-21";180012;176180
"13510";"E51522";"e5-15-22";180012;176180
"13511";"E51523";"e5-15-23";180012;176180
"13512";"E51524";"e5-15-24";180012;176180
"13513";"E51531";"e5-15-31";180012;176180
"13514";"E51532";"e5-15-32";180012;176180
"13515";"E51533";"e5-15-33";180012;176180
"13516";"E51534";"e5-15-34";180012;176180
"13517";"E51541";"e5-15-41";180012;176180
"13518";"E51542";"e5-15-42";180012;176180
"13519";"E51543";"e5-15-43";180012;176180
"13520";"E51544";"e5-15-44";180012;176180
"13521";"E51611";"e5-16-11";184012;176180
"13522";"E51612";"e5-16-12";184012;176180
"13523";"E51613";"e5-16-13";184012;176180
"13524";"E51614";"e5-16-14";184012;176180
"13525";"E51621";"e5-16-21";184012;176180
"13526";"E51622";"e5-16-22";184012;176180
"13527";"E51623";"e5-16-23";184012;176180
"13528";"E51624";"e5-16-24";184012;176180
"13529";"E51631";"e5-16-31";184012;176180
"13530";"E51632";"e5-16-32";184012;176180
"13531";"E51633";"e5-16-33";184012;176180
"13532";"E51634";"e5-16-34";184012;176180
"13533";"E51641";"e5-16-41";184012;176180
"13534";"E51642";"e5-16-42";184012;176180
"13535";"E51643";"e5-16-43";184012;176180
"13536";"E51644";"e5-16-44";184012;176180
"13537";"E51711";"e5-17-11";188012;176180
"13538";"E51712";"e5-17-12";188012;176180
"13539";"E51713";"e5-17-13";188012;176180
"13540";"E51714";"e5-17-14";188012;176180
"13541";"E51721";"e5-17-21";188012;176180
"13542";"E51722";"e5-17-22";188012;176180
"13543";"E51723";"e5-17-23";188012;176180
"13544";"E51724";"e5-17-24";188012;176180
"13545";"E51731";"e5-17-31";188012;176180
"13546";"E51732";"e5-17-32";188012;176180
"13547";"E51733";"e5-17-33";188012;176180
"13548";"E51734";"e5-17-34";188012;176180
"13549";"E51741";"e5-17-41";188012;176180
"13550";"E51742";"e5-17-42";188012;176180
"13551";"E51743";"e5-17-43";188012;176180
"13552";"E51744";"e5-17-44";188012;176180
"13553";"E51811";"e5-18-11";192012;176180
"13554";"E51812";"e5-18-12";192012;176180
"13555";"E51813";"e5-18-13";192012;176180
"13556";"E51814";"e5-18-14";192012;176180
"13557";"E51821";"e5-18-21";192012;176180
"13558";"E51822";"e5-18-22";192012;176180
"13559";"E51823";"e5-18-23";192012;176180
"13560";"E51824";"e5-18-24";192012;176180
"13561";"E51831";"e5-18-31";192012;176180
"13562";"E51832";"e5-18-32";192012;176180
"13563";"E51833";"e5-18-33";192012;176180
"13564";"E51834";"e5-18-34";192012;176180
"13565";"E51841";"e5-18-41";192012;176180
"13566";"E51842";"e5-18-42";192012;176180
"13567";"E51843";"e5-18-43";192012;176180
"13568";"E51844";"e5-18-44";192012;176180
"13569";"E52111";"e5-21-11";164012;172180
"13570";"E52112";"e5-21-12";164012;172180
"13571";"E52113";"e5-21-13";164012;172180
"13572";"E52114";"e5-21-14";164012;172180
"13573";"E52121";"e5-21-21";164012;172180
"13574";"E52122";"e5-21-22";164012;172180
"13575";"E52123";"e5-21-23";164012;172180
"13576";"E52124";"e5-21-24";164012;172180
"13577";"E52131";"e5-21-31";164012;172180
"13578";"E52132";"e5-21-32";164012;172180
"13579";"E52133";"e5-21-33";164012;172180
"13580";"E52134";"e5-21-34";164012;172180
"13581";"E52141";"e5-21-41";164012;172180
"13582";"E52142";"e5-21-42";164012;172180
"13583";"E52143";"e5-21-43";164012;172180
"13584";"E52144";"e5-21-44";164012;172180
"13585";"E52211";"e5-22-11";168012;172180
"13586";"E52212";"e5-22-12";168012;172180
"13587";"E52213";"e5-22-13";168012;172180
"13588";"E52214";"e5-22-14";168012;172180
"13589";"E52221";"e5-22-21";168012;172180
"13590";"E52222";"e5-22-22";168012;172180
"13591";"E52223";"e5-22-23";168012;172180
"13592";"E52224";"e5-22-24";168012;172180
"13593";"E52231";"e5-22-31";168012;172180
"13594";"E52232";"e5-22-32";168012;172180
"13595";"E52233";"e5-22-33";168012;172180
"13596";"E52234";"e5-22-34";168012;172180
"13597";"E52241";"e5-22-41";168012;172180
"13598";"E52242";"e5-22-42";168012;172180
"13599";"E52243";"e5-22-43";168012;172180
"13600";"E52244";"e5-22-44";168012;172180
"13601";"E52311";"e5-23-11";172012;172180
"13602";"E52312";"e5-23-12";172012;172180
"13603";"E52313";"e5-23-13";172012;172180
"13604";"E52314";"e5-23-14";172012;172180
"13605";"E52321";"e5-23-21";172012;172180
"13606";"E52322";"e5-23-22";172012;172180
"13607";"E52323";"e5-23-23";172012;172180
"13608";"E52324";"e5-23-24";172012;172180
"13609";"E52331";"e5-23-31";172012;172180
"13610";"E52332";"e5-23-32";172012;172180
"13611";"E52333";"e5-23-33";172012;172180
"13612";"E52334";"e5-23-34";172012;172180
"13613";"E52341";"e5-23-41";172012;172180
"13614";"E52342";"e5-23-42";172012;172180
"13615";"E52343";"e5-23-43";172012;172180
"13616";"E52344";"e5-23-44";172012;172180
"13617";"E52411";"e5-24-11";176012;172180
"13618";"E52412";"e5-24-12";176012;172180
"13619";"E52413";"e5-24-13";176012;172180
"13620";"E52414";"e5-24-14";176012;172180
"13621";"E52421";"e5-24-21";176012;172180
"13622";"E52422";"e5-24-22";176012;172180
"13623";"E52423";"e5-24-23";176012;172180
"13624";"E52424";"e5-24-24";176012;172180
"13625";"E52431";"e5-24-31";176012;172180
"13626";"E52432";"e5-24-32";176012;172180
"13627";"E52433";"e5-24-33";176012;172180
"13628";"E52434";"e5-24-34";176012;172180
"13629";"E52441";"e5-24-41";176012;172180
"13630";"E52442";"e5-24-42";176012;172180
"13631";"E52443";"e5-24-43";176012;172180
"13632";"E52444";"e5-24-44";176012;172180
"13633";"E52511";"e5-25-11";180012;172180
"13634";"E52512";"e5-25-12";180012;172180
"13635";"E52513";"e5-25-13";180012;172180
"13636";"E52514";"e5-25-14";180012;172180
"13637";"E52521";"e5-25-21";180012;172180
"13638";"E52522";"e5-25-22";180012;172180
"13639";"E52523";"e5-25-23";180012;172180
"13640";"E52524";"e5-25-24";180012;172180
"13641";"E52531";"e5-25-31";180012;172180
"13642";"E52532";"e5-25-32";180012;172180
"13643";"E52533";"e5-25-33";180012;172180
"13644";"E52534";"e5-25-34";180012;172180
"13645";"E52541";"e5-25-41";180012;172180
"13646";"E52542";"e5-25-42";180012;172180
"13647";"E52543";"e5-25-43";180012;172180
"13648";"E52544";"e5-25-44";180012;172180
"13649";"E52611";"e5-26-11";184012;172180
"13650";"E52612";"e5-26-12";184012;172180
"13651";"E52613";"e5-26-13";184012;172180
"13652";"E52614";"e5-26-14";184012;172180
"13653";"E52621";"e5-26-21";184012;172180
"13654";"E52622";"e5-26-22";184012;172180
"13655";"E52623";"e5-26-23";184012;172180
"13656";"E52624";"e5-26-24";184012;172180
"13657";"E52631";"e5-26-31";184012;172180
"13658";"E52632";"e5-26-32";184012;172180
"13659";"E52633";"e5-26-33";184012;172180
"13660";"E52634";"e5-26-34";184012;172180
"13661";"E52641";"e5-26-41";184012;172180
"13662";"E52642";"e5-26-42";184012;172180
"13663";"E52643";"e5-26-43";184012;172180
"13664";"E52644";"e5-26-44";184012;172180
"13665";"E52711";"e5-27-11";188012;172180
"13666";"E52712";"e5-27-12";188012;172180
"13667";"E52713";"e5-27-13";188012;172180
"13668";"E52714";"e5-27-14";188012;172180
"13669";"E52721";"e5-27-21";188012;172180
"13670";"E52722";"e5-27-22";188012;172180
"13671";"E52723";"e5-27-23";188012;172180
"13672";"E52724";"e5-27-24";188012;172180
"13673";"E52731";"e5-27-31";188012;172180
"13674";"E52732";"e5-27-32";188012;172180
"13675";"E52733";"e5-27-33";188012;172180
"13676";"E52734";"e5-27-34";188012;172180
"13677";"E52741";"e5-27-41";188012;172180
"13678";"E52742";"e5-27-42";188012;172180
"13679";"E52743";"e5-27-43";188012;172180
"13680";"E52744";"e5-27-44";188012;172180
"13681";"E52811";"e5-28-11";192012;172180
"13682";"E52812";"e5-28-12";192012;172180
"13683";"E52813";"e5-28-13";192012;172180
"13684";"E52814";"e5-28-14";192012;172180
"13685";"E52821";"e5-28-21";192012;172180
"13686";"E52822";"e5-28-22";192012;172180
"13687";"E52823";"e5-28-23";192012;172180
"13688";"E52824";"e5-28-24";192012;172180
"13689";"E52831";"e5-28-31";192012;172180
"13690";"E52832";"e5-28-32";192012;172180
"13691";"E52833";"e5-28-33";192012;172180
"13692";"E52834";"e5-28-34";192012;172180
"13693";"E52841";"e5-28-41";192012;172180
"13694";"E52842";"e5-28-42";192012;172180
"13695";"E52843";"e5-28-43";192012;172180
"13696";"E52844";"e5-28-44";192012;172180
"13697";"E53111";"e5-31-11";164012;168180
"13698";"E53112";"e5-31-12";164012;168180
"13699";"E53113";"e5-31-13";164012;168180
"13700";"E53114";"e5-31-14";164012;168180
"13701";"E53121";"e5-31-21";164012;168180
"13702";"E53122";"e5-31-22";164012;168180
"13703";"E53123";"e5-31-23";164012;168180
"13704";"E53124";"e5-31-24";164012;168180
"13705";"E53131";"e5-31-31";164012;168180
"13706";"E53132";"e5-31-32";164012;168180
"13707";"E53133";"e5-31-33";164012;168180
"13708";"E53134";"e5-31-34";164012;168180
"13709";"E53141";"e5-31-41";164012;168180
"13710";"E53142";"e5-31-42";164012;168180
"13711";"E53143";"e5-31-43";164012;168180
"13712";"E53144";"e5-31-44";164012;168180
"13713";"E53211";"e5-32-11";168012;168180
"13714";"E53212";"e5-32-12";168012;168180
"13715";"E53213";"e5-32-13";168012;168180
"13716";"E53214";"e5-32-14";168012;168180
"13717";"E53221";"e5-32-21";168012;168180
"13718";"E53222";"e5-32-22";168012;168180
"13719";"E53223";"e5-32-23";168012;168180
"13720";"E53224";"e5-32-24";168012;168180
"13721";"E53231";"e5-32-31";168012;168180
"13722";"E53232";"e5-32-32";168012;168180
"13723";"E53233";"e5-32-33";168012;168180
"13724";"E53234";"e5-32-34";168012;168180
"13725";"E53241";"e5-32-41";168012;168180
"13726";"E53242";"e5-32-42";168012;168180
"13727";"E53243";"e5-32-43";168012;168180
"13728";"E53244";"e5-32-44";168012;168180
"13729";"E53311";"e5-33-11";172012;168180
"13730";"E53312";"e5-33-12";172012;168180
"13731";"E53313";"e5-33-13";172012;168180
"13732";"E53314";"e5-33-14";172012;168180
"13733";"E53321";"e5-33-21";172012;168180
"13734";"E53322";"e5-33-22";172012;168180
"13735";"E53323";"e5-33-23";172012;168180
"13736";"E53324";"e5-33-24";172012;168180
"13737";"E53331";"e5-33-31";172012;168180
"13738";"E53332";"e5-33-32";172012;168180
"13739";"E53333";"e5-33-33";172012;168180
"13740";"E53334";"e5-33-34";172012;168180
"13741";"E53341";"e5-33-41";172012;168180
"13742";"E53342";"e5-33-42";172012;168180
"13743";"E53343";"e5-33-43";172012;168180
"13744";"E53344";"e5-33-44";172012;168180
"13745";"E53411";"e5-34-11";176012;168180
"13746";"E53412";"e5-34-12";176012;168180
"13747";"E53413";"e5-34-13";176012;168180
"13748";"E53414";"e5-34-14";176012;168180
"13749";"E53421";"e5-34-21";176012;168180
"13750";"E53422";"e5-34-22";176012;168180
"13751";"E53423";"e5-34-23";176012;168180
"13752";"E53424";"e5-34-24";176012;168180
"13753";"E53431";"e5-34-31";176012;168180
"13754";"E53432";"e5-34-32";176012;168180
"13755";"E53433";"e5-34-33";176012;168180
"13756";"E53434";"e5-34-34";176012;168180
"13757";"E53441";"e5-34-41";176012;168180
"13758";"E53442";"e5-34-42";176012;168180
"13759";"E53443";"e5-34-43";176012;168180
"13760";"E53444";"e5-34-44";176012;168180
"13761";"E53511";"e5-35-11";180012;168180
"13762";"E53512";"e5-35-12";180012;168180
"13763";"E53513";"e5-35-13";180012;168180
"13764";"E53514";"e5-35-14";180012;168180
"13765";"E53521";"e5-35-21";180012;168180
"13766";"E53522";"e5-35-22";180012;168180
"13767";"E53523";"e5-35-23";180012;168180
"13768";"E53524";"e5-35-24";180012;168180
"13769";"E53531";"e5-35-31";180012;168180
"13770";"E53532";"e5-35-32";180012;168180
"13771";"E53533";"e5-35-33";180012;168180
"13772";"E53534";"e5-35-34";180012;168180
"13773";"E53541";"e5-35-41";180012;168180
"13774";"E53542";"e5-35-42";180012;168180
"13775";"E53543";"e5-35-43";180012;168180
"13776";"E53544";"e5-35-44";180012;168180
"13777";"E53611";"e5-36-11";184012;168180
"13778";"E53612";"e5-36-12";184012;168180
"13779";"E53613";"e5-36-13";184012;168180
"13780";"E53614";"e5-36-14";184012;168180
"13781";"E53621";"e5-36-21";184012;168180
"13782";"E53622";"e5-36-22";184012;168180
"13783";"E53623";"e5-36-23";184012;168180
"13784";"E53624";"e5-36-24";184012;168180
"13785";"E53631";"e5-36-31";184012;168180
"13786";"E53632";"e5-36-32";184012;168180
"13787";"E53633";"e5-36-33";184012;168180
"13788";"E53634";"e5-36-34";184012;168180
"13789";"E53641";"e5-36-41";184012;168180
"13790";"E53642";"e5-36-42";184012;168180
"13791";"E53643";"e5-36-43";184012;168180
"13792";"E53644";"e5-36-44";184012;168180
"13793";"E53711";"e5-37-11";188012;168180
"13794";"E53712";"e5-37-12";188012;168180
"13795";"E53713";"e5-37-13";188012;168180
"13796";"E53714";"e5-37-14";188012;168180
"13797";"E53721";"e5-37-21";188012;168180
"13798";"E53722";"e5-37-22";188012;168180
"13799";"E53723";"e5-37-23";188012;168180
"13800";"E53724";"e5-37-24";188012;168180
"13801";"E53731";"e5-37-31";188012;168180
"13802";"E53732";"e5-37-32";188012;168180
"13803";"E53733";"e5-37-33";188012;168180
"13804";"E53734";"e5-37-34";188012;168180
"13805";"E53741";"e5-37-41";188012;168180
"13806";"E53742";"e5-37-42";188012;168180
"13807";"E53743";"e5-37-43";188012;168180
"13808";"E53744";"e5-37-44";188012;168180
"13809";"E53811";"e5-38-11";192012;168180
"13810";"E53812";"e5-38-12";192012;168180
"13811";"E53813";"e5-38-13";192012;168180
"13812";"E53814";"e5-38-14";192012;168180
"13813";"E53821";"e5-38-21";192012;168180
"13814";"E53822";"e5-38-22";192012;168180
"13815";"E53823";"e5-38-23";192012;168180
"13816";"E53824";"e5-38-24";192012;168180
"13817";"E53831";"e5-38-31";192012;168180
"13818";"E53832";"e5-38-32";192012;168180
"13819";"E53833";"e5-38-33";192012;168180
"13820";"E53834";"e5-38-34";192012;168180
"13821";"E53841";"e5-38-41";192012;168180
"13822";"E53842";"e5-38-42";192012;168180
"13823";"E53843";"e5-38-43";192012;168180
"13824";"E53844";"e5-38-44";192012;168180
"13825";"E54111";"e5-41-11";164012;164180
"13826";"E54112";"e5-41-12";164012;164180
"13827";"E54113";"e5-41-13";164012;164180
"13828";"E54114";"e5-41-14";164012;164180
"13829";"E54121";"e5-41-21";164012;164180
"13830";"E54122";"e5-41-22";164012;164180
"13831";"E54123";"e5-41-23";164012;164180
"13832";"E54124";"e5-41-24";164012;164180
"13833";"E54131";"e5-41-31";164012;164180
"13834";"E54132";"e5-41-32";164012;164180
"13835";"E54133";"e5-41-33";164012;164180
"13836";"E54134";"e5-41-34";164012;164180
"13837";"E54141";"e5-41-41";164012;164180
"13838";"E54142";"e5-41-42";164012;164180
"13839";"E54143";"e5-41-43";164012;164180
"13840";"E54144";"e5-41-44";164012;164180
"13841";"E54211";"e5-42-11";168012;164180
"13842";"E54212";"e5-42-12";168012;164180
"13843";"E54213";"e5-42-13";168012;164180
"13844";"E54214";"e5-42-14";168012;164180
"13845";"E54221";"e5-42-21";168012;164180
"13846";"E54222";"e5-42-22";168012;164180
"13847";"E54223";"e5-42-23";168012;164180
"13848";"E54224";"e5-42-24";168012;164180
"13849";"E54231";"e5-42-31";168012;164180
"13850";"E54232";"e5-42-32";168012;164180
"13851";"E54233";"e5-42-33";168012;164180
"13852";"E54234";"e5-42-34";168012;164180
"13853";"E54241";"e5-42-41";168012;164180
"13854";"E54242";"e5-42-42";168012;164180
"13855";"E54243";"e5-42-43";168012;164180
"13856";"E54244";"e5-42-44";168012;164180
"13857";"E54311";"e5-43-11";172012;164180
"13858";"E54312";"e5-43-12";172012;164180
"13859";"E54313";"e5-43-13";172012;164180
"13860";"E54314";"e5-43-14";172012;164180
"13861";"E54321";"e5-43-21";172012;164180
"13862";"E54322";"e5-43-22";172012;164180
"13863";"E54323";"e5-43-23";172012;164180
"13864";"E54324";"e5-43-24";172012;164180
"13865";"E54331";"e5-43-31";172012;164180
"13866";"E54332";"e5-43-32";172012;164180
"13867";"E54333";"e5-43-33";172012;164180
"13868";"E54334";"e5-43-34";172012;164180
"13869";"E54341";"e5-43-41";172012;164180
"13870";"E54342";"e5-43-42";172012;164180
"13871";"E54343";"e5-43-43";172012;164180
"13872";"E54344";"e5-43-44";172012;164180
"13873";"E54411";"e5-44-11";176012;164180
"13874";"E54412";"e5-44-12";176012;164180
"13875";"E54413";"e5-44-13";176012;164180
"13876";"E54414";"e5-44-14";176012;164180
"13877";"E54421";"e5-44-21";176012;164180
"13878";"E54422";"e5-44-22";176012;164180
"13879";"E54423";"e5-44-23";176012;164180
"13880";"E54424";"e5-44-24";176012;164180
"13881";"E54431";"e5-44-31";176012;164180
"13882";"E54432";"e5-44-32";176012;164180
"13883";"E54433";"e5-44-33";176012;164180
"13884";"E54434";"e5-44-34";176012;164180
"13885";"E54441";"e5-44-41";176012;164180
"13886";"E54442";"e5-44-42";176012;164180
"13887";"E54443";"e5-44-43";176012;164180
"13888";"E54444";"e5-44-44";176012;164180
"13889";"E54511";"e5-45-11";180012;164180
"13890";"E54512";"e5-45-12";180012;164180
"13891";"E54513";"e5-45-13";180012;164180
"13892";"E54514";"e5-45-14";180012;164180
"13893";"E54521";"e5-45-21";180012;164180
"13894";"E54522";"e5-45-22";180012;164180
"13895";"E54523";"e5-45-23";180012;164180
"13896";"E54524";"e5-45-24";180012;164180
"13897";"E54531";"e5-45-31";180012;164180
"13898";"E54532";"e5-45-32";180012;164180
"13899";"E54533";"e5-45-33";180012;164180
"13900";"E54534";"e5-45-34";180012;164180
"13901";"E54541";"e5-45-41";180012;164180
"13902";"E54542";"e5-45-42";180012;164180
"13903";"E54543";"e5-45-43";180012;164180
"13904";"E54544";"e5-45-44";180012;164180
"13905";"E54611";"e5-46-11";184012;164180
"13906";"E54612";"e5-46-12";184012;164180
"13907";"E54613";"e5-46-13";184012;164180
"13908";"E54614";"e5-46-14";184012;164180
"13909";"E54621";"e5-46-21";184012;164180
"13910";"E54622";"e5-46-22";184012;164180
"13911";"E54623";"e5-46-23";184012;164180
"13912";"E54624";"e5-46-24";184012;164180
"13913";"E54631";"e5-46-31";184012;164180
"13914";"E54632";"e5-46-32";184012;164180
"13915";"E54633";"e5-46-33";184012;164180
"13916";"E54634";"e5-46-34";184012;164180
"13917";"E54641";"e5-46-41";184012;164180
"13918";"E54642";"e5-46-42";184012;164180
"13919";"E54643";"e5-46-43";184012;164180
"13920";"E54644";"e5-46-44";184012;164180
"13921";"E54711";"e5-47-11";188012;164180
"13922";"E54712";"e5-47-12";188012;164180
"13923";"E54713";"e5-47-13";188012;164180
"13924";"E54714";"e5-47-14";188012;164180
"13925";"E54721";"e5-47-21";188012;164180
"13926";"E54722";"e5-47-22";188012;164180
"13927";"E54723";"e5-47-23";188012;164180
"13928";"E54724";"e5-47-24";188012;164180
"13929";"E54731";"e5-47-31";188012;164180
"13930";"E54732";"e5-47-32";188012;164180
"13931";"E54733";"e5-47-33";188012;164180
"13932";"E54734";"e5-47-34";188012;164180
"13933";"E54741";"e5-47-41";188012;164180
"13934";"E54742";"e5-47-42";188012;164180
"13935";"E54743";"e5-47-43";188012;164180
"13936";"E54744";"e5-47-44";188012;164180
"13937";"E54811";"e5-48-11";192012;164180
"13938";"E54812";"e5-48-12";192012;164180
"13939";"E54813";"e5-48-13";192012;164180
"13940";"E54814";"e5-48-14";192012;164180
"13941";"E54821";"e5-48-21";192012;164180
"13942";"E54822";"e5-48-22";192012;164180
"13943";"E54823";"e5-48-23";192012;164180
"13944";"E54824";"e5-48-24";192012;164180
"13945";"E54831";"e5-48-31";192012;164180
"13946";"E54832";"e5-48-32";192012;164180
"13947";"E54833";"e5-48-33";192012;164180
"13948";"E54834";"e5-48-34";192012;164180
"13949";"E54841";"e5-48-41";192012;164180
"13950";"E54842";"e5-48-42";192012;164180
"13951";"E54843";"e5-48-43";192012;164180
"13952";"E54844";"e5-48-44";192012;164180
"13953";"E55111";"e5-51-11";164012;160180
"13954";"E55112";"e5-51-12";164012;160180
"13955";"E55113";"e5-51-13";164012;160180
"13956";"E55114";"e5-51-14";164012;160180
"13957";"E55121";"e5-51-21";164012;160180
"13958";"E55122";"e5-51-22";164012;160180
"13959";"E55123";"e5-51-23";164012;160180
"13960";"E55124";"e5-51-24";164012;160180
"13961";"E55131";"e5-51-31";164012;160180
"13962";"E55132";"e5-51-32";164012;160180
"13963";"E55133";"e5-51-33";164012;160180
"13964";"E55134";"e5-51-34";164012;160180
"13965";"E55141";"e5-51-41";164012;160180
"13966";"E55142";"e5-51-42";164012;160180
"13967";"E55143";"e5-51-43";164012;160180
"13968";"E55144";"e5-51-44";164012;160180
"13969";"E55211";"e5-52-11";168012;160180
"13970";"E55212";"e5-52-12";168012;160180
"13971";"E55213";"e5-52-13";168012;160180
"13972";"E55214";"e5-52-14";168012;160180
"13973";"E55221";"e5-52-21";168012;160180
"13974";"E55222";"e5-52-22";168012;160180
"13975";"E55223";"e5-52-23";168012;160180
"13976";"E55224";"e5-52-24";168012;160180
"13977";"E55231";"e5-52-31";168012;160180
"13978";"E55232";"e5-52-32";168012;160180
"13979";"E55233";"e5-52-33";168012;160180
"13980";"E55234";"e5-52-34";168012;160180
"13981";"E55241";"e5-52-41";168012;160180
"13982";"E55242";"e5-52-42";168012;160180
"13983";"E55243";"e5-52-43";168012;160180
"13984";"E55244";"e5-52-44";168012;160180
"13985";"E55311";"e5-53-11";172012;160180
"13986";"E55312";"e5-53-12";172012;160180
"13987";"E55313";"e5-53-13";172012;160180
"13988";"E55314";"e5-53-14";172012;160180
"13989";"E55321";"e5-53-21";172012;160180
"13990";"E55322";"e5-53-22";172012;160180
"13991";"E55323";"e5-53-23";172012;160180
"13992";"E55324";"e5-53-24";172012;160180
"13993";"E55331";"e5-53-31";172012;160180
"13994";"E55332";"e5-53-32";172012;160180
"13995";"E55333";"e5-53-33";172012;160180
"13996";"E55334";"e5-53-34";172012;160180
"13997";"E55341";"e5-53-41";172012;160180
"13998";"E55342";"e5-53-42";172012;160180
"13999";"E55343";"e5-53-43";172012;160180
"14000";"E55344";"e5-53-44";172012;160180
"14001";"E55611";"e5-56-11";184012;160180
"14002";"E55612";"e5-56-12";184012;160180
"14003";"E55613";"e5-56-13";184012;160180
"14004";"E55614";"e5-56-14";184012;160180
"14005";"E55621";"e5-56-21";184012;160180
"14006";"E55622";"e5-56-22";184012;160180
"14007";"E55623";"e5-56-23";184012;160180
"14008";"E55624";"e5-56-24";184012;160180
"14009";"E55631";"e5-56-31";184012;160180
"14010";"E55632";"e5-56-32";184012;160180
"14011";"E55633";"e5-56-33";184012;160180
"14012";"E55634";"e5-56-34";184012;160180
"14013";"E55641";"e5-56-41";184012;160180
"14014";"E55642";"e5-56-42";184012;160180
"14015";"E55643";"e5-56-43";184012;160180
"14016";"E55644";"e5-56-44";184012;160180
"14017";"E55711";"e5-57-11";188012;160180
"14018";"E55712";"e5-57-12";188012;160180
"14019";"E55713";"e5-57-13";188012;160180
"14020";"E55714";"e5-57-14";188012;160180
"14021";"E55721";"e5-57-21";188012;160180
"14022";"E55722";"e5-57-22";188012;160180
"14023";"E55723";"e5-57-23";188012;160180
"14024";"E55724";"e5-57-24";188012;160180
"14025";"E55731";"e5-57-31";188012;160180
"14026";"E55732";"e5-57-32";188012;160180
"14027";"E55733";"e5-57-33";188012;160180
"14028";"E55734";"e5-57-34";188012;160180
"14029";"E55741";"e5-57-41";188012;160180
"14030";"E55742";"e5-57-42";188012;160180
"14031";"E55743";"e5-57-43";188012;160180
"14032";"E55744";"e5-57-44";188012;160180
"14033";"E55811";"e5-58-11";192012;160180
"14034";"E55812";"e5-58-12";192012;160180
"14035";"E55813";"e5-58-13";192012;160180
"14036";"E55814";"e5-58-14";192012;160180
"14037";"E55821";"e5-58-21";192012;160180
"14038";"E55822";"e5-58-22";192012;160180
"14039";"E55823";"e5-58-23";192012;160180
"14040";"E55824";"e5-58-24";192012;160180
"14041";"E55831";"e5-58-31";192012;160180
"14042";"E55832";"e5-58-32";192012;160180
"14043";"E55833";"e5-58-33";192012;160180
"14044";"E55834";"e5-58-34";192012;160180
"14045";"E55841";"e5-58-41";192012;160180
"14046";"E55842";"e5-58-42";192012;160180
"14047";"E55843";"e5-58-43";192012;160180
"14048";"E55844";"e5-58-44";192012;160180
"14049";"E61111";"e6-11-11";196012;176180
"14050";"E61112";"e6-11-12";196012;176180
"14051";"E61113";"e6-11-13";196012;176180
"14052";"E61114";"e6-11-14";196012;176180
"14053";"E61121";"e6-11-21";196012;176180
"14054";"E61122";"e6-11-22";196012;176180
"14055";"E61123";"e6-11-23";196012;176180
"14056";"E61124";"e6-11-24";196012;176180
"14057";"E61131";"e6-11-31";196012;176180
"14058";"E61132";"e6-11-32";196012;176180
"14059";"E61133";"e6-11-33";196012;176180
"14060";"E61134";"e6-11-34";196012;176180
"14061";"E61141";"e6-11-41";196012;176180
"14062";"E61142";"e6-11-42";196012;176180
"14063";"E61143";"e6-11-43";196012;176180
"14064";"E61144";"e6-11-44";196012;176180
"14065";"E61211";"e6-12-11";200012;176180
"14066";"E61212";"e6-12-12";200012;176180
"14067";"E61213";"e6-12-13";200012;176180
"14068";"E61214";"e6-12-14";200012;176180
"14069";"E61221";"e6-12-21";200012;176180
"14070";"E61222";"e6-12-22";200012;176180
"14071";"E61223";"e6-12-23";200012;176180
"14072";"E61224";"e6-12-24";200012;176180
"14073";"E61231";"e6-12-31";200012;176180
"14074";"E61232";"e6-12-32";200012;176180
"14075";"E61233";"e6-12-33";200012;176180
"14076";"E61234";"e6-12-34";200012;176180
"14077";"E61241";"e6-12-41";200012;176180
"14078";"E61242";"e6-12-42";200012;176180
"14079";"E61243";"e6-12-43";200012;176180
"14080";"E61244";"e6-12-44";200012;176180
"14081";"E61311";"e6-13-11";204012;176180
"14082";"E61312";"e6-13-12";204012;176180
"14083";"E61313";"e6-13-13";204012;176180
"14084";"E61314";"e6-13-14";204012;176180
"14085";"E61321";"e6-13-21";204012;176180
"14086";"E61322";"e6-13-22";204012;176180
"14087";"E61323";"e6-13-23";204012;176180
"14088";"E61324";"e6-13-24";204012;176180
"14089";"E61331";"e6-13-31";204012;176180
"14090";"E61332";"e6-13-32";204012;176180
"14091";"E61333";"e6-13-33";204012;176180
"14092";"E61334";"e6-13-34";204012;176180
"14093";"E61341";"e6-13-41";204012;176180
"14094";"E61342";"e6-13-42";204012;176180
"14095";"E61343";"e6-13-43";204012;176180
"14096";"E61344";"e6-13-44";204012;176180
"14097";"E61411";"e6-14-11";208012;176180
"14098";"E61412";"e6-14-12";208012;176180
"14099";"E61413";"e6-14-13";208012;176180
"14100";"E61414";"e6-14-14";208012;176180
"14101";"E61421";"e6-14-21";208012;176180
"14102";"E61422";"e6-14-22";208012;176180
"14103";"E61423";"e6-14-23";208012;176180
"14104";"E61424";"e6-14-24";208012;176180
"14105";"E61431";"e6-14-31";208012;176180
"14106";"E61432";"e6-14-32";208012;176180
"14107";"E61433";"e6-14-33";208012;176180
"14108";"E61434";"e6-14-34";208012;176180
"14109";"E61441";"e6-14-41";208012;176180
"14110";"E61442";"e6-14-42";208012;176180
"14111";"E61443";"e6-14-43";208012;176180
"14112";"E61444";"e6-14-44";208012;176180
"14113";"E61511";"e6-15-11";212012;176180
"14114";"E61512";"e6-15-12";212012;176180
"14115";"E61513";"e6-15-13";212012;176180
"14116";"E61514";"e6-15-14";212012;176180
"14117";"E61521";"e6-15-21";212012;176180
"14118";"E61522";"e6-15-22";212012;176180
"14119";"E61523";"e6-15-23";212012;176180
"14120";"E61524";"e6-15-24";212012;176180
"14121";"E61531";"e6-15-31";212012;176180
"14122";"E61532";"e6-15-32";212012;176180
"14123";"E61533";"e6-15-33";212012;176180
"14124";"E61534";"e6-15-34";212012;176180
"14125";"E61541";"e6-15-41";212012;176180
"14126";"E61542";"e6-15-42";212012;176180
"14127";"E61543";"e6-15-43";212012;176180
"14128";"E61544";"e6-15-44";212012;176180
"14129";"E61611";"e6-16-11";216012;176180
"14130";"E61612";"e6-16-12";216012;176180
"14131";"E61613";"e6-16-13";216012;176180
"14132";"E61614";"e6-16-14";216012;176180
"14133";"E61621";"e6-16-21";216012;176180
"14134";"E61622";"e6-16-22";216012;176180
"14135";"E61623";"e6-16-23";216012;176180
"14136";"E61624";"e6-16-24";216012;176180
"14137";"E61631";"e6-16-31";216012;176180
"14138";"E61632";"e6-16-32";216012;176180
"14139";"E61633";"e6-16-33";216012;176180
"14140";"E61634";"e6-16-34";216012;176180
"14141";"E61641";"e6-16-41";216012;176180
"14142";"E61642";"e6-16-42";216012;176180
"14143";"E61643";"e6-16-43";216012;176180
"14144";"E61644";"e6-16-44";216012;176180
"14145";"E61711";"e6-17-11";220012;176180
"14146";"E61712";"e6-17-12";220012;176180
"14147";"E61713";"e6-17-13";220012;176180
"14148";"E61714";"e6-17-14";220012;176180
"14149";"E61721";"e6-17-21";220012;176180
"14150";"E61722";"e6-17-22";220012;176180
"14151";"E61723";"e6-17-23";220012;176180
"14152";"E61724";"e6-17-24";220012;176180
"14153";"E61731";"e6-17-31";220012;176180
"14154";"E61732";"e6-17-32";220012;176180
"14155";"E61733";"e6-17-33";220012;176180
"14156";"E61734";"e6-17-34";220012;176180
"14157";"E61741";"e6-17-41";220012;176180
"14158";"E61742";"e6-17-42";220012;176180
"14159";"E61743";"e6-17-43";220012;176180
"14160";"E61744";"e6-17-44";220012;176180
"14161";"E61811";"e6-18-11";224012;176180
"14162";"E61812";"e6-18-12";224012;176180
"14163";"E61813";"e6-18-13";224012;176180
"14164";"E61814";"e6-18-14";224012;176180
"14165";"E61821";"e6-18-21";224012;176180
"14166";"E61822";"e6-18-22";224012;176180
"14167";"E61823";"e6-18-23";224012;176180
"14168";"E61824";"e6-18-24";224012;176180
"14169";"E61831";"e6-18-31";224012;176180
"14170";"E61832";"e6-18-32";224012;176180
"14171";"E61833";"e6-18-33";224012;176180
"14172";"E61834";"e6-18-34";224012;176180
"14173";"E61841";"e6-18-41";224012;176180
"14174";"E61842";"e6-18-42";224012;176180
"14175";"E61843";"e6-18-43";224012;176180
"14176";"E61844";"e6-18-44";224012;176180
"14177";"E62111";"e6-21-11";196012;172180
"14178";"E62112";"e6-21-12";196012;172180
"14179";"E62113";"e6-21-13";196012;172180
"14180";"E62114";"e6-21-14";196012;172180
"14181";"E62121";"e6-21-21";196012;172180
"14182";"E62122";"e6-21-22";196012;172180
"14183";"E62123";"e6-21-23";196012;172180
"14184";"E62124";"e6-21-24";196012;172180
"14185";"E62131";"e6-21-31";196012;172180
"14186";"E62132";"e6-21-32";196012;172180
"14187";"E62133";"e6-21-33";196012;172180
"14188";"E62134";"e6-21-34";196012;172180
"14189";"E62141";"e6-21-41";196012;172180
"14190";"E62142";"e6-21-42";196012;172180
"14191";"E62143";"e6-21-43";196012;172180
"14192";"E62144";"e6-21-44";196012;172180
"14193";"E62211";"e6-22-11";200012;172180
"14194";"E62212";"e6-22-12";200012;172180
"14195";"E62213";"e6-22-13";200012;172180
"14196";"E62214";"e6-22-14";200012;172180
"14197";"E62221";"e6-22-21";200012;172180
"14198";"E62222";"e6-22-22";200012;172180
"14199";"E62223";"e6-22-23";200012;172180
"14200";"E62224";"e6-22-24";200012;172180
"14201";"E62231";"e6-22-31";200012;172180
"14202";"E62232";"e6-22-32";200012;172180
"14203";"E62233";"e6-22-33";200012;172180
"14204";"E62234";"e6-22-34";200012;172180
"14205";"E62241";"e6-22-41";200012;172180
"14206";"E62242";"e6-22-42";200012;172180
"14207";"E62243";"e6-22-43";200012;172180
"14208";"E62244";"e6-22-44";200012;172180
"14209";"E62311";"e6-23-11";204012;172180
"14210";"E62312";"e6-23-12";204012;172180
"14211";"E62313";"e6-23-13";204012;172180
"14212";"E62314";"e6-23-14";204012;172180
"14213";"E62321";"e6-23-21";204012;172180
"14214";"E62322";"e6-23-22";204012;172180
"14215";"E62323";"e6-23-23";204012;172180
"14216";"E62324";"e6-23-24";204012;172180
"14217";"E62331";"e6-23-31";204012;172180
"14218";"E62332";"e6-23-32";204012;172180
"14219";"E62333";"e6-23-33";204012;172180
"14220";"E62334";"e6-23-34";204012;172180
"14221";"E62341";"e6-23-41";204012;172180
"14222";"E62342";"e6-23-42";204012;172180
"14223";"E62343";"e6-23-43";204012;172180
"14224";"E62344";"e6-23-44";204012;172180
"14225";"E62411";"e6-24-11";208012;172180
"14226";"E62412";"e6-24-12";208012;172180
"14227";"E62413";"e6-24-13";208012;172180
"14228";"E62414";"e6-24-14";208012;172180
"14229";"E62421";"e6-24-21";208012;172180
"14230";"E62422";"e6-24-22";208012;172180
"14231";"E62423";"e6-24-23";208012;172180
"14232";"E62424";"e6-24-24";208012;172180
"14233";"E62431";"e6-24-31";208012;172180
"14234";"E62432";"e6-24-32";208012;172180
"14235";"E62433";"e6-24-33";208012;172180
"14236";"E62434";"e6-24-34";208012;172180
"14237";"E62441";"e6-24-41";208012;172180
"14238";"E62442";"e6-24-42";208012;172180
"14239";"E62443";"e6-24-43";208012;172180
"14240";"E62444";"e6-24-44";208012;172180
"14241";"E62511";"e6-25-11";212012;172180
"14242";"E62512";"e6-25-12";212012;172180
"14243";"E62513";"e6-25-13";212012;172180
"14244";"E62514";"e6-25-14";212012;172180
"14245";"E62521";"e6-25-21";212012;172180
"14246";"E62522";"e6-25-22";212012;172180
"14247";"E62523";"e6-25-23";212012;172180
"14248";"E62524";"e6-25-24";212012;172180
"14249";"E62531";"e6-25-31";212012;172180
"14250";"E62532";"e6-25-32";212012;172180
"14251";"E62533";"e6-25-33";212012;172180
"14252";"E62534";"e6-25-34";212012;172180
"14253";"E62541";"e6-25-41";212012;172180
"14254";"E62542";"e6-25-42";212012;172180
"14255";"E62543";"e6-25-43";212012;172180
"14256";"E62544";"e6-25-44";212012;172180
"14257";"E62611";"e6-26-11";216012;172180
"14258";"E62612";"e6-26-12";216012;172180
"14259";"E62613";"e6-26-13";216012;172180
"14260";"E62614";"e6-26-14";216012;172180
"14261";"E62621";"e6-26-21";216012;172180
"14262";"E62622";"e6-26-22";216012;172180
"14263";"E62623";"e6-26-23";216012;172180
"14264";"E62624";"e6-26-24";216012;172180
"14265";"E62631";"e6-26-31";216012;172180
"14266";"E62632";"e6-26-32";216012;172180
"14267";"E62633";"e6-26-33";216012;172180
"14268";"E62634";"e6-26-34";216012;172180
"14269";"E62641";"e6-26-41";216012;172180
"14270";"E62642";"e6-26-42";216012;172180
"14271";"E62643";"e6-26-43";216012;172180
"14272";"E62644";"e6-26-44";216012;172180
"14273";"E62711";"e6-27-11";220012;172180
"14274";"E62712";"e6-27-12";220012;172180
"14275";"E62713";"e6-27-13";220012;172180
"14276";"E62714";"e6-27-14";220012;172180
"14277";"E62721";"e6-27-21";220012;172180
"14278";"E62722";"e6-27-22";220012;172180
"14279";"E62723";"e6-27-23";220012;172180
"14280";"E62724";"e6-27-24";220012;172180
"14281";"E62731";"e6-27-31";220012;172180
"14282";"E62732";"e6-27-32";220012;172180
"14283";"E62733";"e6-27-33";220012;172180
"14284";"E62734";"e6-27-34";220012;172180
"14285";"E62741";"e6-27-41";220012;172180
"14286";"E62742";"e6-27-42";220012;172180
"14287";"E62743";"e6-27-43";220012;172180
"14288";"E62744";"e6-27-44";220012;172180
"14289";"E62811";"e6-28-11";224012;172180
"14290";"E62812";"e6-28-12";224012;172180
"14291";"E62813";"e6-28-13";224012;172180
"14292";"E62814";"e6-28-14";224012;172180
"14293";"E62821";"e6-28-21";224012;172180
"14294";"E62822";"e6-28-22";224012;172180
"14295";"E62823";"e6-28-23";224012;172180
"14296";"E62824";"e6-28-24";224012;172180
"14297";"E62831";"e6-28-31";224012;172180
"14298";"E62832";"e6-28-32";224012;172180
"14299";"E62833";"e6-28-33";224012;172180
"14300";"E62834";"e6-28-34";224012;172180
"14301";"E62841";"e6-28-41";224012;172180
"14302";"E62842";"e6-28-42";224012;172180
"14303";"E62843";"e6-28-43";224012;172180
"14304";"E62844";"e6-28-44";224012;172180
"14305";"E63111";"e6-31-11";196012;168180
"14306";"E63112";"e6-31-12";196012;168180
"14307";"E63113";"e6-31-13";196012;168180
"14308";"E63114";"e6-31-14";196012;168180
"14309";"E63121";"e6-31-21";196012;168180
"14310";"E63122";"e6-31-22";196012;168180
"14311";"E63123";"e6-31-23";196012;168180
"14312";"E63124";"e6-31-24";196012;168180
"14313";"E63131";"e6-31-31";196012;168180
"14314";"E63132";"e6-31-32";196012;168180
"14315";"E63133";"e6-31-33";196012;168180
"14316";"E63134";"e6-31-34";196012;168180
"14317";"E63141";"e6-31-41";196012;168180
"14318";"E63142";"e6-31-42";196012;168180
"14319";"E63143";"e6-31-43";196012;168180
"14320";"E63144";"e6-31-44";196012;168180
"14321";"E63211";"e6-32-11";200012;168180
"14322";"E63212";"e6-32-12";200012;168180
"14323";"E63213";"e6-32-13";200012;168180
"14324";"E63214";"e6-32-14";200012;168180
"14325";"E63221";"e6-32-21";200012;168180
"14326";"E63222";"e6-32-22";200012;168180
"14327";"E63223";"e6-32-23";200012;168180
"14328";"E63224";"e6-32-24";200012;168180
"14329";"E63231";"e6-32-31";200012;168180
"14330";"E63232";"e6-32-32";200012;168180
"14331";"E63233";"e6-32-33";200012;168180
"14332";"E63234";"e6-32-34";200012;168180
"14333";"E63241";"e6-32-41";200012;168180
"14334";"E63242";"e6-32-42";200012;168180
"14335";"E63243";"e6-32-43";200012;168180
"14336";"E63244";"e6-32-44";200012;168180
"14337";"E63311";"e6-33-11";204012;168180
"14338";"E63312";"e6-33-12";204012;168180
"14339";"E63313";"e6-33-13";204012;168180
"14340";"E63314";"e6-33-14";204012;168180
"14341";"E63321";"e6-33-21";204012;168180
"14342";"E63322";"e6-33-22";204012;168180
"14343";"E63323";"e6-33-23";204012;168180
"14344";"E63324";"e6-33-24";204012;168180
"14345";"E63331";"e6-33-31";204012;168180
"14346";"E63332";"e6-33-32";204012;168180
"14347";"E63333";"e6-33-33";204012;168180
"14348";"E63334";"e6-33-34";204012;168180
"14349";"E63341";"e6-33-41";204012;168180
"14350";"E63342";"e6-33-42";204012;168180
"14351";"E63343";"e6-33-43";204012;168180
"14352";"E63344";"e6-33-44";204012;168180
"14353";"E63411";"e6-34-11";208012;168180
"14354";"E63412";"e6-34-12";208012;168180
"14355";"E63413";"e6-34-13";208012;168180
"14356";"E63414";"e6-34-14";208012;168180
"14357";"E63421";"e6-34-21";208012;168180
"14358";"E63422";"e6-34-22";208012;168180
"14359";"E63423";"e6-34-23";208012;168180
"14360";"E63424";"e6-34-24";208012;168180
"14361";"E63431";"e6-34-31";208012;168180
"14362";"E63432";"e6-34-32";208012;168180
"14363";"E63433";"e6-34-33";208012;168180
"14364";"E63434";"e6-34-34";208012;168180
"14365";"E63441";"e6-34-41";208012;168180
"14366";"E63442";"e6-34-42";208012;168180
"14367";"E63443";"e6-34-43";208012;168180
"14368";"E63444";"e6-34-44";208012;168180
"14369";"E63511";"e6-35-11";212012;168180
"14370";"E63512";"e6-35-12";212012;168180
"14371";"E63513";"e6-35-13";212012;168180
"14372";"E63514";"e6-35-14";212012;168180
"14373";"E63521";"e6-35-21";212012;168180
"14374";"E63522";"e6-35-22";212012;168180
"14375";"E63523";"e6-35-23";212012;168180
"14376";"E63524";"e6-35-24";212012;168180
"14377";"E63531";"e6-35-31";212012;168180
"14378";"E63532";"e6-35-32";212012;168180
"14379";"E63533";"e6-35-33";212012;168180
"14380";"E63534";"e6-35-34";212012;168180
"14381";"E63541";"e6-35-41";212012;168180
"14382";"E63542";"e6-35-42";212012;168180
"14383";"E63543";"e6-35-43";212012;168180
"14384";"E63544";"e6-35-44";212012;168180
"14385";"E63611";"e6-36-11";216012;168180
"14386";"E63612";"e6-36-12";216012;168180
"14387";"E63613";"e6-36-13";216012;168180
"14388";"E63614";"e6-36-14";216012;168180
"14389";"E63621";"e6-36-21";216012;168180
"14390";"E63622";"e6-36-22";216012;168180
"14391";"E63623";"e6-36-23";216012;168180
"14392";"E63624";"e6-36-24";216012;168180
"14393";"E63631";"e6-36-31";216012;168180
"14394";"E63632";"e6-36-32";216012;168180
"14395";"E63633";"e6-36-33";216012;168180
"14396";"E63634";"e6-36-34";216012;168180
"14397";"E63641";"e6-36-41";216012;168180
"14398";"E63642";"e6-36-42";216012;168180
"14399";"E63643";"e6-36-43";216012;168180
"14400";"E63644";"e6-36-44";216012;168180
"14401";"E63711";"e6-37-11";220012;168180
"14402";"E63712";"e6-37-12";220012;168180
"14403";"E63713";"e6-37-13";220012;168180
"14404";"E63714";"e6-37-14";220012;168180
"14405";"E63721";"e6-37-21";220012;168180
"14406";"E63722";"e6-37-22";220012;168180
"14407";"E63723";"e6-37-23";220012;168180
"14408";"E63724";"e6-37-24";220012;168180
"14409";"E63731";"e6-37-31";220012;168180
"14410";"E63732";"e6-37-32";220012;168180
"14411";"E63733";"e6-37-33";220012;168180
"14412";"E63734";"e6-37-34";220012;168180
"14413";"E63741";"e6-37-41";220012;168180
"14414";"E63742";"e6-37-42";220012;168180
"14415";"E63743";"e6-37-43";220012;168180
"14416";"E63744";"e6-37-44";220012;168180
"14417";"E63811";"e6-38-11";224012;168180
"14418";"E63812";"e6-38-12";224012;168180
"14419";"E63813";"e6-38-13";224012;168180
"14420";"E63814";"e6-38-14";224012;168180
"14421";"E63821";"e6-38-21";224012;168180
"14422";"E63822";"e6-38-22";224012;168180
"14423";"E63823";"e6-38-23";224012;168180
"14424";"E63824";"e6-38-24";224012;168180
"14425";"E63831";"e6-38-31";224012;168180
"14426";"E63832";"e6-38-32";224012;168180
"14427";"E63833";"e6-38-33";224012;168180
"14428";"E63834";"e6-38-34";224012;168180
"14429";"E63841";"e6-38-41";224012;168180
"14430";"E63842";"e6-38-42";224012;168180
"14431";"E63843";"e6-38-43";224012;168180
"14432";"E63844";"e6-38-44";224012;168180
"14433";"E64111";"e6-41-11";196012;164180
"14434";"E64112";"e6-41-12";196012;164180
"14435";"E64113";"e6-41-13";196012;164180
"14436";"E64114";"e6-41-14";196012;164180
"14437";"E64121";"e6-41-21";196012;164180
"14438";"E64122";"e6-41-22";196012;164180
"14439";"E64123";"e6-41-23";196012;164180
"14440";"E64124";"e6-41-24";196012;164180
"14441";"E64131";"e6-41-31";196012;164180
"14442";"E64132";"e6-41-32";196012;164180
"14443";"E64133";"e6-41-33";196012;164180
"14444";"E64134";"e6-41-34";196012;164180
"14445";"E64141";"e6-41-41";196012;164180
"14446";"E64142";"e6-41-42";196012;164180
"14447";"E64143";"e6-41-43";196012;164180
"14448";"E64144";"e6-41-44";196012;164180
"14449";"E64211";"e6-42-11";200012;164180
"14450";"E64212";"e6-42-12";200012;164180
"14451";"E64213";"e6-42-13";200012;164180
"14452";"E64214";"e6-42-14";200012;164180
"14453";"E64221";"e6-42-21";200012;164180
"14454";"E64222";"e6-42-22";200012;164180
"14455";"E64223";"e6-42-23";200012;164180
"14456";"E64224";"e6-42-24";200012;164180
"14457";"E64231";"e6-42-31";200012;164180
"14458";"E64232";"e6-42-32";200012;164180
"14459";"E64233";"e6-42-33";200012;164180
"14460";"E64234";"e6-42-34";200012;164180
"14461";"E64241";"e6-42-41";200012;164180
"14462";"E64242";"e6-42-42";200012;164180
"14463";"E64243";"e6-42-43";200012;164180
"14464";"E64244";"e6-42-44";200012;164180
"14465";"E64311";"e6-43-11";204012;164180
"14466";"E64312";"e6-43-12";204012;164180
"14467";"E64313";"e6-43-13";204012;164180
"14468";"E64314";"e6-43-14";204012;164180
"14469";"E64321";"e6-43-21";204012;164180
"14470";"E64322";"e6-43-22";204012;164180
"14471";"E64323";"e6-43-23";204012;164180
"14472";"E64324";"e6-43-24";204012;164180
"14473";"E64331";"e6-43-31";204012;164180
"14474";"E64332";"e6-43-32";204012;164180
"14475";"E64333";"e6-43-33";204012;164180
"14476";"E64334";"e6-43-34";204012;164180
"14477";"E64341";"e6-43-41";204012;164180
"14478";"E64342";"e6-43-42";204012;164180
"14479";"E64343";"e6-43-43";204012;164180
"14480";"E64344";"e6-43-44";204012;164180
"14481";"E64411";"e6-44-11";208012;164180
"14482";"E64412";"e6-44-12";208012;164180
"14483";"E64413";"e6-44-13";208012;164180
"14484";"E64414";"e6-44-14";208012;164180
"14485";"E64421";"e6-44-21";208012;164180
"14486";"E64422";"e6-44-22";208012;164180
"14487";"E64423";"e6-44-23";208012;164180
"14488";"E64424";"e6-44-24";208012;164180
"14489";"E64431";"e6-44-31";208012;164180
"14490";"E64432";"e6-44-32";208012;164180
"14491";"E64433";"e6-44-33";208012;164180
"14492";"E64434";"e6-44-34";208012;164180
"14493";"E64441";"e6-44-41";208012;164180
"14494";"E64442";"e6-44-42";208012;164180
"14495";"E64443";"e6-44-43";208012;164180
"14496";"E64444";"e6-44-44";208012;164180
"14497";"E64511";"e6-45-11";212012;164180
"14498";"E64512";"e6-45-12";212012;164180
"14499";"E64513";"e6-45-13";212012;164180
"14500";"E64514";"e6-45-14";212012;164180
"14501";"E64521";"e6-45-21";212012;164180
"14502";"E64522";"e6-45-22";212012;164180
"14503";"E64523";"e6-45-23";212012;164180
"14504";"E64524";"e6-45-24";212012;164180
"14505";"E64531";"e6-45-31";212012;164180
"14506";"E64532";"e6-45-32";212012;164180
"14507";"E64533";"e6-45-33";212012;164180
"14508";"E64534";"e6-45-34";212012;164180
"14509";"E64541";"e6-45-41";212012;164180
"14510";"E64542";"e6-45-42";212012;164180
"14511";"E64543";"e6-45-43";212012;164180
"14512";"E64544";"e6-45-44";212012;164180
"14513";"E64611";"e6-46-11";216012;164180
"14514";"E64612";"e6-46-12";216012;164180
"14515";"E64613";"e6-46-13";216012;164180
"14516";"E64614";"e6-46-14";216012;164180
"14517";"E64621";"e6-46-21";216012;164180
"14518";"E64622";"e6-46-22";216012;164180
"14519";"E64623";"e6-46-23";216012;164180
"14520";"E64624";"e6-46-24";216012;164180
"14521";"E64631";"e6-46-31";216012;164180
"14522";"E64632";"e6-46-32";216012;164180
"14523";"E64633";"e6-46-33";216012;164180
"14524";"E64634";"e6-46-34";216012;164180
"14525";"E64641";"e6-46-41";216012;164180
"14526";"E64642";"e6-46-42";216012;164180
"14527";"E64643";"e6-46-43";216012;164180
"14528";"E64644";"e6-46-44";216012;164180
"14529";"E64711";"e6-47-11";220012;164180
"14530";"E64712";"e6-47-12";220012;164180
"14531";"E64713";"e6-47-13";220012;164180
"14532";"E64714";"e6-47-14";220012;164180
"14533";"E64721";"e6-47-21";220012;164180
"14534";"E64722";"e6-47-22";220012;164180
"14535";"E64723";"e6-47-23";220012;164180
"14536";"E64724";"e6-47-24";220012;164180
"14537";"E64731";"e6-47-31";220012;164180
"14538";"E64732";"e6-47-32";220012;164180
"14539";"E64733";"e6-47-33";220012;164180
"14540";"E64734";"e6-47-34";220012;164180
"14541";"E64741";"e6-47-41";220012;164180
"14542";"E64742";"e6-47-42";220012;164180
"14543";"E64743";"e6-47-43";220012;164180
"14544";"E64744";"e6-47-44";220012;164180
"14545";"E64811";"e6-48-11";224012;164180
"14546";"E64812";"e6-48-12";224012;164180
"14547";"E64813";"e6-48-13";224012;164180
"14548";"E64814";"e6-48-14";224012;164180
"14549";"E64821";"e6-48-21";224012;164180
"14550";"E64822";"e6-48-22";224012;164180
"14551";"E64823";"e6-48-23";224012;164180
"14552";"E64824";"e6-48-24";224012;164180
"14553";"E64831";"e6-48-31";224012;164180
"14554";"E64832";"e6-48-32";224012;164180
"14555";"E64833";"e6-48-33";224012;164180
"14556";"E64834";"e6-48-34";224012;164180
"14557";"E64841";"e6-48-41";224012;164180
"14558";"E64842";"e6-48-42";224012;164180
"14559";"E64843";"e6-48-43";224012;164180
"14560";"E64844";"e6-48-44";224012;164180
"14561";"E65111";"e6-51-11";196012;160180
"14562";"E65112";"e6-51-12";196012;160180
"14563";"E65113";"e6-51-13";196012;160180
"14564";"E65114";"e6-51-14";196012;160180
"14565";"E65121";"e6-51-21";196012;160180
"14566";"E65122";"e6-51-22";196012;160180
"14567";"E65123";"e6-51-23";196012;160180
"14568";"E65124";"e6-51-24";196012;160180
"14569";"E65131";"e6-51-31";196012;160180
"14570";"E65132";"e6-51-32";196012;160180
"14571";"E65133";"e6-51-33";196012;160180
"14572";"E65134";"e6-51-34";196012;160180
"14573";"E65141";"e6-51-41";196012;160180
"14574";"E65142";"e6-51-42";196012;160180
"14575";"E65143";"e6-51-43";196012;160180
"14576";"E65144";"e6-51-44";196012;160180
"14577";"E65211";"e6-52-11";200012;160180
"14578";"E65212";"e6-52-12";200012;160180
"14579";"E65213";"e6-52-13";200012;160180
"14580";"E65214";"e6-52-14";200012;160180
"14581";"E65221";"e6-52-21";200012;160180
"14582";"E65222";"e6-52-22";200012;160180
"14583";"E65223";"e6-52-23";200012;160180
"14584";"E65224";"e6-52-24";200012;160180
"14585";"E65231";"e6-52-31";200012;160180
"14586";"E65232";"e6-52-32";200012;160180
"14587";"E65233";"e6-52-33";200012;160180
"14588";"E65234";"e6-52-34";200012;160180
"14589";"E65241";"e6-52-41";200012;160180
"14590";"E65242";"e6-52-42";200012;160180
"14591";"E65243";"e6-52-43";200012;160180
"14592";"E65244";"e6-52-44";200012;160180
"14593";"E65311";"e6-53-11";204012;160180
"14594";"E65312";"e6-53-12";204012;160180
"14595";"E65313";"e6-53-13";204012;160180
"14596";"E65314";"e6-53-14";204012;160180
"14597";"E65321";"e6-53-21";204012;160180
"14598";"E65322";"e6-53-22";204012;160180
"14599";"E65323";"e6-53-23";204012;160180
"14600";"E65324";"e6-53-24";204012;160180
"14601";"E65331";"e6-53-31";204012;160180
"14602";"E65332";"e6-53-32";204012;160180
"14603";"E65333";"e6-53-33";204012;160180
"14604";"E65334";"e6-53-34";204012;160180
"14605";"E65341";"e6-53-41";204012;160180
"14606";"E65342";"e6-53-42";204012;160180
"14607";"E65343";"e6-53-43";204012;160180
"14608";"E65344";"e6-53-44";204012;160180
"14609";"E65411";"e6-54-11";208012;160180
"14610";"E65412";"e6-54-12";208012;160180
"14611";"E65413";"e6-54-13";208012;160180
"14612";"E65414";"e6-54-14";208012;160180
"14613";"E65421";"e6-54-21";208012;160180
"14614";"E65422";"e6-54-22";208012;160180
"14615";"E65423";"e6-54-23";208012;160180
"14616";"E65424";"e6-54-24";208012;160180
"14617";"E65431";"e6-54-31";208012;160180
"14618";"E65432";"e6-54-32";208012;160180
"14619";"E65433";"e6-54-33";208012;160180
"14620";"E65434";"e6-54-34";208012;160180
"14621";"E65441";"e6-54-41";208012;160180
"14622";"E65442";"e6-54-42";208012;160180
"14623";"E65443";"e6-54-43";208012;160180
"14624";"E65444";"e6-54-44";208012;160180
"14625";"E65511";"e6-55-11";212012;160180
"14626";"E65512";"e6-55-12";212012;160180
"14627";"E65513";"e6-55-13";212012;160180
"14628";"E65514";"e6-55-14";212012;160180
"14629";"E65521";"e6-55-21";212012;160180
"14630";"E65522";"e6-55-22";212012;160180
"14631";"E65523";"e6-55-23";212012;160180
"14632";"E65524";"e6-55-24";212012;160180
"14633";"E65531";"e6-55-31";212012;160180
"14634";"E65532";"e6-55-32";212012;160180
"14635";"E65533";"e6-55-33";212012;160180
"14636";"E65534";"e6-55-34";212012;160180
"14637";"E65541";"e6-55-41";212012;160180
"14638";"E65542";"e6-55-42";212012;160180
"14639";"E65543";"e6-55-43";212012;160180
"14640";"E65544";"e6-55-44";212012;160180
"14641";"E65611";"e6-56-11";216012;160180
"14642";"E65612";"e6-56-12";216012;160180
"14643";"E65613";"e6-56-13";216012;160180
"14644";"E65614";"e6-56-14";216012;160180
"14645";"E65621";"e6-56-21";216012;160180
"14646";"E65622";"e6-56-22";216012;160180
"14647";"E65623";"e6-56-23";216012;160180
"14648";"E65624";"e6-56-24";216012;160180
"14649";"E65631";"e6-56-31";216012;160180
"14650";"E65632";"e6-56-32";216012;160180
"14651";"E65633";"e6-56-33";216012;160180
"14652";"E65634";"e6-56-34";216012;160180
"14653";"E65641";"e6-56-41";216012;160180
"14654";"E65642";"e6-56-42";216012;160180
"14655";"E65643";"e6-56-43";216012;160180
"14656";"E65644";"e6-56-44";216012;160180
"14657";"E65711";"e6-57-11";220012;160180
"14658";"E65712";"e6-57-12";220012;160180
"14659";"E65713";"e6-57-13";220012;160180
"14660";"E65714";"e6-57-14";220012;160180
"14661";"E65721";"e6-57-21";220012;160180
"14662";"E65722";"e6-57-22";220012;160180
"14663";"E65723";"e6-57-23";220012;160180
"14664";"E65724";"e6-57-24";220012;160180
"14665";"E65731";"e6-57-31";220012;160180
"14666";"E65732";"e6-57-32";220012;160180
"14667";"E65733";"e6-57-33";220012;160180
"14668";"E65734";"e6-57-34";220012;160180
"14669";"E65741";"e6-57-41";220012;160180
"14670";"E65742";"e6-57-42";220012;160180
"14671";"E65743";"e6-57-43";220012;160180
"14672";"E65744";"e6-57-44";220012;160180
"14673";"E65811";"e6-58-11";224012;160180
"14674";"E65812";"e6-58-12";224012;160180
"14675";"E65813";"e6-58-13";224012;160180
"14676";"E65814";"e6-58-14";224012;160180
"14677";"E65821";"e6-58-21";224012;160180
"14678";"E65822";"e6-58-22";224012;160180
"14679";"E65823";"e6-58-23";224012;160180
"14680";"E65824";"e6-58-24";224012;160180
"14681";"E65831";"e6-58-31";224012;160180
"14682";"E65832";"e6-58-32";224012;160180
"14683";"E65833";"e6-58-33";224012;160180
"14684";"E65834";"e6-58-34";224012;160180
"14685";"E65841";"e6-58-41";224012;160180
"14686";"E65842";"e6-58-42";224012;160180
"14687";"E65843";"e6-58-43";224012;160180
"14688";"E65844";"e6-58-44";224012;160180
"14689";"E71111";"e7-11-11";228012;176180
"14690";"E71112";"e7-11-12";228012;176180
"14691";"E71113";"e7-11-13";228012;176180
"14692";"E71114";"e7-11-14";228012;176180
"14693";"E71121";"e7-11-21";228012;176180
"14694";"E71122";"e7-11-22";228012;176180
"14695";"E71123";"e7-11-23";228012;176180
"14696";"E71124";"e7-11-24";228012;176180
"14697";"E71131";"e7-11-31";228012;176180
"14698";"E71132";"e7-11-32";228012;176180
"14699";"E71133";"e7-11-33";228012;176180
"14700";"E71134";"e7-11-34";228012;176180
"14701";"E71141";"e7-11-41";228012;176180
"14702";"E71142";"e7-11-42";228012;176180
"14703";"E71143";"e7-11-43";228012;176180
"14704";"E71144";"e7-11-44";228012;176180
"14705";"E71211";"e7-12-11";232012;176180
"14706";"E71212";"e7-12-12";232012;176180
"14707";"E71213";"e7-12-13";232012;176180
"14708";"E71214";"e7-12-14";232012;176180
"14709";"E71221";"e7-12-21";232012;176180
"14710";"E71222";"e7-12-22";232012;176180
"14711";"E71223";"e7-12-23";232012;176180
"14712";"E71224";"e7-12-24";232012;176180
"14713";"E71231";"e7-12-31";232012;176180
"14714";"E71232";"e7-12-32";232012;176180
"14715";"E71233";"e7-12-33";232012;176180
"14716";"E71234";"e7-12-34";232012;176180
"14717";"E71241";"e7-12-41";232012;176180
"14718";"E71242";"e7-12-42";232012;176180
"14719";"E71243";"e7-12-43";232012;176180
"14720";"E71244";"e7-12-44";232012;176180
"14721";"E71311";"e7-13-11";236012;176180
"14722";"E71312";"e7-13-12";236012;176180
"14723";"E71313";"e7-13-13";236012;176180
"14724";"E71314";"e7-13-14";236012;176180
"14725";"E71321";"e7-13-21";236012;176180
"14726";"E71322";"e7-13-22";236012;176180
"14727";"E71323";"e7-13-23";236012;176180
"14728";"E71324";"e7-13-24";236012;176180
"14729";"E71331";"e7-13-31";236012;176180
"14730";"E71332";"e7-13-32";236012;176180
"14731";"E71333";"e7-13-33";236012;176180
"14732";"E71334";"e7-13-34";236012;176180
"14733";"E71341";"e7-13-41";236012;176180
"14734";"E71342";"e7-13-42";236012;176180
"14735";"E71343";"e7-13-43";236012;176180
"14736";"E71344";"e7-13-44";236012;176180
"14737";"E71411";"e7-14-11";240012;176180
"14738";"E71412";"e7-14-12";240012;176180
"14739";"E71413";"e7-14-13";240012;176180
"14740";"E71414";"e7-14-14";240012;176180
"14741";"E71421";"e7-14-21";240012;176180
"14742";"E71422";"e7-14-22";240012;176180
"14743";"E71423";"e7-14-23";240012;176180
"14744";"E71424";"e7-14-24";240012;176180
"14745";"E71431";"e7-14-31";240012;176180
"14746";"E71432";"e7-14-32";240012;176180
"14747";"E71433";"e7-14-33";240012;176180
"14748";"E71434";"e7-14-34";240012;176180
"14749";"E71441";"e7-14-41";240012;176180
"14750";"E71442";"e7-14-42";240012;176180
"14751";"E71443";"e7-14-43";240012;176180
"14752";"E71444";"e7-14-44";240012;176180
"14753";"E71511";"e7-15-11";244012;176180
"14754";"E71512";"e7-15-12";244012;176180
"14755";"E71513";"e7-15-13";244012;176180
"14756";"E71514";"e7-15-14";244012;176180
"14757";"E71521";"e7-15-21";244012;176180
"14758";"E71522";"e7-15-22";244012;176180
"14759";"E71523";"e7-15-23";244012;176180
"14760";"E71524";"e7-15-24";244012;176180
"14761";"E71531";"e7-15-31";244012;176180
"14762";"E71532";"e7-15-32";244012;176180
"14763";"E71533";"e7-15-33";244012;176180
"14764";"E71534";"e7-15-34";244012;176180
"14765";"E71541";"e7-15-41";244012;176180
"14766";"E71542";"e7-15-42";244012;176180
"14767";"E71543";"e7-15-43";244012;176180
"14768";"E71544";"e7-15-44";244012;176180
"14769";"E72111";"e7-21-11";228012;172180
"14770";"E72112";"e7-21-12";228012;172180
"14771";"E72113";"e7-21-13";228012;172180
"14772";"E72114";"e7-21-14";228012;172180
"14773";"E72121";"e7-21-21";228012;172180
"14774";"E72122";"e7-21-22";228012;172180
"14775";"E72123";"e7-21-23";228012;172180
"14776";"E72124";"e7-21-24";228012;172180
"14777";"E72131";"e7-21-31";228012;172180
"14778";"E72132";"e7-21-32";228012;172180
"14779";"E72133";"e7-21-33";228012;172180
"14780";"E72134";"e7-21-34";228012;172180
"14781";"E72141";"e7-21-41";228012;172180
"14782";"E72142";"e7-21-42";228012;172180
"14783";"E72143";"e7-21-43";228012;172180
"14784";"E72144";"e7-21-44";228012;172180
"14785";"E72211";"e7-22-11";232012;172180
"14786";"E72212";"e7-22-12";232012;172180
"14787";"E72213";"e7-22-13";232012;172180
"14788";"E72214";"e7-22-14";232012;172180
"14789";"E72221";"e7-22-21";232012;172180
"14790";"E72222";"e7-22-22";232012;172180
"14791";"E72223";"e7-22-23";232012;172180
"14792";"E72224";"e7-22-24";232012;172180
"14793";"E72231";"e7-22-31";232012;172180
"14794";"E72232";"e7-22-32";232012;172180
"14795";"E72233";"e7-22-33";232012;172180
"14796";"E72234";"e7-22-34";232012;172180
"14797";"E72241";"e7-22-41";232012;172180
"14798";"E72242";"e7-22-42";232012;172180
"14799";"E72243";"e7-22-43";232012;172180
"14800";"E72244";"e7-22-44";232012;172180
"14801";"E72311";"e7-23-11";236012;172180
"14802";"E72312";"e7-23-12";236012;172180
"14803";"E72313";"e7-23-13";236012;172180
"14804";"E72314";"e7-23-14";236012;172180
"14805";"E72321";"e7-23-21";236012;172180
"14806";"E72322";"e7-23-22";236012;172180
"14807";"E72323";"e7-23-23";236012;172180
"14808";"E72324";"e7-23-24";236012;172180
"14809";"E72331";"e7-23-31";236012;172180
"14810";"E72332";"e7-23-32";236012;172180
"14811";"E72333";"e7-23-33";236012;172180
"14812";"E72334";"e7-23-34";236012;172180
"14813";"E72341";"e7-23-41";236012;172180
"14814";"E72342";"e7-23-42";236012;172180
"14815";"E72343";"e7-23-43";236012;172180
"14816";"E72344";"e7-23-44";236012;172180
"14817";"E72411";"e7-24-11";240012;172180
"14818";"E72412";"e7-24-12";240012;172180
"14819";"E72413";"e7-24-13";240012;172180
"14820";"E72414";"e7-24-14";240012;172180
"14821";"E72421";"e7-24-21";240012;172180
"14822";"E72422";"e7-24-22";240012;172180
"14823";"E72423";"e7-24-23";240012;172180
"14824";"E72424";"e7-24-24";240012;172180
"14825";"E72431";"e7-24-31";240012;172180
"14826";"E72432";"e7-24-32";240012;172180
"14827";"E72433";"e7-24-33";240012;172180
"14828";"E72434";"e7-24-34";240012;172180
"14829";"E72441";"e7-24-41";240012;172180
"14830";"E72442";"e7-24-42";240012;172180
"14831";"E72443";"e7-24-43";240012;172180
"14832";"E72444";"e7-24-44";240012;172180
"14833";"E73111";"e7-31-11";228012;168180
"14834";"E73112";"e7-31-12";228012;168180
"14835";"E73113";"e7-31-13";228012;168180
"14836";"E73114";"e7-31-14";228012;168180
"14837";"E73121";"e7-31-21";228012;168180
"14838";"E73122";"e7-31-22";228012;168180
"14839";"E73123";"e7-31-23";228012;168180
"14840";"E73124";"e7-31-24";228012;168180
"14841";"E73131";"e7-31-31";228012;168180
"14842";"E73132";"e7-31-32";228012;168180
"14843";"E73133";"e7-31-33";228012;168180
"14844";"E73134";"e7-31-34";228012;168180
"14845";"E73141";"e7-31-41";228012;168180
"14846";"E73142";"e7-31-42";228012;168180
"14847";"E73143";"e7-31-43";228012;168180
"14848";"E73144";"e7-31-44";228012;168180
"14849";"E73211";"e7-32-11";232012;168180
"14850";"E73212";"e7-32-12";232012;168180
"14851";"E73213";"e7-32-13";232012;168180
"14852";"E73214";"e7-32-14";232012;168180
"14853";"E73221";"e7-32-21";232012;168180
"14854";"E73222";"e7-32-22";232012;168180
"14855";"E73223";"e7-32-23";232012;168180
"14856";"E73224";"e7-32-24";232012;168180
"14857";"E73231";"e7-32-31";232012;168180
"14858";"E73232";"e7-32-32";232012;168180
"14859";"E73233";"e7-32-33";232012;168180
"14860";"E73234";"e7-32-34";232012;168180
"14861";"E73241";"e7-32-41";232012;168180
"14862";"E73242";"e7-32-42";232012;168180
"14863";"E73243";"e7-32-43";232012;168180
"14864";"E73244";"e7-32-44";232012;168180
"14865";"E73311";"e7-33-11";236012;168180
"14866";"E73312";"e7-33-12";236012;168180
"14867";"E73313";"e7-33-13";236012;168180
"14868";"E73314";"e7-33-14";236012;168180
"14869";"E73321";"e7-33-21";236012;168180
"14870";"E73322";"e7-33-22";236012;168180
"14871";"E73323";"e7-33-23";236012;168180
"14872";"E73324";"e7-33-24";236012;168180
"14873";"E73331";"e7-33-31";236012;168180
"14874";"E73332";"e7-33-32";236012;168180
"14875";"E73333";"e7-33-33";236012;168180
"14876";"E73334";"e7-33-34";236012;168180
"14877";"E73341";"e7-33-41";236012;168180
"14878";"E73342";"e7-33-42";236012;168180
"14879";"E73343";"e7-33-43";236012;168180
"14880";"E73344";"e7-33-44";236012;168180
"14881";"E73411";"e7-34-11";240012;168180
"14882";"E73412";"e7-34-12";240012;168180
"14883";"E73413";"e7-34-13";240012;168180
"14884";"E73414";"e7-34-14";240012;168180
"14885";"E73421";"e7-34-21";240012;168180
"14886";"E73422";"e7-34-22";240012;168180
"14887";"E73423";"e7-34-23";240012;168180
"14888";"E73424";"e7-34-24";240012;168180
"14889";"E73431";"e7-34-31";240012;168180
"14890";"E73432";"e7-34-32";240012;168180
"14891";"E73433";"e7-34-33";240012;168180
"14892";"E73434";"e7-34-34";240012;168180
"14893";"E73441";"e7-34-41";240012;168180
"14894";"E73442";"e7-34-42";240012;168180
"14895";"E73443";"e7-34-43";240012;168180
"14896";"E73444";"e7-34-44";240012;168180
"14897";"E73511";"e7-35-11";244012;168180
"14898";"E73512";"e7-35-12";244012;168180
"14899";"E73513";"e7-35-13";244012;168180
"14900";"E73514";"e7-35-14";244012;168180
"14901";"E73521";"e7-35-21";244012;168180
"14902";"E73522";"e7-35-22";244012;168180
"14903";"E73523";"e7-35-23";244012;168180
"14904";"E73524";"e7-35-24";244012;168180
"14905";"E73531";"e7-35-31";244012;168180
"14906";"E73532";"e7-35-32";244012;168180
"14907";"E73533";"e7-35-33";244012;168180
"14908";"E73534";"e7-35-34";244012;168180
"14909";"E73541";"e7-35-41";244012;168180
"14910";"E73542";"e7-35-42";244012;168180
"14911";"E73543";"e7-35-43";244012;168180
"14912";"E73544";"e7-35-44";244012;168180
"14913";"E74111";"e7-41-11";228012;164180
"14914";"E74112";"e7-41-12";228012;164180
"14915";"E74113";"e7-41-13";228012;164180
"14916";"E74114";"e7-41-14";228012;164180
"14917";"E74121";"e7-41-21";228012;164180
"14918";"E74122";"e7-41-22";228012;164180
"14919";"E74123";"e7-41-23";228012;164180
"14920";"E74124";"e7-41-24";228012;164180
"14921";"E74131";"e7-41-31";228012;164180
"14922";"E74132";"e7-41-32";228012;164180
"14923";"E74133";"e7-41-33";228012;164180
"14924";"E74134";"e7-41-34";228012;164180
"14925";"E74141";"e7-41-41";228012;164180
"14926";"E74142";"e7-41-42";228012;164180
"14927";"E74143";"e7-41-43";228012;164180
"14928";"E74144";"e7-41-44";228012;164180
"14929";"E74211";"e7-42-11";232012;164180
"14930";"E74212";"e7-42-12";232012;164180
"14931";"E74213";"e7-42-13";232012;164180
"14932";"E74214";"e7-42-14";232012;164180
"14933";"E74221";"e7-42-21";232012;164180
"14934";"E74222";"e7-42-22";232012;164180
"14935";"E74223";"e7-42-23";232012;164180
"14936";"E74224";"e7-42-24";232012;164180
"14937";"E74231";"e7-42-31";232012;164180
"14938";"E74232";"e7-42-32";232012;164180
"14939";"E74233";"e7-42-33";232012;164180
"14940";"E74234";"e7-42-34";232012;164180
"14941";"E74241";"e7-42-41";232012;164180
"14942";"E74242";"e7-42-42";232012;164180
"14943";"E74243";"e7-42-43";232012;164180
"14944";"E74244";"e7-42-44";232012;164180
"14945";"E74311";"e7-43-11";236012;164180
"14946";"E74312";"e7-43-12";236012;164180
"14947";"E74313";"e7-43-13";236012;164180
"14948";"E74314";"e7-43-14";236012;164180
"14949";"E74321";"e7-43-21";236012;164180
"14950";"E74322";"e7-43-22";236012;164180
"14951";"E74323";"e7-43-23";236012;164180
"14952";"E74324";"e7-43-24";236012;164180
"14953";"E74331";"e7-43-31";236012;164180
"14954";"E74332";"e7-43-32";236012;164180
"14955";"E74333";"e7-43-33";236012;164180
"14956";"E74334";"e7-43-34";236012;164180
"14957";"E74341";"e7-43-41";236012;164180
"14958";"E74342";"e7-43-42";236012;164180
"14959";"E74343";"e7-43-43";236012;164180
"14960";"E74344";"e7-43-44";236012;164180
"14961";"E74411";"e7-44-11";240012;164180
"14962";"E74412";"e7-44-12";240012;164180
"14963";"E74413";"e7-44-13";240012;164180
"14964";"E74414";"e7-44-14";240012;164180
"14965";"E74421";"e7-44-21";240012;164180
"14966";"E74422";"e7-44-22";240012;164180
"14967";"E74423";"e7-44-23";240012;164180
"14968";"E74424";"e7-44-24";240012;164180
"14969";"E74431";"e7-44-31";240012;164180
"14970";"E74432";"e7-44-32";240012;164180
"14971";"E74433";"e7-44-33";240012;164180
"14972";"E74434";"e7-44-34";240012;164180
"14973";"E74441";"e7-44-41";240012;164180
"14974";"E74442";"e7-44-42";240012;164180
"14975";"E74443";"e7-44-43";240012;164180
"14976";"E74444";"e7-44-44";240012;164180
"14977";"E74511";"e7-45-11";244012;164180
"14978";"E74512";"e7-45-12";244012;164180
"14979";"E74513";"e7-45-13";244012;164180
"14980";"E74514";"e7-45-14";244012;164180
"14981";"E74521";"e7-45-21";244012;164180
"14982";"E74522";"e7-45-22";244012;164180
"14983";"E74523";"e7-45-23";244012;164180
"14984";"E74524";"e7-45-24";244012;164180
"14985";"E74531";"e7-45-31";244012;164180
"14986";"E74532";"e7-45-32";244012;164180
"14987";"E74533";"e7-45-33";244012;164180
"14988";"E74534";"e7-45-34";244012;164180
"14989";"E74541";"e7-45-41";244012;164180
"14990";"E74542";"e7-45-42";244012;164180
"14991";"E74543";"e7-45-43";244012;164180
"14992";"E74544";"e7-45-44";244012;164180
"14993";"E74611";"e7-46-11";248012;164180
"14994";"E74612";"e7-46-12";248012;164180
"14995";"E74613";"e7-46-13";248012;164180
"14996";"E74614";"e7-46-14";248012;164180
"14997";"E74621";"e7-46-21";248012;164180
"14998";"E74622";"e7-46-22";248012;164180
"14999";"E74623";"e7-46-23";248012;164180
"15000";"E74624";"e7-46-24";248012;164180
"15001";"E74631";"e7-46-31";248012;164180
"15002";"E74632";"e7-46-32";248012;164180
"15003";"E74633";"e7-46-33";248012;164180
"15004";"E74634";"e7-46-34";248012;164180
"15005";"E74641";"e7-46-41";248012;164180
"15006";"E74642";"e7-46-42";248012;164180
"15007";"E74643";"e7-46-43";248012;164180
"15008";"E74644";"e7-46-44";248012;164180
"15009";"E74711";"e7-47-11";252012;164180
"15010";"E74712";"e7-47-12";252012;164180
"15011";"E74713";"e7-47-13";252012;164180
"15012";"E74714";"e7-47-14";252012;164180
"15013";"E74721";"e7-47-21";252012;164180
"15014";"E74722";"e7-47-22";252012;164180
"15015";"E74723";"e7-47-23";252012;164180
"15016";"E74724";"e7-47-24";252012;164180
"15017";"E74731";"e7-47-31";252012;164180
"15018";"E74732";"e7-47-32";252012;164180
"15019";"E74733";"e7-47-33";252012;164180
"15020";"E74734";"e7-47-34";252012;164180
"15021";"E74741";"e7-47-41";252012;164180
"15022";"E74742";"e7-47-42";252012;164180
"15023";"E74743";"e7-47-43";252012;164180
"15024";"E74744";"e7-47-44";252012;164180
"15025";"E74811";"e7-48-11";256012;164180
"15026";"E74812";"e7-48-12";256012;164180
"15027";"E74813";"e7-48-13";256012;164180
"15028";"E74814";"e7-48-14";256012;164180
"15029";"E74821";"e7-48-21";256012;164180
"15030";"E74822";"e7-48-22";256012;164180
"15031";"E74823";"e7-48-23";256012;164180
"15032";"E74824";"e7-48-24";256012;164180
"15033";"E74831";"e7-48-31";256012;164180
"15034";"E74832";"e7-48-32";256012;164180
"15035";"E74833";"e7-48-33";256012;164180
"15036";"E74834";"e7-48-34";256012;164180
"15037";"E74841";"e7-48-41";256012;164180
"15038";"E74842";"e7-48-42";256012;164180
"15039";"E74843";"e7-48-43";256012;164180
"15040";"E74844";"e7-48-44";256012;164180
"15041";"E75111";"e7-51-11";228012;160180
"15042";"E75112";"e7-51-12";228012;160180
"15043";"E75113";"e7-51-13";228012;160180
"15044";"E75114";"e7-51-14";228012;160180
"15045";"E75121";"e7-51-21";228012;160180
"15046";"E75122";"e7-51-22";228012;160180
"15047";"E75123";"e7-51-23";228012;160180
"15048";"E75124";"e7-51-24";228012;160180
"15049";"E75131";"e7-51-31";228012;160180
"15050";"E75132";"e7-51-32";228012;160180
"15051";"E75133";"e7-51-33";228012;160180
"15052";"E75134";"e7-51-34";228012;160180
"15053";"E75141";"e7-51-41";228012;160180
"15054";"E75142";"e7-51-42";228012;160180
"15055";"E75143";"e7-51-43";228012;160180
"15056";"E75144";"e7-51-44";228012;160180
"15057";"E75211";"e7-52-11";232012;160180
"15058";"E75212";"e7-52-12";232012;160180
"15059";"E75213";"e7-52-13";232012;160180
"15060";"E75214";"e7-52-14";232012;160180
"15061";"E75221";"e7-52-21";232012;160180
"15062";"E75222";"e7-52-22";232012;160180
"15063";"E75223";"e7-52-23";232012;160180
"15064";"E75224";"e7-52-24";232012;160180
"15065";"E75231";"e7-52-31";232012;160180
"15066";"E75232";"e7-52-32";232012;160180
"15067";"E75233";"e7-52-33";232012;160180
"15068";"E75234";"e7-52-34";232012;160180
"15069";"E75241";"e7-52-41";232012;160180
"15070";"E75242";"e7-52-42";232012;160180
"15071";"E75243";"e7-52-43";232012;160180
"15072";"E75244";"e7-52-44";232012;160180
"15073";"E75311";"e7-53-11";236012;160180
"15074";"E75312";"e7-53-12";236012;160180
"15075";"E75313";"e7-53-13";236012;160180
"15076";"E75314";"e7-53-14";236012;160180
"15077";"E75321";"e7-53-21";236012;160180
"15078";"E75322";"e7-53-22";236012;160180
"15079";"E75323";"e7-53-23";236012;160180
"15080";"E75324";"e7-53-24";236012;160180
"15081";"E75331";"e7-53-31";236012;160180
"15082";"E75332";"e7-53-32";236012;160180
"15083";"E75333";"e7-53-33";236012;160180
"15084";"E75334";"e7-53-34";236012;160180
"15085";"E75341";"e7-53-41";236012;160180
"15086";"E75342";"e7-53-42";236012;160180
"15087";"E75343";"e7-53-43";236012;160180
"15088";"E75344";"e7-53-44";236012;160180
"15089";"E75511";"e7-55-11";244012;160180
"15090";"E75512";"e7-55-12";244012;160180
"15091";"E75513";"e7-55-13";244012;160180
"15092";"E75514";"e7-55-14";244012;160180
"15093";"E75521";"e7-55-21";244012;160180
"15094";"E75522";"e7-55-22";244012;160180
"15095";"E75523";"e7-55-23";244012;160180
"15096";"E75524";"e7-55-24";244012;160180
"15097";"E75531";"e7-55-31";244012;160180
"15098";"E75532";"e7-55-32";244012;160180
"15099";"E75533";"e7-55-33";244012;160180
"15100";"E75534";"e7-55-34";244012;160180
"15101";"E75541";"e7-55-41";244012;160180
"15102";"E75542";"e7-55-42";244012;160180
"15103";"E75543";"e7-55-43";244012;160180
"15104";"E75544";"e7-55-44";244012;160180
"15105";"E75611";"e7-56-11";248012;160180
"15106";"E75612";"e7-56-12";248012;160180
"15107";"E75613";"e7-56-13";248012;160180
"15108";"E75614";"e7-56-14";248012;160180
"15109";"E75621";"e7-56-21";248012;160180
"15110";"E75622";"e7-56-22";248012;160180
"15111";"E75623";"e7-56-23";248012;160180
"15112";"E75624";"e7-56-24";248012;160180
"15113";"E75631";"e7-56-31";248012;160180
"15114";"E75632";"e7-56-32";248012;160180
"15115";"E75633";"e7-56-33";248012;160180
"15116";"E75634";"e7-56-34";248012;160180
"15117";"E75641";"e7-56-41";248012;160180
"15118";"E75642";"e7-56-42";248012;160180
"15119";"E75643";"e7-56-43";248012;160180
"15120";"E75644";"e7-56-44";248012;160180
"15121";"E75711";"e7-57-11";252012;160180
"15122";"E75712";"e7-57-12";252012;160180
"15123";"E75713";"e7-57-13";252012;160180
"15124";"E75714";"e7-57-14";252012;160180
"15125";"E75721";"e7-57-21";252012;160180
"15126";"E75722";"e7-57-22";252012;160180
"15127";"E75723";"e7-57-23";252012;160180
"15128";"E75724";"e7-57-24";252012;160180
"15129";"E75731";"e7-57-31";252012;160180
"15130";"E75732";"e7-57-32";252012;160180
"15131";"E75733";"e7-57-33";252012;160180
"15132";"E75734";"e7-57-34";252012;160180
"15133";"E75741";"e7-57-41";252012;160180
"15134";"E75742";"e7-57-42";252012;160180
"15135";"E75743";"e7-57-43";252012;160180
"15136";"E75744";"e7-57-44";252012;160180
"15137";"E75811";"e7-58-11";256012;160180
"15138";"E75812";"e7-58-12";256012;160180
"15139";"E75813";"e7-58-13";256012;160180
"15140";"E75814";"e7-58-14";256012;160180
"15141";"E75821";"e7-58-21";256012;160180
"15142";"E75822";"e7-58-22";256012;160180
"15143";"E75823";"e7-58-23";256012;160180
"15144";"E75824";"e7-58-24";256012;160180
"15145";"E75831";"e7-58-31";256012;160180
"15146";"E75832";"e7-58-32";256012;160180
"15147";"E75833";"e7-58-33";256012;160180
"15148";"E75834";"e7-58-34";256012;160180
"15149";"E75841";"e7-58-41";256012;160180
"15150";"E75842";"e7-58-42";256012;160180
"15151";"E75843";"e7-58-43";256012;160180
"15152";"E75844";"e7-58-44";256012;160180
"15153";"E85111";"e8-51-11";260012;160180
"15154";"E85112";"e8-51-12";260012;160180
"15155";"E85113";"e8-51-13";260012;160180
"15156";"E85114";"e8-51-14";260012;160180
"15157";"E85121";"e8-51-21";260012;160180
"15158";"E85122";"e8-51-22";260012;160180
"15159";"E85123";"e8-51-23";260012;160180
"15160";"E85124";"e8-51-24";260012;160180
"15161";"E85131";"e8-51-31";260012;160180
"15162";"E85132";"e8-51-32";260012;160180
"15163";"E85133";"e8-51-33";260012;160180
"15164";"E85134";"e8-51-34";260012;160180
"15165";"E85141";"e8-51-41";260012;160180
"15166";"E85142";"e8-51-42";260012;160180
"15167";"E85143";"e8-51-43";260012;160180
"15168";"E85144";"e8-51-44";260012;160180
"15169";"F11211";"f1-12-11";40012;156180
"15170";"F11212";"f1-12-12";40012;156180
"15171";"F11213";"f1-12-13";40012;156180
"15172";"F11214";"f1-12-14";40012;156180
"15173";"F11221";"f1-12-21";40012;156180
"15174";"F11222";"f1-12-22";40012;156180
"15175";"F11223";"f1-12-23";40012;156180
"15176";"F11224";"f1-12-24";40012;156180
"15177";"F11231";"f1-12-31";40012;156180
"15178";"F11232";"f1-12-32";40012;156180
"15179";"F11233";"f1-12-33";40012;156180
"15180";"F11234";"f1-12-34";40012;156180
"15181";"F11241";"f1-12-41";40012;156180
"15182";"F11242";"f1-12-42";40012;156180
"15183";"F11243";"f1-12-43";40012;156180
"15184";"F11244";"f1-12-44";40012;156180
"15185";"F11311";"f1-13-11";44012;156180
"15186";"F11312";"f1-13-12";44012;156180
"15187";"F11313";"f1-13-13";44012;156180
"15188";"F11314";"f1-13-14";44012;156180
"15189";"F11321";"f1-13-21";44012;156180
"15190";"F11322";"f1-13-22";44012;156180
"15191";"F11323";"f1-13-23";44012;156180
"15192";"F11324";"f1-13-24";44012;156180
"15193";"F11331";"f1-13-31";44012;156180
"15194";"F11332";"f1-13-32";44012;156180
"15195";"F11333";"f1-13-33";44012;156180
"15196";"F11334";"f1-13-34";44012;156180
"15197";"F11341";"f1-13-41";44012;156180
"15198";"F11342";"f1-13-42";44012;156180
"15199";"F11343";"f1-13-43";44012;156180
"15200";"F11344";"f1-13-44";44012;156180
"15201";"F21311";"f2-13-11";76012;156180
"15202";"F21312";"f2-13-12";76012;156180
"15203";"F21313";"f2-13-13";76012;156180
"15204";"F21314";"f2-13-14";76012;156180
"15205";"F21321";"f2-13-21";76012;156180
"15206";"F21322";"f2-13-22";76012;156180
"15207";"F21323";"f2-13-23";76012;156180
"15208";"F21324";"f2-13-24";76012;156180
"15209";"F21331";"f2-13-31";76012;156180
"15210";"F21332";"f2-13-32";76012;156180
"15211";"F21333";"f2-13-33";76012;156180
"15212";"F21334";"f2-13-34";76012;156180
"15213";"F21341";"f2-13-41";76012;156180
"15214";"F21342";"f2-13-42";76012;156180
"15215";"F21343";"f2-13-43";76012;156180
"15216";"F21344";"f2-13-44";76012;156180
"15217";"F21411";"f2-14-11";80012;156180
"15218";"F21412";"f2-14-12";80012;156180
"15219";"F21413";"f2-14-13";80012;156180
"15220";"F21414";"f2-14-14";80012;156180
"15221";"F21421";"f2-14-21";80012;156180
"15222";"F21422";"f2-14-22";80012;156180
"15223";"F21423";"f2-14-23";80012;156180
"15224";"F21424";"f2-14-24";80012;156180
"15225";"F21431";"f2-14-31";80012;156180
"15226";"F21432";"f2-14-32";80012;156180
"15227";"F21433";"f2-14-33";80012;156180
"15228";"F21434";"f2-14-34";80012;156180
"15229";"F21441";"f2-14-41";80012;156180
"15230";"F21442";"f2-14-42";80012;156180
"15231";"F21443";"f2-14-43";80012;156180
"15232";"F21444";"f2-14-44";80012;156180
"15233";"F21711";"f2-17-11";92012;156180
"15234";"F21712";"f2-17-12";92012;156180
"15235";"F21713";"f2-17-13";92012;156180
"15236";"F21714";"f2-17-14";92012;156180
"15237";"F21721";"f2-17-21";92012;156180
"15238";"F21722";"f2-17-22";92012;156180
"15239";"F21723";"f2-17-23";92012;156180
"15240";"F21724";"f2-17-24";92012;156180
"15241";"F21731";"f2-17-31";92012;156180
"15242";"F21732";"f2-17-32";92012;156180
"15243";"F21733";"f2-17-33";92012;156180
"15244";"F21734";"f2-17-34";92012;156180
"15245";"F21741";"f2-17-41";92012;156180
"15246";"F21742";"f2-17-42";92012;156180
"15247";"F21743";"f2-17-43";92012;156180
"15248";"F21744";"f2-17-44";92012;156180
"15249";"F21811";"f2-18-11";96012;156180
"15250";"F21812";"f2-18-12";96012;156180
"15251";"F21813";"f2-18-13";96012;156180
"15252";"F21814";"f2-18-14";96012;156180
"15253";"F21821";"f2-18-21";96012;156180
"15254";"F21822";"f2-18-22";96012;156180
"15255";"F21823";"f2-18-23";96012;156180
"15256";"F21824";"f2-18-24";96012;156180
"15257";"F21831";"f2-18-31";96012;156180
"15258";"F21832";"f2-18-32";96012;156180
"15259";"F21833";"f2-18-33";96012;156180
"15260";"F21834";"f2-18-34";96012;156180
"15261";"F21841";"f2-18-41";96012;156180
"15262";"F21842";"f2-18-42";96012;156180
"15263";"F21843";"f2-18-43";96012;156180
"15264";"F21844";"f2-18-44";96012;156180
"15265";"F31111";"f3-11-11";100012;156180
"15266";"F31112";"f3-11-12";100012;156180
"15267";"F31113";"f3-11-13";100012;156180
"15268";"F31114";"f3-11-14";100012;156180
"15269";"F31121";"f3-11-21";100012;156180
"15270";"F31122";"f3-11-22";100012;156180
"15271";"F31123";"f3-11-23";100012;156180
"15272";"F31124";"f3-11-24";100012;156180
"15273";"F31131";"f3-11-31";100012;156180
"15274";"F31132";"f3-11-32";100012;156180
"15275";"F31133";"f3-11-33";100012;156180
"15276";"F31134";"f3-11-34";100012;156180
"15277";"F31141";"f3-11-41";100012;156180
"15278";"F31142";"f3-11-42";100012;156180
"15279";"F31143";"f3-11-43";100012;156180
"15280";"F31144";"f3-11-44";100012;156180
"15281";"F31511";"f3-15-11";116012;156180
"15282";"F31512";"f3-15-12";116012;156180
"15283";"F31513";"f3-15-13";116012;156180
"15284";"F31514";"f3-15-14";116012;156180
"15285";"F31521";"f3-15-21";116012;156180
"15286";"F31522";"f3-15-22";116012;156180
"15287";"F31523";"f3-15-23";116012;156180
"15288";"F31524";"f3-15-24";116012;156180
"15289";"F31531";"f3-15-31";116012;156180
"15290";"F31532";"f3-15-32";116012;156180
"15291";"F31533";"f3-15-33";116012;156180
"15292";"F31534";"f3-15-34";116012;156180
"15293";"F31541";"f3-15-41";116012;156180
"15294";"F31542";"f3-15-42";116012;156180
"15295";"F31543";"f3-15-43";116012;156180
"15296";"F31544";"f3-15-44";116012;156180
"15297";"F31611";"f3-16-11";120012;156180
"15298";"F31612";"f3-16-12";120012;156180
"15299";"F31613";"f3-16-13";120012;156180
"15300";"F31614";"f3-16-14";120012;156180
"15301";"F31621";"f3-16-21";120012;156180
"15302";"F31622";"f3-16-22";120012;156180
"15303";"F31623";"f3-16-23";120012;156180
"15304";"F31624";"f3-16-24";120012;156180
"15305";"F31631";"f3-16-31";120012;156180
"15306";"F31632";"f3-16-32";120012;156180
"15307";"F31633";"f3-16-33";120012;156180
"15308";"F31634";"f3-16-34";120012;156180
"15309";"F31641";"f3-16-41";120012;156180
"15310";"F31642";"f3-16-42";120012;156180
"15311";"F31643";"f3-16-43";120012;156180
"15312";"F31644";"f3-16-44";120012;156180
"15313";"F31711";"f3-17-11";124012;156180
"15314";"F31712";"f3-17-12";124012;156180
"15315";"F31713";"f3-17-13";124012;156180
"15316";"F31714";"f3-17-14";124012;156180
"15317";"F31721";"f3-17-21";124012;156180
"15318";"F31722";"f3-17-22";124012;156180
"15319";"F31723";"f3-17-23";124012;156180
"15320";"F31724";"f3-17-24";124012;156180
"15321";"F31731";"f3-17-31";124012;156180
"15322";"F31732";"f3-17-32";124012;156180
"15323";"F31733";"f3-17-33";124012;156180
"15324";"F31734";"f3-17-34";124012;156180
"15325";"F31741";"f3-17-41";124012;156180
"15326";"F31742";"f3-17-42";124012;156180
"15327";"F31743";"f3-17-43";124012;156180
"15328";"F31744";"f3-17-44";124012;156180
"15329";"F31811";"f3-18-11";128012;156180
"15330";"F31812";"f3-18-12";128012;156180
"15331";"F31813";"f3-18-13";128012;156180
"15332";"F31814";"f3-18-14";128012;156180
"15333";"F31821";"f3-18-21";128012;156180
"15334";"F31822";"f3-18-22";128012;156180
"15335";"F31823";"f3-18-23";128012;156180
"15336";"F31824";"f3-18-24";128012;156180
"15337";"F31831";"f3-18-31";128012;156180
"15338";"F31832";"f3-18-32";128012;156180
"15339";"F31833";"f3-18-33";128012;156180
"15340";"F31834";"f3-18-34";128012;156180
"15341";"F31841";"f3-18-41";128012;156180
"15342";"F31842";"f3-18-42";128012;156180
"15343";"F31843";"f3-18-43";128012;156180
"15344";"F31844";"f3-18-44";128012;156180
"15345";"F32511";"f3-25-11";116012;152180
"15346";"F32512";"f3-25-12";116012;152180
"15347";"F32513";"f3-25-13";116012;152180
"15348";"F32514";"f3-25-14";116012;152180
"15349";"F32521";"f3-25-21";116012;152180
"15350";"F32522";"f3-25-22";116012;152180
"15351";"F32523";"f3-25-23";116012;152180
"15352";"F32524";"f3-25-24";116012;152180
"15353";"F32531";"f3-25-31";116012;152180
"15354";"F32532";"f3-25-32";116012;152180
"15355";"F32533";"f3-25-33";116012;152180
"15356";"F32534";"f3-25-34";116012;152180
"15357";"F32541";"f3-25-41";116012;152180
"15358";"F32542";"f3-25-42";116012;152180
"15359";"F32543";"f3-25-43";116012;152180
"15360";"F32544";"f3-25-44";116012;152180
"15361";"F32611";"f3-26-11";120012;152180
"15362";"F32612";"f3-26-12";120012;152180
"15363";"F32613";"f3-26-13";120012;152180
"15364";"F32614";"f3-26-14";120012;152180
"15365";"F32621";"f3-26-21";120012;152180
"15366";"F32622";"f3-26-22";120012;152180
"15367";"F32623";"f3-26-23";120012;152180
"15368";"F32624";"f3-26-24";120012;152180
"15369";"F32631";"f3-26-31";120012;152180
"15370";"F32632";"f3-26-32";120012;152180
"15371";"F32633";"f3-26-33";120012;152180
"15372";"F32634";"f3-26-34";120012;152180
"15373";"F32641";"f3-26-41";120012;152180
"15374";"F32642";"f3-26-42";120012;152180
"15375";"F32643";"f3-26-43";120012;152180
"15376";"F32644";"f3-26-44";120012;152180
"15377";"F32711";"f3-27-11";124012;152180
"15378";"F32712";"f3-27-12";124012;152180
"15379";"F32713";"f3-27-13";124012;152180
"15380";"F32714";"f3-27-14";124012;152180
"15381";"F32721";"f3-27-21";124012;152180
"15382";"F32722";"f3-27-22";124012;152180
"15383";"F32723";"f3-27-23";124012;152180
"15384";"F32724";"f3-27-24";124012;152180
"15385";"F32731";"f3-27-31";124012;152180
"15386";"F32732";"f3-27-32";124012;152180
"15387";"F32733";"f3-27-33";124012;152180
"15388";"F32734";"f3-27-34";124012;152180
"15389";"F32741";"f3-27-41";124012;152180
"15390";"F32742";"f3-27-42";124012;152180
"15391";"F32743";"f3-27-43";124012;152180
"15392";"F32744";"f3-27-44";124012;152180
"15393";"F32811";"f3-28-11";128012;152180
"15394";"F32812";"f3-28-12";128012;152180
"15395";"F32813";"f3-28-13";128012;152180
"15396";"F32814";"f3-28-14";128012;152180
"15397";"F32821";"f3-28-21";128012;152180
"15398";"F32822";"f3-28-22";128012;152180
"15399";"F32823";"f3-28-23";128012;152180
"15400";"F32824";"f3-28-24";128012;152180
"15401";"F32831";"f3-28-31";128012;152180
"15402";"F32832";"f3-28-32";128012;152180
"15403";"F32833";"f3-28-33";128012;152180
"15404";"F32834";"f3-28-34";128012;152180
"15405";"F32841";"f3-28-41";128012;152180
"15406";"F32842";"f3-28-42";128012;152180
"15407";"F32843";"f3-28-43";128012;152180
"15408";"F32844";"f3-28-44";128012;152180
"15409";"F41111";"f4-11-11";132012;156180
"15410";"F41112";"f4-11-12";132012;156180
"15411";"F41113";"f4-11-13";132012;156180
"15412";"F41114";"f4-11-14";132012;156180
"15413";"F41121";"f4-11-21";132012;156180
"15414";"F41122";"f4-11-22";132012;156180
"15415";"F41123";"f4-11-23";132012;156180
"15416";"F41124";"f4-11-24";132012;156180
"15417";"F41131";"f4-11-31";132012;156180
"15418";"F41132";"f4-11-32";132012;156180
"15419";"F41133";"f4-11-33";132012;156180
"15420";"F41134";"f4-11-34";132012;156180
"15421";"F41141";"f4-11-41";132012;156180
"15422";"F41142";"f4-11-42";132012;156180
"15423";"F41143";"f4-11-43";132012;156180
"15424";"F41144";"f4-11-44";132012;156180
"15425";"F41211";"f4-12-11";136012;156180
"15426";"F41212";"f4-12-12";136012;156180
"15427";"F41213";"f4-12-13";136012;156180
"15428";"F41214";"f4-12-14";136012;156180
"15429";"F41221";"f4-12-21";136012;156180
"15430";"F41222";"f4-12-22";136012;156180
"15431";"F41223";"f4-12-23";136012;156180
"15432";"F41224";"f4-12-24";136012;156180
"15433";"F41231";"f4-12-31";136012;156180
"15434";"F41232";"f4-12-32";136012;156180
"15435";"F41233";"f4-12-33";136012;156180
"15436";"F41234";"f4-12-34";136012;156180
"15437";"F41241";"f4-12-41";136012;156180
"15438";"F41242";"f4-12-42";136012;156180
"15439";"F41243";"f4-12-43";136012;156180
"15440";"F41244";"f4-12-44";136012;156180
"15441";"F41311";"f4-13-11";140012;156180
"15442";"F41312";"f4-13-12";140012;156180
"15443";"F41313";"f4-13-13";140012;156180
"15444";"F41314";"f4-13-14";140012;156180
"15445";"F41321";"f4-13-21";140012;156180
"15446";"F41322";"f4-13-22";140012;156180
"15447";"F41323";"f4-13-23";140012;156180
"15448";"F41324";"f4-13-24";140012;156180
"15449";"F41331";"f4-13-31";140012;156180
"15450";"F41332";"f4-13-32";140012;156180
"15451";"F41333";"f4-13-33";140012;156180
"15452";"F41334";"f4-13-34";140012;156180
"15453";"F41341";"f4-13-41";140012;156180
"15454";"F41342";"f4-13-42";140012;156180
"15455";"F41343";"f4-13-43";140012;156180
"15456";"F41344";"f4-13-44";140012;156180
"15457";"F41411";"f4-14-11";144012;156180
"15458";"F41412";"f4-14-12";144012;156180
"15459";"F41413";"f4-14-13";144012;156180
"15460";"F41414";"f4-14-14";144012;156180
"15461";"F41421";"f4-14-21";144012;156180
"15462";"F41422";"f4-14-22";144012;156180
"15463";"F41423";"f4-14-23";144012;156180
"15464";"F41424";"f4-14-24";144012;156180
"15465";"F41431";"f4-14-31";144012;156180
"15466";"F41432";"f4-14-32";144012;156180
"15467";"F41433";"f4-14-33";144012;156180
"15468";"F41434";"f4-14-34";144012;156180
"15469";"F41441";"f4-14-41";144012;156180
"15470";"F41442";"f4-14-42";144012;156180
"15471";"F41443";"f4-14-43";144012;156180
"15472";"F41444";"f4-14-44";144012;156180
"15473";"F41511";"f4-15-11";148012;156180
"15474";"F41512";"f4-15-12";148012;156180
"15475";"F41513";"f4-15-13";148012;156180
"15476";"F41514";"f4-15-14";148012;156180
"15477";"F41521";"f4-15-21";148012;156180
"15478";"F41522";"f4-15-22";148012;156180
"15479";"F41523";"f4-15-23";148012;156180
"15480";"F41524";"f4-15-24";148012;156180
"15481";"F41531";"f4-15-31";148012;156180
"15482";"F41532";"f4-15-32";148012;156180
"15483";"F41533";"f4-15-33";148012;156180
"15484";"F41534";"f4-15-34";148012;156180
"15485";"F41541";"f4-15-41";148012;156180
"15486";"F41542";"f4-15-42";148012;156180
"15487";"F41543";"f4-15-43";148012;156180
"15488";"F41544";"f4-15-44";148012;156180
"15489";"F41611";"f4-16-11";152012;156180
"15490";"F41612";"f4-16-12";152012;156180
"15491";"F41613";"f4-16-13";152012;156180
"15492";"F41614";"f4-16-14";152012;156180
"15493";"F41621";"f4-16-21";152012;156180
"15494";"F41622";"f4-16-22";152012;156180
"15495";"F41623";"f4-16-23";152012;156180
"15496";"F41624";"f4-16-24";152012;156180
"15497";"F41631";"f4-16-31";152012;156180
"15498";"F41632";"f4-16-32";152012;156180
"15499";"F41633";"f4-16-33";152012;156180
"15500";"F41634";"f4-16-34";152012;156180
"15501";"F41641";"f4-16-41";152012;156180
"15502";"F41642";"f4-16-42";152012;156180
"15503";"F41643";"f4-16-43";152012;156180
"15504";"F41644";"f4-16-44";152012;156180
"15505";"F41811";"f4-18-11";160012;156180
"15506";"F41812";"f4-18-12";160012;156180
"15507";"F41813";"f4-18-13";160012;156180
"15508";"F41814";"f4-18-14";160012;156180
"15509";"F41821";"f4-18-21";160012;156180
"15510";"F41822";"f4-18-22";160012;156180
"15511";"F41823";"f4-18-23";160012;156180
"15512";"F41824";"f4-18-24";160012;156180
"15513";"F41831";"f4-18-31";160012;156180
"15514";"F41832";"f4-18-32";160012;156180
"15515";"F41833";"f4-18-33";160012;156180
"15516";"F41834";"f4-18-34";160012;156180
"15517";"F41841";"f4-18-41";160012;156180
"15518";"F41842";"f4-18-42";160012;156180
"15519";"F41843";"f4-18-43";160012;156180
"15520";"F41844";"f4-18-44";160012;156180
"15521";"F42311";"f4-23-11";140012;152180
"15522";"F42312";"f4-23-12";140012;152180
"15523";"F42313";"f4-23-13";140012;152180
"15524";"F42314";"f4-23-14";140012;152180
"15525";"F42321";"f4-23-21";140012;152180
"15526";"F42322";"f4-23-22";140012;152180
"15527";"F42323";"f4-23-23";140012;152180
"15528";"F42324";"f4-23-24";140012;152180
"15529";"F42331";"f4-23-31";140012;152180
"15530";"F42332";"f4-23-32";140012;152180
"15531";"F42333";"f4-23-33";140012;152180
"15532";"F42334";"f4-23-34";140012;152180
"15533";"F42341";"f4-23-41";140012;152180
"15534";"F42342";"f4-23-42";140012;152180
"15535";"F42343";"f4-23-43";140012;152180
"15536";"F42344";"f4-23-44";140012;152180
"15537";"F42411";"f4-24-11";144012;152180
"15538";"F42412";"f4-24-12";144012;152180
"15539";"F42413";"f4-24-13";144012;152180
"15540";"F42414";"f4-24-14";144012;152180
"15541";"F42421";"f4-24-21";144012;152180
"15542";"F42422";"f4-24-22";144012;152180
"15543";"F42423";"f4-24-23";144012;152180
"15544";"F42424";"f4-24-24";144012;152180
"15545";"F42431";"f4-24-31";144012;152180
"15546";"F42432";"f4-24-32";144012;152180
"15547";"F42433";"f4-24-33";144012;152180
"15548";"F42434";"f4-24-34";144012;152180
"15549";"F42441";"f4-24-41";144012;152180
"15550";"F42442";"f4-24-42";144012;152180
"15551";"F42443";"f4-24-43";144012;152180
"15552";"F42444";"f4-24-44";144012;152180
"15553";"F61111";"f6-11-11";196012;156180
"15554";"F61112";"f6-11-12";196012;156180
"15555";"F61113";"f6-11-13";196012;156180
"15556";"F61114";"f6-11-14";196012;156180
"15557";"F61121";"f6-11-21";196012;156180
"15558";"F61122";"f6-11-22";196012;156180
"15559";"F61123";"f6-11-23";196012;156180
"15560";"F61124";"f6-11-24";196012;156180
"15561";"F61131";"f6-11-31";196012;156180
"15562";"F61132";"f6-11-32";196012;156180
"15563";"F61133";"f6-11-33";196012;156180
"15564";"F61134";"f6-11-34";196012;156180
"15565";"F61141";"f6-11-41";196012;156180
"15566";"F61142";"f6-11-42";196012;156180
"15567";"F61143";"f6-11-43";196012;156180
"15568";"F61144";"f6-11-44";196012;156180
"15569";"F61211";"f6-12-11";200012;156180
"15570";"F61212";"f6-12-12";200012;156180
"15571";"F61213";"f6-12-13";200012;156180
"15572";"F61214";"f6-12-14";200012;156180
"15573";"F61221";"f6-12-21";200012;156180
"15574";"F61222";"f6-12-22";200012;156180
"15575";"F61223";"f6-12-23";200012;156180
"15576";"F61224";"f6-12-24";200012;156180
"15577";"F61231";"f6-12-31";200012;156180
"15578";"F61232";"f6-12-32";200012;156180
"15579";"F61233";"f6-12-33";200012;156180
"15580";"F61234";"f6-12-34";200012;156180
"15581";"F61241";"f6-12-41";200012;156180
"15582";"F61242";"f6-12-42";200012;156180
"15583";"F61243";"f6-12-43";200012;156180
"15584";"F61244";"f6-12-44";200012;156180
"15585";"F61311";"f6-13-11";204012;156180
"15586";"F61312";"f6-13-12";204012;156180
"15587";"F61313";"f6-13-13";204012;156180
"15588";"F61314";"f6-13-14";204012;156180
"15589";"F61321";"f6-13-21";204012;156180
"15590";"F61322";"f6-13-22";204012;156180
"15591";"F61323";"f6-13-23";204012;156180
"15592";"F61324";"f6-13-24";204012;156180
"15593";"F61331";"f6-13-31";204012;156180
"15594";"F61332";"f6-13-32";204012;156180
"15595";"F61333";"f6-13-33";204012;156180
"15596";"F61334";"f6-13-34";204012;156180
"15597";"F61341";"f6-13-41";204012;156180
"15598";"F61342";"f6-13-42";204012;156180
"15599";"F61343";"f6-13-43";204012;156180
"15600";"F61344";"f6-13-44";204012;156180
"15601";"F61411";"f6-14-11";208012;156180
"15602";"F61412";"f6-14-12";208012;156180
"15603";"F61413";"f6-14-13";208012;156180
"15604";"F61414";"f6-14-14";208012;156180
"15605";"F61421";"f6-14-21";208012;156180
"15606";"F61422";"f6-14-22";208012;156180
"15607";"F61423";"f6-14-23";208012;156180
"15608";"F61424";"f6-14-24";208012;156180
"15609";"F61431";"f6-14-31";208012;156180
"15610";"F61432";"f6-14-32";208012;156180
"15611";"F61433";"f6-14-33";208012;156180
"15612";"F61434";"f6-14-34";208012;156180
"15613";"F61441";"f6-14-41";208012;156180
"15614";"F61442";"f6-14-42";208012;156180
"15615";"F61443";"f6-14-43";208012;156180
"15616";"F61444";"f6-14-44";208012;156180
"15617";"F61511";"f6-15-11";212012;156180
"15618";"F61512";"f6-15-12";212012;156180
"15619";"F61513";"f6-15-13";212012;156180
"15620";"F61514";"f6-15-14";212012;156180
"15621";"F61521";"f6-15-21";212012;156180
"15622";"F61522";"f6-15-22";212012;156180
"15623";"F61523";"f6-15-23";212012;156180
"15624";"F61524";"f6-15-24";212012;156180
"15625";"F61531";"f6-15-31";212012;156180
"15626";"F61532";"f6-15-32";212012;156180
"15627";"F61533";"f6-15-33";212012;156180
"15628";"F61534";"f6-15-34";212012;156180
"15629";"F61541";"f6-15-41";212012;156180
"15630";"F61542";"f6-15-42";212012;156180
"15631";"F61543";"f6-15-43";212012;156180
"15632";"F61544";"f6-15-44";212012;156180
"15633";"F61611";"f6-16-11";216012;156180
"15634";"F61612";"f6-16-12";216012;156180
"15635";"F61613";"f6-16-13";216012;156180
"15636";"F61614";"f6-16-14";216012;156180
"15637";"F61621";"f6-16-21";216012;156180
"15638";"F61622";"f6-16-22";216012;156180
"15639";"F61623";"f6-16-23";216012;156180
"15640";"F61624";"f6-16-24";216012;156180
"15641";"F61631";"f6-16-31";216012;156180
"15642";"F61632";"f6-16-32";216012;156180
"15643";"F61633";"f6-16-33";216012;156180
"15644";"F61634";"f6-16-34";216012;156180
"15645";"F61641";"f6-16-41";216012;156180
"15646";"F61642";"f6-16-42";216012;156180
"15647";"F61643";"f6-16-43";216012;156180
"15648";"F61644";"f6-16-44";216012;156180
"15649";"F61811";"f6-18-11";224012;156180
"15650";"F61812";"f6-18-12";224012;156180
"15651";"F61813";"f6-18-13";224012;156180
"15652";"F61814";"f6-18-14";224012;156180
"15653";"F61821";"f6-18-21";224012;156180
"15654";"F61822";"f6-18-22";224012;156180
"15655";"F61823";"f6-18-23";224012;156180
"15656";"F61824";"f6-18-24";224012;156180
"15657";"F61831";"f6-18-31";224012;156180
"15658";"F61832";"f6-18-32";224012;156180
"15659";"F61833";"f6-18-33";224012;156180
"15660";"F61834";"f6-18-34";224012;156180
"15661";"F61841";"f6-18-41";224012;156180
"15662";"F61842";"f6-18-42";224012;156180
"15663";"F61843";"f6-18-43";224012;156180
"15664";"F61844";"f6-18-44";224012;156180
"15665";"F62311";"f6-23-11";204012;152180
"15666";"F62312";"f6-23-12";204012;152180
"15667";"F62313";"f6-23-13";204012;152180
"15668";"F62314";"f6-23-14";204012;152180
"15669";"F62321";"f6-23-21";204012;152180
"15670";"F62322";"f6-23-22";204012;152180
"15671";"F62323";"f6-23-23";204012;152180
"15672";"F62324";"f6-23-24";204012;152180
"15673";"F62331";"f6-23-31";204012;152180
"15674";"F62332";"f6-23-32";204012;152180
"15675";"F62333";"f6-23-33";204012;152180
"15676";"F62334";"f6-23-34";204012;152180
"15677";"F62341";"f6-23-41";204012;152180
"15678";"F62342";"f6-23-42";204012;152180
"15679";"F62343";"f6-23-43";204012;152180
"15680";"F62344";"f6-23-44";204012;152180
"15681";"F71111";"f7-11-11";228012;156180
"15682";"F71112";"f7-11-12";228012;156180
"15683";"F71113";"f7-11-13";228012;156180
"15684";"F71114";"f7-11-14";228012;156180
"15685";"F71121";"f7-11-21";228012;156180
"15686";"F71122";"f7-11-22";228012;156180
"15687";"F71123";"f7-11-23";228012;156180
"15688";"F71124";"f7-11-24";228012;156180
"15689";"F71131";"f7-11-31";228012;156180
"15690";"F71132";"f7-11-32";228012;156180
"15691";"F71133";"f7-11-33";228012;156180
"15692";"F71134";"f7-11-34";228012;156180
"15693";"F71141";"f7-11-41";228012;156180
"15694";"F71142";"f7-11-42";228012;156180
"15695";"F71143";"f7-11-43";228012;156180
"15696";"F71144";"f7-11-44";228012;156180
"15697";"F71711";"f7-17-11";252012;156180
"15698";"F71712";"f7-17-12";252012;156180
"15699";"F71713";"f7-17-13";252012;156180
"15700";"F71714";"f7-17-14";252012;156180
"15701";"F71721";"f7-17-21";252012;156180
"15702";"F71722";"f7-17-22";252012;156180
"15703";"F71723";"f7-17-23";252012;156180
"15704";"F71724";"f7-17-24";252012;156180
"15705";"F71731";"f7-17-31";252012;156180
"15706";"F71732";"f7-17-32";252012;156180
"15707";"F71733";"f7-17-33";252012;156180
"15708";"F71734";"f7-17-34";252012;156180
"15709";"F71741";"f7-17-41";252012;156180
"15710";"F71742";"f7-17-42";252012;156180
"15711";"F71743";"f7-17-43";252012;156180
"15712";"F71744";"f7-17-44";252012;156180
"15713";"F71811";"f7-18-11";256012;156180
"15714";"F71812";"f7-18-12";256012;156180
"15715";"F71813";"f7-18-13";256012;156180
"15716";"F71814";"f7-18-14";256012;156180
"15717";"F71821";"f7-18-21";256012;156180
"15718";"F71822";"f7-18-22";256012;156180
"15719";"F71823";"f7-18-23";256012;156180
"15720";"F71824";"f7-18-24";256012;156180
"15721";"F71831";"f7-18-31";256012;156180
"15722";"F71832";"f7-18-32";256012;156180
"15723";"F71833";"f7-18-33";256012;156180
"15724";"F71834";"f7-18-34";256012;156180
"15725";"F71841";"f7-18-41";256012;156180
"15726";"F71842";"f7-18-42";256012;156180
"15727";"F71843";"f7-18-43";256012;156180
"15728";"F71844";"f7-18-44";256012;156180
